user_id,title,rating
1,The Apothecary Diaries,4
1,Steins;Gate,5
1,Banana Fish,4
1,Laid-Back Camp,2
1,The Promised Neverland,4
1,Toradora!,4
1,Kaguya-sama: Love is War,4
1,Dandadan,5
1,Your Lie in April,4
1,Erased,4
1,Death Note,4
1,Fruits Basket,4
1,One Piece,3
1,Yuri!!! on Ice,1
1,Spy x Family,4
1,Attack on Titan,4
1,Mob Psycho 100,2
1,Rascal Does Not Dream of Bunny Girl Senpai,4
1,Mushishi,3
1,Code Geass,3
1,Sword Art Online,2
1,Psycho-Pass,3
1,My Dress-Up Darling,4
2,Spy x Family,4
2,Attack on Titan,5
2,Horimiya,4
2,Death Note,5
2,Odd Taxi,4
2,Code Geass,4
2,Jujutsu Kaisen,2
2,KONOSUBA -God's blessing on this wonderful world!,1
2,Clannad After Story,3
2,Fruits Basket,3
2,The Promised Neverland,3
2,Erased,4
2,Psycho-Pass,3
2,Bleach,2
2,Steins;Gate,5
2,The Apothecary Diaries,4
2,My Dress-Up Darling,4
3,Steins;Gate,3
3,Assassination Classroom,4
3,Blue Lock,3
3,Clannad After Story,2
3,Haikyu!!,5
3,Yuri!!! on Ice,5
3,Toradora!,3
3,Wind Breaker,4
3,Dragon Ball Super,3
3,Bocchi the Rock!,2
3,Kuroko's Basketball,4
4,The Apothecary Diaries,5
4,Attack on Titan,5
4,Banana Fish,4
4,Frieren: Beyond Journey's End,4
4,Made in Abyss,4
4,Hunter x Hunter,5
4,Dragon Ball Super,4
4,Steins;Gate,5
4,Death Note,5
4,Kuroko's Basketball,2
4,Code Geass,4
4,Naruto,2
5,Odd Taxi,4
5,Erased,5
5,Death Note,5
5,Banana Fish,5
5,Psycho-Pass,4
5,Log Horizon,1
5,Steins;Gate,4
5,Attack on Titan,5
5,Code Geass,5
5,Made in Abyss,2
5,The Promised Neverland,4
5,The Apothecary Diaries,5
5,Tokyo Ghoul,1
6,Assassination Classroom,4
6,Kaguya-sama: Love is War,3
6,One-Punch Man,4
6,Jujutsu Kaisen,2
6,Frieren: Beyond Journey's End,3
6,Bocchi the Rock!,4
6,Nichijou - My Ordinary Life,3
6,Vinland Saga,1
6,Cowboy Bebop,2
6,Gintama,3
6,Spy x Family,4
6,KONOSUBA -God's blessing on this wonderful world!,3
6,Made in Abyss,2
6,Mashle: Magic and Muscles,3
6,Mob Psycho 100,3
6,Demon Slayer: Kimetsu no Yaiba,3
6,Clannad After Story,1
6,Laid-Back Camp,2
6,Re:ZERO -Starting Life in Another World-,3
6,Jojo's Bizarre Adventure,4
6,Your Lie in April,1
7,Skip and Loafer,4
7,Spy x Family,5
7,Frieren: Beyond Journey's End,4
7,Mashle: Magic and Muscles,2
7,Vinland Saga,2
7,One Piece,2
7,Solo Leveling,2
7,Code Geass,2
8,KONOSUBA -God's blessing on this wonderful world!,3
8,Laid-Back Camp,2
8,Spy x Family,4
8,Mob Psycho 100,4
8,Horimiya,2
8,Kaiju No. 8,2
8,Assassination Classroom,4
8,One-Punch Man,5
8,Erased,1
8,Mashle: Magic and Muscles,4
9,Spy x Family,5
9,Log Horizon,5
9,Re:ZERO -Starting Life in Another World-,5
9,The Rising of the Shield Hero,5
9,Mushoku Tensei: Jobless Reincarnation,5
9,Overlord,5
9,Laid-Back Camp,5
9,That Time I Got Reincarnated as a Slime,5
10,Naruto,4
10,Bocchi the Rock!,4
10,Dandadan,4
10,One Piece,3
10,Haikyu!!,4
10,Chainsaw Man,4
10,Jujutsu Kaisen,4
10,Banana Fish,2
10,Jojo's Bizarre Adventure,4
10,Mushishi,3
10,My Hero Academia,3
10,Solo Leveling,3
10,Your Lie in April,2
10,The Apothecary Diaries,4
10,Frieren: Beyond Journey's End,3
10,Spy x Family,4
10,Skip and Loafer,4
10,Neon Genesis Evangelion,1
10,Ranking of Kings,3
10,Naruto Shippuden,4
11,Assassination Classroom,3
11,Fruits Basket,2
11,The Eminence in Shadow,3
11,Solo Leveling,4
11,Mashle: Magic and Muscles,4
11,Sword Art Online,4
11,Overlord,5
11,Log Horizon,4
11,Jujutsu Kaisen,3
11,Mushoku Tensei: Jobless Reincarnation,4
11,Re:ZERO -Starting Life in Another World-,5
11,KONOSUBA -God's blessing on this wonderful world!,4
11,That Time I Got Reincarnated as a Slime,4
12,Yuri!!! on Ice,4
12,Solo Leveling,4
12,Demon Slayer: Kimetsu no Yaiba,2
12,Blue Lock,4
12,Wind Breaker,5
12,KONOSUBA -God's blessing on this wonderful world!,4
12,Mashle: Magic and Muscles,3
12,The Eminence in Shadow,5
12,Dandadan,2
12,Re:ZERO -Starting Life in Another World-,5
12,That Time I Got Reincarnated as a Slime,4
12,Haikyu!!,4
12,Bocchi the Rock!,2
12,Free! - Iwatobi Swim Club,5
12,The Rising of the Shield Hero,5
12,Kuroko's Basketball,4
12,Assassination Classroom,4
12,Rascal Does Not Dream of Bunny Girl Senpai,3
12,Hunter x Hunter,2
12,Naruto,2
12,Mushoku Tensei: Jobless Reincarnation,4
12,My Hero Academia,2
12,Fullmetal Alchemist: Brotherhood,2
12,Jojo's Bizarre Adventure,1
13,Attack on Titan,5
13,Code Geass,4
13,Steins;Gate,5
13,The Apothecary Diaries,4
13,The Promised Neverland,4
13,Haikyu!!,2
13,Death Note,5
13,Erased,4
13,Clannad After Story,3
13,Fruits Basket,3
13,Odd Taxi,5
13,Overlord,2
14,Horimiya,5
14,Your Lie in April,4
14,Chainsaw Man,2
14,Kuroko's Basketball,2
14,Cowboy Bebop,1
14,Toradora!,4
14,Spy x Family,4
14,Fruits Basket,4
14,My Dress-Up Darling,4
15,Spy x Family,5
15,Free! - Iwatobi Swim Club,3
15,Assassination Classroom,2
15,Fruits Basket,4
15,Laid-Back Camp,2
15,Banana Fish,3
15,My Dress-Up Darling,3
15,Toradora!,5
15,Fire Force,2
16,Vinland Saga,2
16,Haikyu!!,4
16,Wind Breaker,4
16,Free! - Iwatobi Swim Club,4
16,Dandadan,2
16,Mob Psycho 100,3
16,Kuroko's Basketball,4
16,Yuri!!! on Ice,4
16,Blue Lock,3
16,Kaiju No. 8,2
16,Clannad After Story,2
16,Assassination Classroom,3
16,Gintama,2
16,KONOSUBA -God's blessing on this wonderful world!,2
16,Overlord,1
17,Kaguya-sama: Love is War,4
17,The Promised Neverland,3
17,Mashle: Magic and Muscles,4
17,Gintama,3
17,Banana Fish,3
17,Erased,4
17,Kaiju No. 8,2
17,Mob Psycho 100,4
17,Spy x Family,3
17,The Apothecary Diaries,4
17,Bocchi the Rock!,3
17,Death Note,4
17,Code Geass,3
17,Attack on Titan,4
17,Made in Abyss,1
17,Psycho-Pass,3
17,Assassination Classroom,4
17,KONOSUBA -God's blessing on this wonderful world!,4
18,Kaiju No. 8,4
18,Demon Slayer: Kimetsu no Yaiba,5
18,Black Clover,3
18,Fruits Basket,2
18,My Hero Academia,4
18,Wind Breaker,5
18,Toradora!,2
18,One Piece,5
18,Naruto,3
18,Naruto Shippuden,4
18,Vinland Saga,3
18,Chainsaw Man,4
18,Jujutsu Kaisen,4
18,Fire Force,5
18,Dragon Ball Super,4
18,Dandadan,3
18,Ranking of Kings,2
18,Solo Leveling,4
19,KONOSUBA -God's blessing on this wonderful world!,1
19,Spy x Family,4
19,Dandadan,3
19,Haikyu!!,4
19,Bocchi the Rock!,3
19,Laid-Back Camp,4
19,Nichijou - My Ordinary Life,4
19,The Rising of the Shield Hero,1
19,Frieren: Beyond Journey's End,3
19,Mushishi,4
19,Skip and Loafer,4
19,The Apothecary Diaries,4
19,Ranking of Kings,4
19,Solo Leveling,2
19,Death Note,2
19,Naruto,2
19,Log Horizon,1
19,The Eminence in Shadow,1
19,Fullmetal Alchemist: Brotherhood,1
19,Dr. Stone,4
19,Jujutsu Kaisen,2
19,Demon Slayer: Kimetsu no Yaiba,2
19,Black Clover,2
20,Code Geass,5
20,Gintama,3
20,Steins;Gate,4
20,Death Note,3
20,Banana Fish,5
20,Attack on Titan,5
20,The Promised Neverland,3
20,Dr. Stone,1
20,Psycho-Pass,4
20,Odd Taxi,5
21,Dandadan,5
21,Mushoku Tensei: Jobless Reincarnation,5
21,Mashle: Magic and Muscles,4
21,Kaguya-sama: Love is War,5
21,My Dress-Up Darling,5
21,The Eminence in Shadow,4
21,Log Horizon,4
21,Yuri!!! on Ice,3
21,Overlord,5
21,Clannad After Story,5
21,KONOSUBA -God's blessing on this wonderful world!,5
21,Spy x Family,5
21,Vinland Saga,3
21,Solo Leveling,5
21,Hunter x Hunter,2
21,Re:ZERO -Starting Life in Another World-,5
21,Your Lie in April,4
21,Rascal Does Not Dream of Bunny Girl Senpai,4
21,Fruits Basket,5
21,The Rising of the Shield Hero,5
21,Laid-Back Camp,2
22,One Piece,5
22,Kaiju No. 8,3
22,Hell's Paradise,3
22,Fire Force,3
22,My Hero Academia,4
22,Fruits Basket,2
22,Odd Taxi,2
22,Dragon Ball Super,5
22,Jojo's Bizarre Adventure,2
22,Black Clover,4
22,Demon Slayer: Kimetsu no Yaiba,5
22,Dandadan,4
22,Jujutsu Kaisen,4
22,Wind Breaker,4
22,Naruto,3
22,Psycho-Pass,2
22,Mashle: Magic and Muscles,3
23,Fire Force,2
23,Rascal Does Not Dream of Bunny Girl Senpai,3
23,Dandadan,4
23,Dr. Stone,1
23,Solo Leveling,3
23,My Dress-Up Darling,4
23,Toradora!,4
23,Hell's Paradise,3
23,Wind Breaker,3
23,Spy x Family,3
23,Naruto Shippuden,4
23,One Piece,4
23,Fruits Basket,3
23,Black Clover,2
23,Bleach,2
23,Chainsaw Man,3
23,Your Lie in April,3
23,My Hero Academia,3
23,Jujutsu Kaisen,4
23,Horimiya,3
23,Kaguya-sama: Love is War,4
23,Naruto,3
23,Demon Slayer: Kimetsu no Yaiba,3
23,Jojo's Bizarre Adventure,4
23,Dragon Ball Super,2
24,Dandadan,5
24,One Piece,5
24,The Eminence in Shadow,2
24,Jujutsu Kaisen,5
24,Wind Breaker,5
24,Naruto Shippuden,5
24,Kaiju No. 8,5
24,Chainsaw Man,5
24,My Hero Academia,5
24,Solo Leveling,5
24,Skip and Loafer,3
24,Naruto,4
24,Black Clover,5
24,Jojo's Bizarre Adventure,3
24,Dragon Ball Super,5
24,Hell's Paradise,2
24,Death Note,2
24,Demon Slayer: Kimetsu no Yaiba,5
24,Bleach,5
24,Mashle: Magic and Muscles,2
24,Fullmetal Alchemist: Brotherhood,3
25,Hell's Paradise,5
25,Dragon Ball Super,5
25,Dandadan,4
25,One Piece,5
25,Wind Breaker,4
25,My Hero Academia,4
25,Attack on Titan,3
25,Jojo's Bizarre Adventure,5
25,Naruto Shippuden,5
25,Demon Slayer: Kimetsu no Yaiba,5
25,Solo Leveling,4
25,Jujutsu Kaisen,5
25,Chainsaw Man,5
25,Naruto,4
25,Odd Taxi,3
25,Sword Art Online,2
25,Horimiya,3
25,Fullmetal Alchemist: Brotherhood,2
25,Kaiju No. 8,4
25,Fire Force,5
25,Black Clover,5
26,Nichijou - My Ordinary Life,4
26,One Piece,3
26,Spy x Family,5
26,Frieren: Beyond Journey's End,4
26,Skip and Loafer,5
26,Mushishi,5
26,Log Horizon,2
26,Psycho-Pass,3
26,Hell's Paradise,3
26,Dandadan,3
26,Blue Lock,2
26,Bocchi the Rock!,4
26,Ranking of Kings,4
26,Haikyu!!,5
26,Death Note,2
26,Toradora!,3
26,The Eminence in Shadow,2
26,The Apothecary Diaries,4
26,Laid-Back Camp,5
27,Haikyu!!,5
27,Free! - Iwatobi Swim Club,5
27,Yuri!!! on Ice,5
27,Kuroko's Basketball,5
27,Wind Breaker,5
27,Kaguya-sama: Love is War,4
27,Demon Slayer: Kimetsu no Yaiba,4
27,Re:ZERO -Starting Life in Another World-,3
27,Assassination Classroom,5
27,One-Punch Man,3
27,Your Lie in April,4
27,Ranking of Kings,3
27,Steins;Gate,3
27,Dr. Stone,3
27,Blue Lock,5
28,KONOSUBA -God's blessing on this wonderful world!,3
28,Chainsaw Man,4
28,Gintama,4
28,Jojo's Bizarre Adventure,4
28,Mob Psycho 100,5
28,Tokyo Ghoul,2
28,Fire Force,5
28,Jujutsu Kaisen,4
28,Bocchi the Rock!,4
28,One-Punch Man,4
28,Dandadan,4
28,Kaiju No. 8,5
28,Black Clover,3
28,Cowboy Bebop,1
28,Re:ZERO -Starting Life in Another World-,2
28,Wind Breaker,4
28,One Piece,5
28,Spy x Family,5
28,Demon Slayer: Kimetsu no Yaiba,4
28,Attack on Titan,3
28,Solo Leveling,5
28,Erased,2
28,Kaguya-sama: Love is War,5
28,Dragon Ball Super,4
28,Naruto,4
29,Mashle: Magic and Muscles,3
29,Assassination Classroom,3
29,Black Clover,2
29,Code Geass,1
29,Bocchi the Rock!,3
29,KONOSUBA -God's blessing on this wonderful world!,4
29,Gintama,4
29,Yuri!!! on Ice,2
29,The Apothecary Diaries,1
29,Dandadan,2
29,Naruto,1
29,Hunter x Hunter,2
29,Kaguya-sama: Love is War,4
30,The Apothecary Diaries,5
30,Steins;Gate,5
30,Odd Taxi,4
30,Code Geass,3
30,Banana Fish,3
30,Attack on Titan,4
30,Skip and Loafer,2
30,Demon Slayer: Kimetsu no Yaiba,2
30,Mob Psycho 100,2
30,Death Note,5
30,Psycho-Pass,4
30,The Promised Neverland,5
30,That Time I Got Reincarnated as a Slime,3
30,Erased,3
30,Kaiju No. 8,3
30,One-Punch Man,2
30,Solo Leveling,3
30,Black Clover,2
30,Fruits Basket,2
30,Ranking of Kings,1
30,Chainsaw Man,2
30,Log Horizon,1
30,KONOSUBA -God's blessing on this wonderful world!,3
31,Rascal Does Not Dream of Bunny Girl Senpai,4
31,Fruits Basket,5
31,Horimiya,4
31,Toradora!,5
31,Re:ZERO -Starting Life in Another World-,3
31,Spy x Family,4
31,Your Lie in April,5
31,Kaguya-sama: Love is War,3
31,Clannad After Story,3
31,Kuroko's Basketball,3
31,Dandadan,5
31,My Dress-Up Darling,5
31,Chainsaw Man,2
31,The Eminence in Shadow,2
31,Death Note,4
32,Chainsaw Man,3
32,Dandadan,4
32,Black Clover,2
32,Jojo's Bizarre Adventure,3
32,Kaiju No. 8,3
32,Steins;Gate,2
32,Bleach,3
32,Demon Slayer: Kimetsu no Yaiba,4
32,Free! - Iwatobi Swim Club,1
32,My Hero Academia,4
32,Solo Leveling,3
33,Made in Abyss,2
33,Steins;Gate,4
33,Laid-Back Camp,2
33,Death Note,3
33,The Apothecary Diaries,5
33,Attack on Titan,4
33,Code Geass,3
33,Kaguya-sama: Love is War,3
33,Solo Leveling,2
33,Banana Fish,4
33,Odd Taxi,4
33,The Eminence in Shadow,1
33,Mob Psycho 100,2
33,Erased,5
33,Yuri!!! on Ice,2
34,Fire Force,3
34,My Hero Academia,5
34,One-Punch Man,3
34,Demon Slayer: Kimetsu no Yaiba,4
34,Jojo's Bizarre Adventure,5
34,Naruto Shippuden,4
34,Chainsaw Man,5
34,Jujutsu Kaisen,4
34,Kaiju No. 8,4
34,Bocchi the Rock!,2
34,Dandadan,4
34,Assassination Classroom,3
34,Black Clover,5
34,Wind Breaker,5
34,Nichijou - My Ordinary Life,2
34,Solo Leveling,5
34,Dr. Stone,2
34,Bleach,5
34,One Piece,4
34,Blue Lock,3
34,Mob Psycho 100,3
34,Dragon Ball Super,4
34,Your Lie in April,4
34,Naruto,5
35,Clannad After Story,5
35,Kaguya-sama: Love is War,4
35,My Dress-Up Darling,5
35,Kuroko's Basketball,4
35,Rascal Does Not Dream of Bunny Girl Senpai,5
35,Horimiya,4
35,Yuri!!! on Ice,5
35,Wind Breaker,4
35,Spy x Family,4
35,Your Lie in April,4
35,Banana Fish,3
35,KONOSUBA -God's blessing on this wonderful world!,2
35,Blue Lock,3
35,Toradora!,3
35,Free! - Iwatobi Swim Club,3
35,My Hero Academia,1
35,Assassination Classroom,4
35,Haikyu!!,5
35,One-Punch Man,2
35,Dandadan,3
35,The Promised Neverland,2
36,Banana Fish,4
36,Vinland Saga,1
36,Steins;Gate,4
36,Psycho-Pass,4
36,Toradora!,2
36,Odd Taxi,4
36,Erased,4
36,The Promised Neverland,3
37,Clannad After Story,4
37,My Dress-Up Darling,4
37,The Apothecary Diaries,3
37,Kaguya-sama: Love is War,5
37,Horimiya,4
37,Spy x Family,3
37,Toradora!,4
37,Rascal Does Not Dream of Bunny Girl Senpai,4
37,Fruits Basket,5
37,Dragon Ball Super,3
37,Dandadan,4
37,Your Lie in April,5
37,Kaiju No. 8,2
37,Ranking of Kings,3
37,Kuroko's Basketball,1
38,Steins;Gate,4
38,Death Note,5
38,The Apothecary Diaries,5
38,Dragon Ball Super,2
38,Psycho-Pass,5
38,Vinland Saga,4
38,Attack on Titan,5
38,The Eminence in Shadow,2
38,Erased,3
38,Cowboy Bebop,5
38,The Promised Neverland,4
38,Fullmetal Alchemist: Brotherhood,5
38,Mushishi,4
38,Solo Leveling,2
38,Code Geass,5
38,Banana Fish,4
38,KONOSUBA -God's blessing on this wonderful world!,3
38,Mushoku Tensei: Jobless Reincarnation,3
38,Made in Abyss,5
38,Frieren: Beyond Journey's End,5
38,Odd Taxi,5
38,Hunter x Hunter,4
38,Demon Slayer: Kimetsu no Yaiba,3
39,Spy x Family,4
39,My Dress-Up Darling,4
39,Kaguya-sama: Love is War,4
39,Clannad After Story,3
39,Dandadan,3
39,Toradora!,3
39,Bocchi the Rock!,2
39,Fruits Basket,4
39,One Piece,2
39,Tokyo Ghoul,1
39,Rascal Does Not Dream of Bunny Girl Senpai,4
39,Your Lie in April,3
39,Overlord,1
39,Made in Abyss,1
39,Kuroko's Basketball,2
40,Death Note,3
40,The Apothecary Diaries,5
40,Laid-Back Camp,3
40,Spy x Family,5
40,The Promised Neverland,4
40,The Eminence in Shadow,4
40,Erased,3
40,Skip and Loafer,4
41,Jujutsu Kaisen,4
41,My Hero Academia,3
41,Kaiju No. 8,4
41,Naruto Shippuden,5
41,Dandadan,4
41,Bleach,4
41,Jojo's Bizarre Adventure,5
41,Naruto,4
41,Hell's Paradise,3
41,Overlord,1
41,Demon Slayer: Kimetsu no Yaiba,5
41,One Piece,4
41,Gintama,2
41,Fire Force,4
41,Solo Leveling,4
41,Banana Fish,2
41,Chainsaw Man,4
41,Dragon Ball Super,3
41,Black Clover,5
41,Wind Breaker,3
41,Fruits Basket,2
41,Code Geass,3
41,Death Note,3
41,Attack on Titan,2
41,The Eminence in Shadow,2
42,Hell's Paradise,3
42,Kaiju No. 8,4
42,Black Clover,4
42,Gintama,2
42,Solo Leveling,4
42,Naruto,4
42,Chainsaw Man,4
42,Dandadan,5
42,Naruto Shippuden,4
42,One Piece,5
42,Clannad After Story,2
42,Jujutsu Kaisen,4
42,Dragon Ball Super,3
42,Bocchi the Rock!,4
42,Jojo's Bizarre Adventure,5
42,My Hero Academia,4
42,The Rising of the Shield Hero,1
42,Re:ZERO -Starting Life in Another World-,2
42,Fruits Basket,2
42,My Dress-Up Darling,3
42,Spy x Family,3
43,Assassination Classroom,4
43,Blue Lock,4
43,Kuroko's Basketball,4
43,Toradora!,1
43,Haikyu!!,5
43,Steins;Gate,3
43,Attack on Titan,3
43,Kaiju No. 8,3
43,Cowboy Bebop,1
43,Naruto Shippuden,1
43,Yuri!!! on Ice,5
43,Sword Art Online,2
43,Wind Breaker,4
43,Vinland Saga,2
43,Skip and Loafer,3
44,Dandadan,3
44,Banana Fish,4
44,One Piece,3
44,Death Note,4
44,My Hero Academia,4
44,Steins;Gate,4
44,Jojo's Bizarre Adventure,4
44,Wind Breaker,4
44,Dragon Ball Super,4
44,Naruto,4
44,Code Geass,3
44,The Apothecary Diaries,4
44,Fire Force,4
44,Neon Genesis Evangelion,2
44,Naruto Shippuden,3
44,Demon Slayer: Kimetsu no Yaiba,4
44,Jujutsu Kaisen,3
44,Odd Taxi,5
45,Steins;Gate,3
45,Mashle: Magic and Muscles,3
45,The Apothecary Diaries,4
45,One-Punch Man,5
45,Bocchi the Rock!,5
45,The Promised Neverland,3
46,Skip and Loafer,1
46,Demon Slayer: Kimetsu no Yaiba,4
46,My Hero Academia,5
46,Frieren: Beyond Journey's End,3
46,Hell's Paradise,4
46,Dandadan,5
46,Jujutsu Kaisen,4
46,Solo Leveling,4
46,Code Geass,2
46,One Piece,4
46,Naruto,4
46,Fire Force,3
46,Black Clover,4
47,Hell's Paradise,3
47,My Hero Academia,5
47,Fire Force,4
47,Chainsaw Man,4
47,Dragon Ball Super,3
47,Jujutsu Kaisen,4
47,Kaiju No. 8,4
47,Solo Leveling,3
47,Black Clover,4
47,Naruto,3
47,Jojo's Bizarre Adventure,4
47,Bleach,3
47,One Piece,4
47,Assassination Classroom,2
47,Fullmetal Alchemist: Brotherhood,2
47,Wind Breaker,4
47,Naruto Shippuden,3
47,Made in Abyss,2
47,Dandadan,4
47,Banana Fish,2
47,Demon Slayer: Kimetsu no Yaiba,4
47,Kuroko's Basketball,2
48,My Hero Academia,2
48,Laid-Back Camp,4
48,The Apothecary Diaries,4
48,Nichijou - My Ordinary Life,4
48,Dr. Stone,5
48,Chainsaw Man,3
48,Spy x Family,5
48,Haikyu!!,5
48,Skip and Loafer,5
48,Bocchi the Rock!,5
48,Demon Slayer: Kimetsu no Yaiba,3
49,KONOSUBA -God's blessing on this wonderful world!,4
49,Kaguya-sama: Love is War,4
49,Mob Psycho 100,3
49,Steins;Gate,5
49,Banana Fish,4
49,Attack on Titan,4
50,Hunter x Hunter,4
50,Spy x Family,5
50,Banana Fish,5
50,The Apothecary Diaries,5
50,Ranking of Kings,5
50,Fullmetal Alchemist: Brotherhood,4
50,Made in Abyss,4
50,Toradora!,2
50,Steins;Gate,5
50,Overlord,3
50,Haikyu!!,5
50,Vinland Saga,4
50,Attack on Titan,5
50,Free! - Iwatobi Swim Club,2
50,Dr. Stone,5
50,Skip and Loafer,5
51,The Eminence in Shadow,4
51,Haikyu!!,4
51,Nichijou - My Ordinary Life,4
51,Ranking of Kings,4
51,Mushoku Tensei: Jobless Reincarnation,4
51,Frieren: Beyond Journey's End,4
51,The Apothecary Diaries,5
51,Naruto Shippuden,2
51,Re:ZERO -Starting Life in Another World-,5
51,Solo Leveling,5
51,Dr. Stone,4
51,KONOSUBA -God's blessing on this wonderful world!,3
51,That Time I Got Reincarnated as a Slime,5
51,Overlord,4
51,Horimiya,1
51,Spy x Family,4
51,Death Note,3
51,One Piece,2
51,Log Horizon,3
51,Skip and Loafer,5
51,Assassination Classroom,2
51,Mashle: Magic and Muscles,4
52,Mob Psycho 100,4
52,Kaguya-sama: Love is War,5
52,KONOSUBA -God's blessing on this wonderful world!,4
52,Spy x Family,5
52,Mashle: Magic and Muscles,4
52,One-Punch Man,4
52,The Apothecary Diaries,4
52,Bocchi the Rock!,5
52,Nichijou - My Ordinary Life,3
52,Mushishi,2
52,Code Geass,2
52,Assassination Classroom,5
52,Gintama,4
52,Erased,2
53,Jujutsu Kaisen,4
53,Mashle: Magic and Muscles,4
53,Wind Breaker,5
53,Chainsaw Man,3
53,Naruto,4
53,Vinland Saga,2
53,Made in Abyss,3
53,Mob Psycho 100,2
53,Ranking of Kings,2
53,Solo Leveling,5
53,Kaiju No. 8,5
53,Jojo's Bizarre Adventure,5
53,Bleach,4
53,My Hero Academia,4
53,One Piece,5
53,Dandadan,5
53,Naruto Shippuden,3
53,Horimiya,2
53,Demon Slayer: Kimetsu no Yaiba,5
54,The Rising of the Shield Hero,4
54,Skip and Loafer,2
54,KONOSUBA -God's blessing on this wonderful world!,4
54,Overlord,3
54,The Eminence in Shadow,4
54,Erased,2
54,Solo Leveling,4
54,Kaguya-sama: Love is War,2
54,Assassination Classroom,2
54,Mushoku Tensei: Jobless Reincarnation,4
54,Fire Force,2
54,Sword Art Online,4
55,KONOSUBA -God's blessing on this wonderful world!,5
55,Kaguya-sama: Love is War,3
55,Bocchi the Rock!,5
55,One-Punch Man,3
55,Mashle: Magic and Muscles,4
55,Gintama,4
55,Spy x Family,5
55,Assassination Classroom,5
55,Free! - Iwatobi Swim Club,3
55,Naruto,2
55,Yuri!!! on Ice,4
55,Bleach,2
55,Attack on Titan,3
55,Wind Breaker,5
56,Solo Leveling,3
56,Wind Breaker,2
56,Demon Slayer: Kimetsu no Yaiba,4
56,My Hero Academia,4
56,Jujutsu Kaisen,4
56,Naruto Shippuden,5
56,Jojo's Bizarre Adventure,4
56,One Piece,5
56,Fire Force,4
56,Black Clover,5
56,Bleach,4
56,Dandadan,5
56,Haikyu!!,2
56,Kaiju No. 8,4
56,Chainsaw Man,4
56,Free! - Iwatobi Swim Club,2
56,Naruto,4
56,Yuri!!! on Ice,3
56,Dragon Ball Super,4
56,Fullmetal Alchemist: Brotherhood,3
56,Hunter x Hunter,3
57,Fullmetal Alchemist: Brotherhood,5
57,Hunter x Hunter,5
57,Mushishi,4
57,Your Lie in April,2
57,Gintama,5
57,Made in Abyss,5
57,Vinland Saga,4
57,Attack on Titan,5
57,Neon Genesis Evangelion,4
57,Banana Fish,5
57,Bleach,3
58,Free! - Iwatobi Swim Club,1
58,Mashle: Magic and Muscles,4
58,Dandadan,2
58,That Time I Got Reincarnated as a Slime,3
58,The Rising of the Shield Hero,4
58,Re:ZERO -Starting Life in Another World-,4
58,The Eminence in Shadow,4
58,Log Horizon,2
58,KONOSUBA -God's blessing on this wonderful world!,4
58,Mushoku Tensei: Jobless Reincarnation,2
58,Solo Leveling,4
58,Bocchi the Rock!,1
58,Naruto,1
58,Odd Taxi,1
58,The Apothecary Diaries,2
58,One Piece,2
58,Rascal Does Not Dream of Bunny Girl Senpai,2
58,Horimiya,1
58,Kuroko's Basketball,2
58,Gintama,2
58,Clannad After Story,1
59,Hunter x Hunter,5
59,Steins;Gate,3
59,Mushoku Tensei: Jobless Reincarnation,3
59,Odd Taxi,4
59,Cowboy Bebop,4
59,The Apothecary Diaries,4
59,Fullmetal Alchemist: Brotherhood,4
59,Neon Genesis Evangelion,3
59,Erased,4
59,Psycho-Pass,5
59,Code Geass,4
59,Frieren: Beyond Journey's End,4
59,Death Note,5
59,Attack on Titan,4
59,Demon Slayer: Kimetsu no Yaiba,3
59,One-Punch Man,3
59,KONOSUBA -God's blessing on this wonderful world!,4
59,Banana Fish,4
60,Spy x Family,4
60,Mob Psycho 100,4
60,The Eminence in Shadow,2
60,Mashle: Magic and Muscles,4
60,Blue Lock,4
60,Free! - Iwatobi Swim Club,4
60,Haikyu!!,5
60,One-Punch Man,4
60,Wind Breaker,4
60,Fullmetal Alchemist: Brotherhood,2
60,Overlord,2
60,KONOSUBA -God's blessing on this wonderful world!,3
60,Frieren: Beyond Journey's End,3
60,Yuri!!! on Ice,5
60,Kaguya-sama: Love is War,4
60,Steins;Gate,1
60,Assassination Classroom,4
60,Dragon Ball Super,3
60,Bocchi the Rock!,4
60,Skip and Loafer,2
60,Demon Slayer: Kimetsu no Yaiba,3
60,Dandadan,2
61,Kuroko's Basketball,5
61,Yuri!!! on Ice,5
61,The Apothecary Diaries,5
61,Attack on Titan,5
61,Fire Force,3
61,Free! - Iwatobi Swim Club,4
61,Jojo's Bizarre Adventure,2
61,Blue Lock,5
61,Erased,5
61,Odd Taxi,5
61,Made in Abyss,3
61,Wind Breaker,4
61,Steins;Gate,5
61,Assassination Classroom,5
61,Dragon Ball Super,2
61,One Piece,3
61,Death Note,5
61,Demon Slayer: Kimetsu no Yaiba,2
61,Code Geass,5
61,Psycho-Pass,3
62,Cowboy Bebop,5
62,Fullmetal Alchemist: Brotherhood,5
62,Spy x Family,5
62,One-Punch Man,4
62,Mushishi,4
62,Made in Abyss,5
62,Mashle: Magic and Muscles,5
62,Banana Fish,4
62,Vinland Saga,5
62,Assassination Classroom,5
62,Kaguya-sama: Love is War,5
62,Frieren: Beyond Journey's End,5
62,Steins;Gate,5
62,Hunter x Hunter,5
62,Attack on Titan,5
63,Jojo's Bizarre Adventure,5
63,Black Clover,4
63,Dandadan,4
63,The Promised Neverland,2
63,Fire Force,5
63,Assassination Classroom,5
63,Haikyu!!,4
63,Jujutsu Kaisen,4
63,Naruto Shippuden,4
63,Kaiju No. 8,3
63,Naruto,4
63,Hell's Paradise,4
63,Wind Breaker,5
63,Death Note,3
63,Kuroko's Basketball,4
63,My Hero Academia,4
63,Mob Psycho 100,2
63,Steins;Gate,2
63,Solo Leveling,4
63,Free! - Iwatobi Swim Club,4
63,Yuri!!! on Ice,3
63,One Piece,4
64,Steins;Gate,3
64,The Apothecary Diaries,4
64,Banana Fish,5
64,One-Punch Man,1
64,Odd Taxi,4
64,KONOSUBA -God's blessing on this wonderful world!,2
64,Attack on Titan,4
64,Overlord,2
64,Erased,5
64,Death Note,5
64,The Promised Neverland,4
64,Demon Slayer: Kimetsu no Yaiba,3
64,Psycho-Pass,4
64,Code Geass,4
64,Fullmetal Alchemist: Brotherhood,3
64,My Dress-Up Darling,2
64,Hunter x Hunter,3
64,Bocchi the Rock!,3
64,Solo Leveling,3
64,Cowboy Bebop,2
64,Mushoku Tensei: Jobless Reincarnation,2
64,Neon Genesis Evangelion,1
64,Fire Force,2
65,Bocchi the Rock!,4
65,Mushoku Tensei: Jobless Reincarnation,5
65,Clannad After Story,4
65,Spy x Family,4
65,Re:ZERO -Starting Life in Another World-,5
65,Solo Leveling,4
66,Death Note,4
66,Odd Taxi,3
66,Attack on Titan,5
66,The Promised Neverland,4
66,Banana Fish,4
66,The Apothecary Diaries,5
66,Skip and Loafer,2
66,Erased,4
66,Ranking of Kings,2
66,Frieren: Beyond Journey's End,2
66,Naruto Shippuden,4
66,Steins;Gate,5
66,Chainsaw Man,2
66,Jujutsu Kaisen,3
66,Code Geass,3
66,Psycho-Pass,5
66,Hell's Paradise,2
66,Dandadan,3
66,Spy x Family,3
66,One Piece,3
66,Wind Breaker,2
66,Assassination Classroom,2
66,Laid-Back Camp,2
66,Kaguya-sama: Love is War,2
67,Assassination Classroom,3
67,Bocchi the Rock!,5
67,Your Lie in April,3
67,Skip and Loafer,5
67,The Apothecary Diaries,3
67,Kaguya-sama: Love is War,4
67,Haikyu!!,5
67,Spy x Family,4
67,One-Punch Man,4
67,Dr. Stone,4
67,Kuroko's Basketball,3
67,Mob Psycho 100,5
67,Laid-Back Camp,3
67,Hunter x Hunter,4
67,KONOSUBA -God's blessing on this wonderful world!,3
67,Fire Force,2
67,Frieren: Beyond Journey's End,5
67,Nichijou - My Ordinary Life,3
67,Gintama,4
67,Erased,2
67,Attack on Titan,3
68,Toradora!,4
68,Rascal Does Not Dream of Bunny Girl Senpai,4
68,Dandadan,5
68,Vinland Saga,3
68,Fruits Basket,5
68,Your Lie in April,4
68,Spy x Family,4
68,My Dress-Up Darling,4
68,Kaguya-sama: Love is War,4
68,Gintama,2
68,My Hero Academia,2
68,Ranking of Kings,1
68,Demon Slayer: Kimetsu no Yaiba,2
68,Horimiya,4
68,Haikyu!!,2
68,Clannad After Story,3
68,Fullmetal Alchemist: Brotherhood,1
68,Odd Taxi,3
68,That Time I Got Reincarnated as a Slime,2
68,Naruto,1
68,Death Note,3
68,Attack on Titan,2
68,Jojo's Bizarre Adventure,1
68,Black Clover,3
68,Mushishi,1
69,Spy x Family,5
69,Gintama,5
69,Haikyu!!,3
69,Bocchi the Rock!,5
69,Mashle: Magic and Muscles,4
69,Kaguya-sama: Love is War,5
69,Re:ZERO -Starting Life in Another World-,4
69,One-Punch Man,3
69,Mob Psycho 100,3
69,That Time I Got Reincarnated as a Slime,4
69,Solo Leveling,5
69,KONOSUBA -God's blessing on this wonderful world!,4
69,Sword Art Online,4
69,Assassination Classroom,5
69,Fullmetal Alchemist: Brotherhood,2
69,The Eminence in Shadow,4
69,Nichijou - My Ordinary Life,4
69,The Rising of the Shield Hero,4
69,Vinland Saga,3
69,Psycho-Pass,1
69,Dr. Stone,3
69,Rascal Does Not Dream of Bunny Girl Senpai,2
69,Mushoku Tensei: Jobless Reincarnation,5
69,The Promised Neverland,2
70,Death Note,5
70,Banana Fish,5
70,Erased,5
70,Code Geass,5
70,The Apothecary Diaries,5
70,Assassination Classroom,2
70,Steins;Gate,5
70,Odd Taxi,5
70,Attack on Titan,4
70,That Time I Got Reincarnated as a Slime,4
70,Dr. Stone,3
70,Psycho-Pass,5
70,Kuroko's Basketball,5
70,The Rising of the Shield Hero,3
70,The Promised Neverland,5
70,Spy x Family,4
70,Mushoku Tensei: Jobless Reincarnation,4
70,Mob Psycho 100,3
71,Assassination Classroom,4
71,Mashle: Magic and Muscles,2
71,Wind Breaker,4
71,Blue Lock,5
71,Hunter x Hunter,3
71,Vinland Saga,2
71,Kuroko's Basketball,4
71,Haikyu!!,5
71,Kaguya-sama: Love is War,2
71,Rascal Does Not Dream of Bunny Girl Senpai,3
71,Dragon Ball Super,2
71,Free! - Iwatobi Swim Club,5
71,Yuri!!! on Ice,5
71,Re:ZERO -Starting Life in Another World-,3
71,Fire Force,2
71,The Eminence in Shadow,2
72,Banana Fish,4
72,Code Geass,4
72,Dandadan,3
72,Attack on Titan,4
72,The Promised Neverland,4
72,Erased,4
72,Odd Taxi,5
72,Death Note,5
72,Psycho-Pass,4
72,Steins;Gate,5
72,Jojo's Bizarre Adventure,2
72,The Apothecary Diaries,5
72,Made in Abyss,2
72,Mob Psycho 100,3
72,Demon Slayer: Kimetsu no Yaiba,2
72,Rascal Does Not Dream of Bunny Girl Senpai,4
72,Frieren: Beyond Journey's End,3
72,Bleach,2
72,That Time I Got Reincarnated as a Slime,2
73,Yuri!!! on Ice,5
73,Assassination Classroom,5
73,Toradora!,3
73,Re:ZERO -Starting Life in Another World-,3
73,Dr. Stone,5
73,Frieren: Beyond Journey's End,5
74,Kuroko's Basketball,5
74,Dr. Stone,2
74,That Time I Got Reincarnated as a Slime,5
74,The Eminence in Shadow,4
74,Erased,3
74,Yuri!!! on Ice,4
74,Sword Art Online,4
74,Demon Slayer: Kimetsu no Yaiba,3
74,Solo Leveling,4
74,Death Note,4
74,Re:ZERO -Starting Life in Another World-,5
74,Overlord,4
74,Free! - Iwatobi Swim Club,4
75,Haikyu!!,5
75,The Apothecary Diaries,4
75,Dr. Stone,4
75,Frieren: Beyond Journey's End,4
75,Death Note,3
75,Ranking of Kings,5
75,Spy x Family,4
75,Rascal Does Not Dream of Bunny Girl Senpai,2
75,Mushishi,4
75,Laid-Back Camp,4
75,Wind Breaker,2
75,Vinland Saga,2
75,Toradora!,2
75,Skip and Loafer,5
75,Gintama,2
75,Bocchi the Rock!,5
75,The Eminence in Shadow,3
75,Steins;Gate,2
76,Odd Taxi,3
76,Haikyu!!,4
76,Kuroko's Basketball,4
76,Code Geass,3
76,Vinland Saga,2
76,Free! - Iwatobi Swim Club,5
76,Attack on Titan,4
76,Death Note,5
76,One-Punch Man,2
76,Psycho-Pass,4
76,Yuri!!! on Ice,5
76,The Apothecary Diaries,5
76,Mob Psycho 100,3
76,Spy x Family,2
76,The Promised Neverland,4
76,Blue Lock,3
76,Banana Fish,4
76,Assassination Classroom,4
76,Erased,4
76,Jujutsu Kaisen,2
77,Horimiya,3
77,Odd Taxi,4
77,My Dress-Up Darling,4
77,Death Note,5
77,Dandadan,5
77,Frieren: Beyond Journey's End,3
77,Attack on Titan,5
77,Code Geass,4
77,Kaguya-sama: Love is War,5
77,Fruits Basket,4
77,Spy x Family,5
77,Erased,4
77,Psycho-Pass,4
77,Steins;Gate,5
77,Clannad After Story,5
77,The Promised Neverland,4
77,Rascal Does Not Dream of Bunny Girl Senpai,5
77,Cowboy Bebop,2
77,Your Lie in April,5
77,One Piece,3
77,Vinland Saga,3
77,Naruto Shippuden,2
78,Blue Lock,4
78,Assassination Classroom,3
78,Haikyu!!,3
78,Wind Breaker,4
78,Yuri!!! on Ice,5
78,Clannad After Story,3
78,Free! - Iwatobi Swim Club,4
78,Kuroko's Basketball,3
78,Re:ZERO -Starting Life in Another World-,2
78,One Piece,3
78,Made in Abyss,2
78,Fire Force,2
78,Death Note,2
78,Black Clover,2
78,Kaguya-sama: Love is War,3
78,Kaiju No. 8,3
78,Dandadan,2
78,Erased,2
78,Vinland Saga,1
78,Spy x Family,2
78,Naruto Shippuden,2
78,The Apothecary Diaries,2
78,Hunter x Hunter,3
78,Sword Art Online,1
79,Frieren: Beyond Journey's End,5
79,One-Punch Man,2
79,The Apothecary Diaries,4
79,Mushishi,4
79,Kaguya-sama: Love is War,2
79,Nichijou - My Ordinary Life,4
79,Bocchi the Rock!,5
79,Spy x Family,4
79,Skip and Loafer,4
79,Laid-Back Camp,4
79,Attack on Titan,2
80,My Hero Academia,5
80,Jojo's Bizarre Adventure,5
80,Steins;Gate,5
80,Code Geass,3
80,Fire Force,3
80,Dandadan,5
80,Wind Breaker,4
80,Banana Fish,4
80,Solo Leveling,5
80,The Apothecary Diaries,5
80,Erased,5
80,Death Note,5
81,Rascal Does Not Dream of Bunny Girl Senpai,5
81,Your Lie in April,4
81,Fruits Basket,5
81,My Dress-Up Darling,5
81,Clannad After Story,5
81,Spy x Family,4
82,Dragon Ball Super,3
82,Black Clover,3
82,Kaiju No. 8,3
82,Jujutsu Kaisen,5
82,Bleach,5
82,My Hero Academia,5
82,Chainsaw Man,3
82,Solo Leveling,5
82,Demon Slayer: Kimetsu no Yaiba,5
82,Nichijou - My Ordinary Life,1
82,Wind Breaker,4
82,Naruto Shippuden,5
82,Kuroko's Basketball,3
82,Hunter x Hunter,2
82,The Eminence in Shadow,3
82,Spy x Family,1
83,KONOSUBA -God's blessing on this wonderful world!,2
83,Kaiju No. 8,3
83,Steins;Gate,4
83,Banana Fish,4
83,Erased,5
83,Odd Taxi,5
83,Code Geass,4
83,Psycho-Pass,5
83,Solo Leveling,2
83,Death Note,5
83,The Promised Neverland,5
83,Attack on Titan,4
83,Yuri!!! on Ice,3
83,Clannad After Story,2
83,The Apothecary Diaries,4
83,Dandadan,2
83,Free! - Iwatobi Swim Club,3
83,Your Lie in April,3
83,Blue Lock,2
83,Vinland Saga,2
84,Death Note,5
84,Vinland Saga,5
84,Steins;Gate,5
84,Banana Fish,3
84,Free! - Iwatobi Swim Club,2
84,Code Geass,5
84,Erased,5
84,Gintama,5
84,The Apothecary Diaries,5
84,Odd Taxi,4
84,Hunter x Hunter,4
84,Attack on Titan,3
84,Made in Abyss,4
84,Fullmetal Alchemist: Brotherhood,4
84,Horimiya,3
84,Psycho-Pass,3
84,My Hero Academia,3
84,The Promised Neverland,5
84,Frieren: Beyond Journey's End,4
85,Bleach,4
85,Hell's Paradise,4
85,Naruto Shippuden,4
85,Naruto,4
85,Dandadan,3
85,Kaiju No. 8,3
85,Fire Force,3
85,Demon Slayer: Kimetsu no Yaiba,3
85,Dragon Ball Super,4
85,Chainsaw Man,4
85,My Hero Academia,3
85,Solo Leveling,4
85,Jujutsu Kaisen,4
85,Jojo's Bizarre Adventure,4
85,Bocchi the Rock!,1
85,Vinland Saga,1
85,One Piece,4
86,Mushishi,5
86,Made in Abyss,4
86,Gintama,4
86,Assassination Classroom,4
86,Overlord,2
86,Nichijou - My Ordinary Life,4
86,Spy x Family,5
86,Re:ZERO -Starting Life in Another World-,2
86,Banana Fish,3
86,Vinland Saga,4
86,Cowboy Bebop,3
86,Mashle: Magic and Muscles,3
86,Kaguya-sama: Love is War,4
86,One-Punch Man,4
86,Dragon Ball Super,2
86,Mob Psycho 100,4
86,KONOSUBA -God's blessing on this wonderful world!,3
86,Kuroko's Basketball,1
86,Steins;Gate,5
86,Hunter x Hunter,4
86,Bocchi the Rock!,5
87,Free! - Iwatobi Swim Club,3
87,Yuri!!! on Ice,4
87,Assassination Classroom,3
87,Banana Fish,3
87,Laid-Back Camp,2
87,Odd Taxi,3
87,Haikyu!!,4
87,The Promised Neverland,3
87,One Piece,3
87,Erased,4
87,Attack on Titan,4
87,Blue Lock,4
88,Fruits Basket,3
88,Toradora!,3
88,Naruto Shippuden,2
88,Horimiya,5
88,My Dress-Up Darling,3
88,Kaguya-sama: Love is War,3
88,Bleach,2
88,Kuroko's Basketball,3
88,Wind Breaker,4
88,Laid-Back Camp,2
88,Haikyu!!,3
88,Spy x Family,4
88,That Time I Got Reincarnated as a Slime,2
88,Rascal Does Not Dream of Bunny Girl Senpai,3
88,Blue Lock,3
88,Dandadan,4
88,Nichijou - My Ordinary Life,1
88,Free! - Iwatobi Swim Club,4
88,One Piece,1
88,The Apothecary Diaries,2
88,Your Lie in April,4
89,Spy x Family,3
89,Nichijou - My Ordinary Life,4
89,Death Note,3
89,Cowboy Bebop,1
89,Kaguya-sama: Love is War,3
89,Bocchi the Rock!,4
89,Mob Psycho 100,5
89,Naruto,1
89,Assassination Classroom,3
89,Haikyu!!,3
89,Vinland Saga,2
89,Gintama,4
89,KONOSUBA -God's blessing on this wonderful world!,3
90,Wind Breaker,5
90,The Eminence in Shadow,4
90,Bleach,3
90,One Piece,5
90,Sword Art Online,3
90,Re:ZERO -Starting Life in Another World-,4
90,The Rising of the Shield Hero,4
90,My Hero Academia,4
90,Fire Force,4
90,Chainsaw Man,3
90,Naruto Shippuden,4
90,Dandadan,4
90,The Apothecary Diaries,3
90,Black Clover,4
90,Log Horizon,2
90,Kaiju No. 8,4
90,KONOSUBA -God's blessing on this wonderful world!,5
90,That Time I Got Reincarnated as a Slime,4
90,Mashle: Magic and Muscles,3
90,Solo Leveling,4
90,Hunter x Hunter,2
90,Mushoku Tensei: Jobless Reincarnation,3
90,My Dress-Up Darling,2
90,Fullmetal Alchemist: Brotherhood,2
90,Jujutsu Kaisen,3
91,Fullmetal Alchemist: Brotherhood,4
91,Steins;Gate,4
91,Banana Fish,5
91,Cowboy Bebop,4
91,Attack on Titan,5
91,Fruits Basket,3
91,Bleach,3
91,Hunter x Hunter,4
91,Gintama,4
91,Vinland Saga,4
91,Jujutsu Kaisen,4
91,Frieren: Beyond Journey's End,4
91,Neon Genesis Evangelion,3
91,Mushoku Tensei: Jobless Reincarnation,2
91,One-Punch Man,2
91,The Rising of the Shield Hero,3
91,My Hero Academia,4
91,Death Note,2
91,Made in Abyss,4
91,Solo Leveling,1
91,KONOSUBA -God's blessing on this wonderful world!,2
91,Your Lie in April,2
91,Naruto Shippuden,2
92,Assassination Classroom,4
92,Mob Psycho 100,4
92,Yuri!!! on Ice,3
92,The Apothecary Diaries,2
92,KONOSUBA -God's blessing on this wonderful world!,4
92,Kaguya-sama: Love is War,5
92,Bocchi the Rock!,4
92,Code Geass,2
92,One-Punch Man,5
93,Re:ZERO -Starting Life in Another World-,5
93,Code Geass,5
93,Odd Taxi,5
93,That Time I Got Reincarnated as a Slime,4
93,KONOSUBA -God's blessing on this wonderful world!,5
93,The Promised Neverland,5
93,Dr. Stone,3
93,The Eminence in Shadow,5
94,Banana Fish,5
94,Spy x Family,4
94,Cowboy Bebop,5
94,Ranking of Kings,5
94,Skip and Loafer,5
94,Dr. Stone,4
94,Laid-Back Camp,4
94,My Hero Academia,2
94,Steins;Gate,4
94,Bocchi the Rock!,4
94,Made in Abyss,4
95,Spy x Family,3
95,Kuroko's Basketball,1
95,The Eminence in Shadow,1
95,Laid-Back Camp,3
95,Dr. Stone,4
95,Frieren: Beyond Journey's End,4
95,Bocchi the Rock!,4
95,Skip and Loafer,3
95,Mushishi,3
95,Nichijou - My Ordinary Life,4
95,The Apothecary Diaries,4
95,Ranking of Kings,3
95,One-Punch Man,2
95,Haikyu!!,5
95,Yuri!!! on Ice,2
95,Assassination Classroom,1
95,Erased,2
95,KONOSUBA -God's blessing on this wonderful world!,2
95,Gintama,2
95,Black Clover,2
96,The Apothecary Diaries,1
96,Blue Lock,3
96,Mob Psycho 100,4
96,Rascal Does Not Dream of Bunny Girl Senpai,2
96,Kuroko's Basketball,5
96,Spy x Family,5
96,Bocchi the Rock!,4
96,Haikyu!!,4
96,Yuri!!! on Ice,5
96,Demon Slayer: Kimetsu no Yaiba,2
96,Mashle: Magic and Muscles,3
96,KONOSUBA -God's blessing on this wonderful world!,3
96,Kaguya-sama: Love is War,4
96,Wind Breaker,4
96,Gintama,5
96,Overlord,2
96,One Piece,2
96,Horimiya,1
96,Nichijou - My Ordinary Life,4
96,Free! - Iwatobi Swim Club,3
96,Assassination Classroom,4
97,My Hero Academia,2
97,Mushishi,5
97,Vinland Saga,5
97,Hunter x Hunter,5
97,Cowboy Bebop,5
97,Laid-Back Camp,5
97,Gintama,4
97,Naruto Shippuden,2
97,Toradora!,3
97,Bocchi the Rock!,4
97,Frieren: Beyond Journey's End,5
97,Spy x Family,5
97,Fire Force,2
97,Haikyu!!,4
97,Fullmetal Alchemist: Brotherhood,5
97,Nichijou - My Ordinary Life,4
98,Death Note,3
98,Odd Taxi,4
98,Fruits Basket,2
98,Kuroko's Basketball,1
98,Erased,3
98,Code Geass,3
98,The Rising of the Shield Hero,2
98,The Promised Neverland,4
98,Steins;Gate,4
99,Banana Fish,3
99,Psycho-Pass,5
99,Odd Taxi,4
99,Erased,4
99,Cowboy Bebop,3
99,Overlord,2
99,Code Geass,4
99,Ranking of Kings,4
99,Neon Genesis Evangelion,3
99,One-Punch Man,3
99,Attack on Titan,5
99,Death Note,4
99,Gintama,3
99,Steins;Gate,4
99,The Apothecary Diaries,5
100,The Rising of the Shield Hero,4
100,Log Horizon,5
100,Mushoku Tensei: Jobless Reincarnation,5
100,My Dress-Up Darling,5
100,Ranking of Kings,2
100,Re:ZERO -Starting Life in Another World-,4
100,Jujutsu Kaisen,3
100,Solo Leveling,5
100,The Eminence in Shadow,5
100,Sword Art Online,4
100,Odd Taxi,4
100,That Time I Got Reincarnated as a Slime,5
100,Mashle: Magic and Muscles,5
100,Attack on Titan,3
100,Overlord,5
100,Dandadan,4
100,Blue Lock,3
101,Kaguya-sama: Love is War,4
101,Made in Abyss,2
101,One-Punch Man,4
101,Free! - Iwatobi Swim Club,2
101,That Time I Got Reincarnated as a Slime,2
101,Gintama,5
102,Skip and Loafer,3
102,Banana Fish,4
102,My Hero Academia,4
102,Psycho-Pass,4
102,Erased,4
102,Naruto Shippuden,4
102,Death Note,3
102,The Apothecary Diaries,4
102,Jojo's Bizarre Adventure,5
102,Jujutsu Kaisen,4
102,Steins;Gate,5
102,Hell's Paradise,4
102,Chainsaw Man,4
102,Bleach,5
102,One Piece,4
102,Kaiju No. 8,4
102,Attack on Titan,5
102,Overlord,2
102,Black Clover,4
102,Naruto,4
102,Code Geass,4
102,Dandadan,4
102,Fire Force,5
103,The Rising of the Shield Hero,2
103,Haikyu!!,4
103,Wind Breaker,3
103,Yuri!!! on Ice,5
103,Jujutsu Kaisen,2
103,Attack on Titan,2
103,Blue Lock,3
103,Toradora!,2
103,Kuroko's Basketball,3
103,Fruits Basket,1
103,Re:ZERO -Starting Life in Another World-,2
103,One Piece,3
103,Assassination Classroom,4
103,Log Horizon,1
103,Free! - Iwatobi Swim Club,4
103,Made in Abyss,1
103,Steins;Gate,2
103,Hell's Paradise,1
103,Frieren: Beyond Journey's End,3
103,Chainsaw Man,2
104,Code Geass,1
104,Vinland Saga,2
104,Psycho-Pass,1
104,Log Horizon,3
104,Banana Fish,3
104,That Time I Got Reincarnated as a Slime,4
104,The Eminence in Shadow,5
104,Re:ZERO -Starting Life in Another World-,3
104,Hunter x Hunter,2
104,Mushoku Tensei: Jobless Reincarnation,4
104,The Rising of the Shield Hero,3
104,Mashle: Magic and Muscles,5
104,Sword Art Online,3
104,Erased,2
104,Gintama,1
104,Solo Leveling,4
104,Overlord,3
104,Bocchi the Rock!,3
104,Ranking of Kings,2
104,My Hero Academia,2
104,KONOSUBA -God's blessing on this wonderful world!,5
104,Odd Taxi,3
104,Skip and Loafer,2
104,Attack on Titan,1
104,Horimiya,1
105,Gintama,5
105,The Rising of the Shield Hero,2
105,Bocchi the Rock!,5
105,Kaguya-sama: Love is War,4
105,Mob Psycho 100,5
105,Mashle: Magic and Muscles,5
105,One-Punch Man,5
105,Spy x Family,5
105,Bleach,3
105,Banana Fish,3
105,KONOSUBA -God's blessing on this wonderful world!,5
105,Assassination Classroom,5
105,Psycho-Pass,3
105,Nichijou - My Ordinary Life,5
105,Code Geass,3
105,One Piece,4
105,Attack on Titan,3
106,Mashle: Magic and Muscles,4
106,Re:ZERO -Starting Life in Another World-,4
106,Wind Breaker,5
106,Solo Leveling,3
106,Haikyu!!,4
106,Yuri!!! on Ice,3
106,Assassination Classroom,4
106,Dragon Ball Super,1
106,The Eminence in Shadow,4
106,Kuroko's Basketball,3
106,Odd Taxi,2
106,KONOSUBA -God's blessing on this wonderful world!,3
106,Sword Art Online,2
107,Banana Fish,5
107,Mushishi,5
107,Steins;Gate,4
107,Yuri!!! on Ice,2
107,Re:ZERO -Starting Life in Another World-,3
107,Solo Leveling,4
107,The Rising of the Shield Hero,4
107,KONOSUBA -God's blessing on this wonderful world!,4
108,Re:ZERO -Starting Life in Another World-,4
108,Log Horizon,2
108,Solo Leveling,5
108,Tokyo Ghoul,2
108,That Time I Got Reincarnated as a Slime,4
108,Attack on Titan,3
108,Mushoku Tensei: Jobless Reincarnation,4
108,Hunter x Hunter,2
108,Jojo's Bizarre Adventure,3
108,The Eminence in Shadow,5
108,KONOSUBA -God's blessing on this wonderful world!,5
108,The Rising of the Shield Hero,4
108,Overlord,5
108,Mashle: Magic and Muscles,5
109,Kaguya-sama: Love is War,5
109,Spy x Family,5
109,Horimiya,4
109,My Hero Academia,3
109,Rascal Does Not Dream of Bunny Girl Senpai,5
109,Code Geass,2
109,Mushishi,3
109,Dandadan,5
109,Solo Leveling,4
109,Clannad After Story,5
109,Your Lie in April,5
109,Ranking of Kings,3
109,My Dress-Up Darling,5
109,Cowboy Bebop,3
109,Fruits Basket,5
109,Bocchi the Rock!,2
109,Toradora!,5
109,The Apothecary Diaries,2
109,Assassination Classroom,2
109,Hell's Paradise,3
109,Fullmetal Alchemist: Brotherhood,4
109,Steins;Gate,3
109,Naruto Shippuden,2
110,Wind Breaker,4
110,Skip and Loafer,4
110,Nichijou - My Ordinary Life,3
110,Jujutsu Kaisen,4
110,One Piece,4
110,Laid-Back Camp,4
110,Naruto,5
110,Bleach,4
110,Mushishi,2
110,Solo Leveling,4
111,Assassination Classroom,3
111,Fullmetal Alchemist: Brotherhood,2
111,Dandadan,5
111,My Dress-Up Darling,5
111,Toradora!,5
111,Kaguya-sama: Love is War,5
111,Rascal Does Not Dream of Bunny Girl Senpai,5
111,Fruits Basket,4
111,Your Lie in April,3
111,Spy x Family,4
111,Attack on Titan,3
111,Hunter x Hunter,2
111,Horimiya,4
111,My Hero Academia,3
112,That Time I Got Reincarnated as a Slime,5
112,Mushoku Tensei: Jobless Reincarnation,5
112,Mashle: Magic and Muscles,4
112,Laid-Back Camp,3
112,Mob Psycho 100,3
112,Wind Breaker,3
112,Horimiya,3
112,KONOSUBA -God's blessing on this wonderful world!,5
112,Overlord,4
113,Bocchi the Rock!,4
113,KONOSUBA -God's blessing on this wonderful world!,4
113,Spy x Family,5
113,One-Punch Man,3
113,Gintama,4
113,Mashle: Magic and Muscles,4
113,Nichijou - My Ordinary Life,3
113,Dragon Ball Super,3
113,Mob Psycho 100,5
113,Attack on Titan,2
113,Fire Force,2
113,Fullmetal Alchemist: Brotherhood,2
113,Assassination Classroom,4
113,Kaguya-sama: Love is War,4
113,Log Horizon,2
113,Death Note,3
113,Hunter x Hunter,3
114,Steins;Gate,4
114,Code Geass,5
114,The Apothecary Diaries,5
114,The Promised Neverland,3
114,Spy x Family,3
114,Skip and Loafer,3
114,Death Note,5
114,Demon Slayer: Kimetsu no Yaiba,3
114,Bocchi the Rock!,2
114,Psycho-Pass,4
114,Banana Fish,5
115,Steins;Gate,4
115,Vinland Saga,5
115,Odd Taxi,4
115,Cowboy Bebop,5
115,The Apothecary Diaries,4
115,Hunter x Hunter,3
115,Fullmetal Alchemist: Brotherhood,5
115,Frieren: Beyond Journey's End,4
115,Death Note,4
115,Dandadan,2
115,Psycho-Pass,4
115,The Promised Neverland,4
115,Erased,4
115,Made in Abyss,4
115,Banana Fish,4
116,Bocchi the Rock!,5
116,Solo Leveling,1
116,Mashle: Magic and Muscles,4
116,Mob Psycho 100,5
116,Nichijou - My Ordinary Life,3
116,Assassination Classroom,4
116,My Dress-Up Darling,2
116,Gintama,4
116,Hell's Paradise,1
116,Re:ZERO -Starting Life in Another World-,3
116,KONOSUBA -God's blessing on this wonderful world!,5
116,Spy x Family,5
116,Kaguya-sama: Love is War,4
116,One-Punch Man,4
116,Black Clover,2
116,Attack on Titan,2
116,Death Note,4
116,Jujutsu Kaisen,2
116,Haikyu!!,2
116,One Piece,3
117,Haikyu!!,4
117,Kaguya-sama: Love is War,2
117,Blue Lock,3
117,Kuroko's Basketball,5
117,Yuri!!! on Ice,4
117,Free! - Iwatobi Swim Club,4
117,Dandadan,1
117,Hunter x Hunter,1
117,Wind Breaker,3
117,Vinland Saga,1
117,Assassination Classroom,4
117,Hell's Paradise,1
117,The Apothecary Diaries,1
117,Clannad After Story,2
117,Neon Genesis Evangelion,1
117,My Dress-Up Darling,1
117,Mashle: Magic and Muscles,1
118,My Hero Academia,5
118,Fire Force,4
118,Naruto,4
118,Ranking of Kings,3
118,Kaiju No. 8,4
118,One Piece,5
118,Jojo's Bizarre Adventure,4
118,That Time I Got Reincarnated as a Slime,5
118,Mushoku Tensei: Jobless Reincarnation,4
119,The Rising of the Shield Hero,4
119,Sword Art Online,4
119,KONOSUBA -God's blessing on this wonderful world!,5
119,Re:ZERO -Starting Life in Another World-,4
119,Mushoku Tensei: Jobless Reincarnation,5
119,Assassination Classroom,2
119,That Time I Got Reincarnated as a Slime,5
119,Vinland Saga,3
119,Fruits Basket,3
119,Code Geass,2
119,Overlord,5
119,One-Punch Man,2
119,The Eminence in Shadow,5
119,Made in Abyss,2
119,Solo Leveling,4
119,Log Horizon,5
119,Dandadan,4
119,Fullmetal Alchemist: Brotherhood,3
119,Death Note,3
119,Ranking of Kings,3
119,My Dress-Up Darling,2
119,Gintama,3
119,Free! - Iwatobi Swim Club,2
119,Mashle: Magic and Muscles,4
120,Code Geass,5
120,Steins;Gate,4
120,The Eminence in Shadow,2
120,Banana Fish,3
120,Psycho-Pass,3
120,Vinland Saga,1
121,Banana Fish,4
121,Death Note,3
121,Odd Taxi,3
121,Dragon Ball Super,1
121,Code Geass,4
121,Mushishi,1
121,Psycho-Pass,4
121,Blue Lock,1
121,Attack on Titan,3
121,Steins;Gate,5
121,Demon Slayer: Kimetsu no Yaiba,2
121,The Apothecary Diaries,3
122,Vinland Saga,4
122,Attack on Titan,5
122,Frieren: Beyond Journey's End,4
122,The Rising of the Shield Hero,2
122,Neon Genesis Evangelion,4
122,Code Geass,4
123,Free! - Iwatobi Swim Club,4
123,Hell's Paradise,1
123,The Eminence in Shadow,2
123,Assassination Classroom,5
123,Kuroko's Basketball,4
123,Haikyu!!,5
123,Odd Taxi,4
123,Yuri!!! on Ice,4
123,Horimiya,2
123,Kaguya-sama: Love is War,2
123,Blue Lock,5
123,Chainsaw Man,3
123,My Hero Academia,2
123,Black Clover,2
123,Naruto Shippuden,2
123,Rascal Does Not Dream of Bunny Girl Senpai,3
123,Death Note,2
123,Banana Fish,2
124,Bocchi the Rock!,4
124,Laid-Back Camp,4
124,Frieren: Beyond Journey's End,3
124,Dr. Stone,4
124,The Apothecary Diaries,4
124,Hell's Paradise,2
124,Spy x Family,4
124,Haikyu!!,4
124,Nichijou - My Ordinary Life,4
124,Mob Psycho 100,2
124,Ranking of Kings,2
124,Skip and Loafer,4
124,Naruto Shippuden,3
124,Log Horizon,1
125,Dandadan,4
125,Dragon Ball Super,4
125,Fire Force,5
125,Clannad After Story,4
125,Toradora!,4
125,Rascal Does Not Dream of Bunny Girl Senpai,4
125,Naruto Shippuden,4
125,Your Lie in April,5
125,Wind Breaker,5
125,Solo Leveling,5
125,Jojo's Bizarre Adventure,5
125,Chainsaw Man,5
125,Horimiya,4
125,My Dress-Up Darling,4
125,Spy x Family,4
125,Fruits Basket,4
125,Assassination Classroom,3
125,One Piece,4
125,Demon Slayer: Kimetsu no Yaiba,4
125,Black Clover,4
125,Dr. Stone,1
125,Overlord,2
125,Naruto,3
125,Kaguya-sama: Love is War,4
125,Ranking of Kings,2
126,Bocchi the Rock!,5
126,Nichijou - My Ordinary Life,5
126,Skip and Loafer,5
126,Spy x Family,5
126,Kaguya-sama: Love is War,2
126,Solo Leveling,3
126,Mushishi,5
126,Laid-Back Camp,5
126,Dr. Stone,5
126,Frieren: Beyond Journey's End,5
126,Kaiju No. 8,2
126,Assassination Classroom,3
126,The Apothecary Diaries,4
126,The Eminence in Shadow,2
126,Haikyu!!,5
126,Hunter x Hunter,3
126,Steins;Gate,3
126,Ranking of Kings,5
126,That Time I Got Reincarnated as a Slime,3
126,Cowboy Bebop,2
126,The Promised Neverland,2
127,Hell's Paradise,4
127,Solo Leveling,4
127,Rascal Does Not Dream of Bunny Girl Senpai,5
127,Demon Slayer: Kimetsu no Yaiba,5
127,Fruits Basket,5
127,Naruto Shippuden,4
127,Fire Force,4
127,One Piece,5
127,Horimiya,4
127,Your Lie in April,5
127,Black Clover,4
127,Naruto,4
127,Kaiju No. 8,5
127,Steins;Gate,3
128,Laid-Back Camp,5
128,Frieren: Beyond Journey's End,5
128,Spy x Family,5
128,Bocchi the Rock!,5
128,Skip and Loafer,5
128,Hunter x Hunter,5
128,Neon Genesis Evangelion,3
128,Vinland Saga,5
128,Banana Fish,4
128,Dr. Stone,4
128,Cowboy Bebop,5
128,Jojo's Bizarre Adventure,3
128,Steins;Gate,5
128,Haikyu!!,4
128,Kaguya-sama: Love is War,3
128,Attack on Titan,5
128,Gintama,4
128,Fullmetal Alchemist: Brotherhood,5
128,Ranking of Kings,5
128,Nichijou - My Ordinary Life,3
128,Made in Abyss,5
128,Solo Leveling,2
128,Blue Lock,2
128,One-Punch Man,2
129,Haikyu!!,4
129,Free! - Iwatobi Swim Club,4
129,Wind Breaker,4
129,Assassination Classroom,5
129,Chainsaw Man,3
129,Kaguya-sama: Love is War,3
129,Blue Lock,5
129,Code Geass,2
129,Yuri!!! on Ice,5
129,Mashle: Magic and Muscles,3
129,Kuroko's Basketball,5
129,Naruto Shippuden,2
129,Spy x Family,3
129,Mushoku Tensei: Jobless Reincarnation,3
129,Steins;Gate,4
129,Naruto,2
129,Jojo's Bizarre Adventure,3
129,Mob Psycho 100,2
129,One-Punch Man,3
129,Hunter x Hunter,4
130,Naruto Shippuden,4
130,Jojo's Bizarre Adventure,4
130,Hell's Paradise,4
130,Toradora!,2
130,Solo Leveling,4
130,Demon Slayer: Kimetsu no Yaiba,3
130,Bleach,4
130,Chainsaw Man,4
130,Spy x Family,3
130,Kaiju No. 8,4
130,Naruto,3
130,Horimiya,2
130,Wind Breaker,5
130,Jujutsu Kaisen,4
130,One Piece,4
130,Dandadan,4
130,Fruits Basket,3
131,Mushoku Tensei: Jobless Reincarnation,4
131,Log Horizon,4
131,Re:ZERO -Starting Life in Another World-,4
131,Erased,4
131,Sword Art Online,3
131,Attack on Titan,4
131,Overlord,4
131,Rascal Does Not Dream of Bunny Girl Senpai,3
131,The Eminence in Shadow,4
131,KONOSUBA -God's blessing on this wonderful world!,5
131,Solo Leveling,4
132,Mushishi,2
132,Overlord,3
132,Bleach,1
132,Re:ZERO -Starting Life in Another World-,3
132,Steins;Gate,3
132,Log Horizon,2
132,Sword Art Online,3
132,Attack on Titan,4
132,Cowboy Bebop,4
132,Neon Genesis Evangelion,3
132,Jujutsu Kaisen,1
132,That Time I Got Reincarnated as a Slime,3
132,Vinland Saga,3
132,Frieren: Beyond Journey's End,3
133,Black Clover,4
133,My Hero Academia,5
133,Naruto Shippuden,5
133,Kaiju No. 8,5
133,Laid-Back Camp,2
133,One Piece,5
133,Your Lie in April,5
133,Hell's Paradise,5
133,Demon Slayer: Kimetsu no Yaiba,5
133,Kaguya-sama: Love is War,5
133,Naruto,4
133,Rascal Does Not Dream of Bunny Girl Senpai,5
133,Bleach,4
133,Fruits Basket,5
133,Dragon Ball Super,4
133,My Dress-Up Darling,4
133,Wind Breaker,5
134,Black Clover,4
134,Kaiju No. 8,5
134,Dragon Ball Super,5
134,Naruto Shippuden,5
134,Jujutsu Kaisen,5
134,Wind Breaker,4
134,Demon Slayer: Kimetsu no Yaiba,5
134,Dandadan,5
135,Cowboy Bebop,4
135,Hunter x Hunter,5
135,Vinland Saga,5
135,Erased,5
135,Jojo's Bizarre Adventure,3
135,Made in Abyss,5
135,Jujutsu Kaisen,3
135,One Piece,3
135,Odd Taxi,4
135,The Promised Neverland,4
135,Gintama,5
135,Steins;Gate,5
135,Mushishi,2
135,Banana Fish,5
135,Haikyu!!,4
135,Skip and Loafer,1
135,Death Note,5
135,Spy x Family,1
135,Frieren: Beyond Journey's End,5
135,The Apothecary Diaries,5
135,Free! - Iwatobi Swim Club,1
135,Attack on Titan,5
135,Fullmetal Alchemist: Brotherhood,5
135,Neon Genesis Evangelion,4
135,The Eminence in Shadow,3
136,Dr. Stone,5
136,Ranking of Kings,4
136,Haikyu!!,5
136,Mushishi,4
136,Overlord,2
136,Bocchi the Rock!,4
136,Skip and Loafer,3
136,Death Note,4
136,Laid-Back Camp,5
136,Dragon Ball Super,3
136,Nichijou - My Ordinary Life,4
136,The Rising of the Shield Hero,3
136,Spy x Family,4
136,The Apothecary Diaries,4
136,One Piece,3
136,Rascal Does Not Dream of Bunny Girl Senpai,3
136,Frieren: Beyond Journey's End,5
136,Kaguya-sama: Love is War,3
136,Toradora!,2
136,Log Horizon,2
137,Vinland Saga,5
137,Death Note,5
137,Psycho-Pass,4
137,Steins;Gate,5
137,The Apothecary Diaries,5
137,Frieren: Beyond Journey's End,5
137,Odd Taxi,3
137,Dandadan,2
137,Fullmetal Alchemist: Brotherhood,5
137,Hunter x Hunter,4
137,Made in Abyss,3
137,Banana Fish,4
137,Attack on Titan,5
137,My Hero Academia,3
137,Erased,4
138,Spy x Family,4
138,My Dress-Up Darling,4
138,Rascal Does Not Dream of Bunny Girl Senpai,4
138,Your Lie in April,5
138,Kaguya-sama: Love is War,5
138,Horimiya,3
138,Clannad After Story,4
138,Mashle: Magic and Muscles,2
138,Fruits Basket,4
139,Toradora!,4
139,Jujutsu Kaisen,5
139,Dandadan,5
139,Demon Slayer: Kimetsu no Yaiba,5
139,One Piece,4
139,Mushishi,5
139,Frieren: Beyond Journey's End,5
139,Kaiju No. 8,5
139,Laid-Back Camp,5
139,Kuroko's Basketball,3
139,Solo Leveling,4
139,Jojo's Bizarre Adventure,4
139,Chainsaw Man,5
139,My Hero Academia,5
139,Haikyu!!,5
139,Odd Taxi,3
139,Spy x Family,4
139,Naruto Shippuden,5
139,Skip and Loafer,4
139,Dr. Stone,4
139,The Apothecary Diaries,5
139,Black Clover,5
140,Mushoku Tensei: Jobless Reincarnation,4
140,Mob Psycho 100,2
140,KONOSUBA -God's blessing on this wonderful world!,4
140,Sword Art Online,2
140,The Rising of the Shield Hero,5
140,Solo Leveling,4
140,Log Horizon,4
140,Re:ZERO -Starting Life in Another World-,3
140,Jujutsu Kaisen,2
140,Fullmetal Alchemist: Brotherhood,2
140,Spy x Family,3
140,That Time I Got Reincarnated as a Slime,5
140,Skip and Loafer,3
140,Overlord,5
140,Mashle: Magic and Muscles,5
141,Death Note,5
141,Banana Fish,5
141,Code Geass,5
141,Chainsaw Man,3
141,Cowboy Bebop,3
141,Odd Taxi,4
142,Vinland Saga,3
142,Attack on Titan,5
142,Re:ZERO -Starting Life in Another World-,4
142,Kuroko's Basketball,4
142,Odd Taxi,5
142,Erased,5
142,The Promised Neverland,4
142,The Apothecary Diaries,5
142,Naruto,3
142,Banana Fish,5
142,The Eminence in Shadow,3
142,Nichijou - My Ordinary Life,3
142,Steins;Gate,5
142,Free! - Iwatobi Swim Club,2
142,Rascal Does Not Dream of Bunny Girl Senpai,3
142,Yuri!!! on Ice,4
142,Fire Force,2
143,Yuri!!! on Ice,5
143,Wind Breaker,5
143,Haikyu!!,4
143,One Piece,3
143,Naruto,2
143,Re:ZERO -Starting Life in Another World-,2
143,Assassination Classroom,4
143,Free! - Iwatobi Swim Club,3
143,Kuroko's Basketball,3
143,Sword Art Online,1
143,Erased,3
143,Rascal Does Not Dream of Bunny Girl Senpai,2
143,Fullmetal Alchemist: Brotherhood,3
143,Code Geass,1
144,Blue Lock,5
144,Haikyu!!,5
144,Cowboy Bebop,3
144,Solo Leveling,3
144,Tokyo Ghoul,2
144,Yuri!!! on Ice,4
144,Assassination Classroom,5
144,Kuroko's Basketball,5
144,Free! - Iwatobi Swim Club,5
144,KONOSUBA -God's blessing on this wonderful world!,1
144,Your Lie in April,3
144,Wind Breaker,5
144,That Time I Got Reincarnated as a Slime,3
144,Death Note,3
144,My Dress-Up Darling,3
144,Chainsaw Man,2
144,Code Geass,3
144,Dr. Stone,3
144,Banana Fish,3
144,Frieren: Beyond Journey's End,2
144,Gintama,2
144,Naruto,3
145,Rascal Does Not Dream of Bunny Girl Senpai,4
145,Clannad After Story,4
145,Horimiya,5
145,Dandadan,3
145,Your Lie in April,5
145,Kaguya-sama: Love is War,5
145,Toradora!,5
145,KONOSUBA -God's blessing on this wonderful world!,3
145,My Dress-Up Darling,4
145,One-Punch Man,2
145,Attack on Titan,3
145,Fruits Basket,5
145,Sword Art Online,1
145,Spy x Family,5
145,Mushishi,4
145,Psycho-Pass,2
145,Bocchi the Rock!,2
145,Jojo's Bizarre Adventure,2
146,Log Horizon,4
146,Mob Psycho 100,4
146,The Rising of the Shield Hero,4
146,Gintama,5
146,Solo Leveling,4
146,Sword Art Online,3
146,Assassination Classroom,5
146,Spy x Family,5
146,Kaguya-sama: Love is War,5
147,Free! - Iwatobi Swim Club,4
147,Rascal Does Not Dream of Bunny Girl Senpai,1
147,Kuroko's Basketball,4
147,Haikyu!!,4
147,Yuri!!! on Ice,4
147,Mushoku Tensei: Jobless Reincarnation,2
147,Blue Lock,4
147,Code Geass,2
147,Assassination Classroom,5
147,Wind Breaker,4
147,Solo Leveling,2
147,Psycho-Pass,1
147,Chainsaw Man,2
147,Frieren: Beyond Journey's End,3
147,The Apothecary Diaries,2
147,Erased,2
148,Naruto,5
148,Wind Breaker,4
148,Chainsaw Man,4
148,Demon Slayer: Kimetsu no Yaiba,5
148,Free! - Iwatobi Swim Club,5
148,Fire Force,3
148,Kaiju No. 8,5
148,Jujutsu Kaisen,5
148,Dandadan,4
148,Fullmetal Alchemist: Brotherhood,1
148,Naruto Shippuden,4
148,Kuroko's Basketball,5
148,One Piece,5
148,Yuri!!! on Ice,5
148,My Hero Academia,5
149,Dandadan,3
149,Frieren: Beyond Journey's End,1
149,Naruto Shippuden,5
149,Jojo's Bizarre Adventure,4
149,One Piece,3
149,Black Clover,3
149,Chainsaw Man,2
149,Erased,1
149,Jujutsu Kaisen,4
149,Kuroko's Basketball,2
149,Kaiju No. 8,2
149,Bleach,3
149,Skip and Loafer,2
149,Haikyu!!,1
149,Fruits Basket,2
149,Fire Force,3
149,Hell's Paradise,4
149,Hunter x Hunter,2
149,Solo Leveling,3
149,Dragon Ball Super,4
149,Demon Slayer: Kimetsu no Yaiba,3
150,Kaiju No. 8,3
150,Assassination Classroom,4
150,Dandadan,3
150,Kuroko's Basketball,4
150,Haikyu!!,4
150,Blue Lock,4
150,Free! - Iwatobi Swim Club,4
150,Frieren: Beyond Journey's End,2
150,Wind Breaker,4
150,Clannad After Story,3
150,Yuri!!! on Ice,4
150,The Apothecary Diaries,2
150,Odd Taxi,2
150,Jujutsu Kaisen,3
150,Jojo's Bizarre Adventure,2
150,Dr. Stone,3
150,Mob Psycho 100,2
150,Vinland Saga,2
150,Erased,2
151,Fullmetal Alchemist: Brotherhood,1
151,Steins;Gate,5
151,Attack on Titan,5
151,Kaguya-sama: Love is War,3
151,The Promised Neverland,4
151,Banana Fish,5
151,Haikyu!!,4
151,Erased,5
151,Code Geass,3
151,My Dress-Up Darling,3
151,Odd Taxi,5
151,Made in Abyss,3
151,Death Note,4
151,Horimiya,3
151,The Apothecary Diaries,4
151,Hunter x Hunter,3
151,Jujutsu Kaisen,2
151,One-Punch Man,3
151,KONOSUBA -God's blessing on this wonderful world!,2
151,Rascal Does Not Dream of Bunny Girl Senpai,2
151,Black Clover,3
151,Psycho-Pass,4
152,Cowboy Bebop,5
152,Kuroko's Basketball,5
152,Fullmetal Alchemist: Brotherhood,5
152,Blue Lock,4
152,Dandadan,4
152,Banana Fish,4
152,Wind Breaker,5
152,Re:ZERO -Starting Life in Another World-,3
152,Yuri!!! on Ice,5
152,Assassination Classroom,5
152,Haikyu!!,5
152,Hunter x Hunter,5
152,Attack on Titan,5
152,Neon Genesis Evangelion,5
152,Frieren: Beyond Journey's End,5
153,Hell's Paradise,5
153,Solo Leveling,4
153,Kaguya-sama: Love is War,5
153,Mashle: Magic and Muscles,4
153,One-Punch Man,5
153,Wind Breaker,3
153,Dragon Ball Super,4
153,Demon Slayer: Kimetsu no Yaiba,5
153,Assassination Classroom,4
153,Dandadan,4
153,One Piece,4
153,Bocchi the Rock!,4
153,Black Clover,5
153,Haikyu!!,2
154,Steins;Gate,4
154,Bleach,2
154,The Apothecary Diaries,5
154,Mushoku Tensei: Jobless Reincarnation,1
154,The Promised Neverland,4
154,Odd Taxi,3
154,Banana Fish,3
154,Spy x Family,2
154,Attack on Titan,5
154,Death Note,3
154,Erased,4
154,Solo Leveling,1
154,Vinland Saga,2
154,Code Geass,4
155,Nichijou - My Ordinary Life,4
155,Kaguya-sama: Love is War,5
155,Gintama,5
155,Assassination Classroom,5
155,Odd Taxi,3
155,One-Punch Man,5
155,KONOSUBA -God's blessing on this wonderful world!,4
155,Attack on Titan,3
155,Mashle: Magic and Muscles,4
155,Bocchi the Rock!,5
155,Spy x Family,5
155,Ranking of Kings,3
155,The Rising of the Shield Hero,2
155,Fire Force,2
155,Fullmetal Alchemist: Brotherhood,4
155,Mob Psycho 100,5
155,Demon Slayer: Kimetsu no Yaiba,3
155,Naruto,2
156,KONOSUBA -God's blessing on this wonderful world!,4
156,Jujutsu Kaisen,3
156,The Eminence in Shadow,5
156,Sword Art Online,3
156,Overlord,5
156,That Time I Got Reincarnated as a Slime,5
157,Gintama,5
157,Spy x Family,5
157,Naruto Shippuden,3
157,Erased,3
157,Fullmetal Alchemist: Brotherhood,3
157,Nichijou - My Ordinary Life,5
157,Mob Psycho 100,4
157,Assassination Classroom,5
157,KONOSUBA -God's blessing on this wonderful world!,4
157,Bocchi the Rock!,5
157,Horimiya,3
157,Kaguya-sama: Love is War,5
157,Mashle: Magic and Muscles,4
157,Hell's Paradise,2
157,Black Clover,2
157,One-Punch Man,4
157,Dandadan,3
157,Made in Abyss,3
157,Sword Art Online,3
157,My Hero Academia,3
158,Mushishi,5
158,Made in Abyss,5
158,Steins;Gate,3
158,Vinland Saga,5
158,Fullmetal Alchemist: Brotherhood,4
158,Hunter x Hunter,4
158,Cowboy Bebop,4
159,Fullmetal Alchemist: Brotherhood,2
159,Vinland Saga,1
159,Odd Taxi,3
159,Psycho-Pass,4
159,The Apothecary Diaries,5
159,The Promised Neverland,3
159,Code Geass,4
159,Death Note,4
159,My Hero Academia,2
159,Attack on Titan,3
159,Steins;Gate,3
159,Erased,4
159,Neon Genesis Evangelion,1
159,The Eminence in Shadow,2
159,Nichijou - My Ordinary Life,2
159,Banana Fish,4
159,Mashle: Magic and Muscles,2
159,Black Clover,2
160,Made in Abyss,4
160,Mushishi,3
160,Steins;Gate,5
160,Vinland Saga,5
160,Attack on Titan,4
160,My Dress-Up Darling,3
160,Gintama,4
161,Kaguya-sama: Love is War,3
161,Spy x Family,4
161,The Apothecary Diaries,3
161,Bocchi the Rock!,4
161,Nichijou - My Ordinary Life,4
161,Mob Psycho 100,5
161,Gintama,3
161,Mashle: Magic and Muscles,5
161,Haikyu!!,4
161,Black Clover,1
161,One-Punch Man,4
161,KONOSUBA -God's blessing on this wonderful world!,3
161,Kuroko's Basketball,2
161,That Time I Got Reincarnated as a Slime,2
161,Assassination Classroom,4
161,Dandadan,2
161,Wind Breaker,1
161,Dr. Stone,2
161,Death Note,2
161,Sword Art Online,1
161,Hunter x Hunter,1
161,Your Lie in April,3
161,One Piece,2
161,Jojo's Bizarre Adventure,2
161,Blue Lock,2
162,Jojo's Bizarre Adventure,1
162,Toradora!,5
162,Your Lie in April,4
162,Spy x Family,5
162,Horimiya,3
162,Kaguya-sama: Love is War,5
162,Dandadan,5
162,Frieren: Beyond Journey's End,3
162,Fruits Basket,4
162,One-Punch Man,3
162,Rascal Does Not Dream of Bunny Girl Senpai,5
162,My Dress-Up Darling,5
162,Demon Slayer: Kimetsu no Yaiba,3
162,Clannad After Story,4
162,My Hero Academia,2
162,One Piece,2
162,Free! - Iwatobi Swim Club,3
162,Kaiju No. 8,2
162,Mashle: Magic and Muscles,3
162,Re:ZERO -Starting Life in Another World-,3
162,Yuri!!! on Ice,3
162,Blue Lock,2
162,Steins;Gate,3
162,Chainsaw Man,2
162,Black Clover,2
163,Horimiya,5
163,Spy x Family,4
163,Kaguya-sama: Love is War,5
163,Dandadan,5
163,Kaiju No. 8,2
163,Your Lie in April,4
163,Fruits Basket,4
163,Rascal Does Not Dream of Bunny Girl Senpai,4
163,Steins;Gate,3
163,Clannad After Story,5
163,My Dress-Up Darling,4
163,Toradora!,5
163,Bocchi the Rock!,3
163,Wind Breaker,3
163,Haikyu!!,4
163,Jojo's Bizarre Adventure,3
164,Banana Fish,4
164,Haikyu!!,4
164,Attack on Titan,4
164,Neon Genesis Evangelion,4
164,Vinland Saga,4
164,Cowboy Bebop,4
164,Skip and Loafer,4
164,Ranking of Kings,4
164,Steins;Gate,4
164,Bocchi the Rock!,4
165,Wind Breaker,4
165,Cowboy Bebop,4
165,Yuri!!! on Ice,2
165,Kuroko's Basketball,2
165,Haikyu!!,5
165,Made in Abyss,5
165,Attack on Titan,5
165,Naruto,2
165,Banana Fish,3
165,Jujutsu Kaisen,2
165,Gintama,4
165,Fullmetal Alchemist: Brotherhood,4
165,Steins;Gate,5
166,The Apothecary Diaries,5
166,Demon Slayer: Kimetsu no Yaiba,4
166,The Promised Neverland,4
166,Odd Taxi,5
166,Banana Fish,4
166,Yuri!!! on Ice,3
166,Steins;Gate,4
166,Attack on Titan,5
166,Wind Breaker,3
167,Hell's Paradise,2
167,Laid-Back Camp,3
167,The Apothecary Diaries,5
167,Frieren: Beyond Journey's End,3
167,Jujutsu Kaisen,2
167,Spy x Family,5
167,Dr. Stone,4
167,Skip and Loafer,3
167,Bocchi the Rock!,3
167,Ranking of Kings,4
167,Nichijou - My Ordinary Life,3
167,Haikyu!!,4
167,Vinland Saga,2
167,Mushishi,4
167,Fire Force,2
167,Erased,2
167,Death Note,3
167,Solo Leveling,2
167,KONOSUBA -God's blessing on this wonderful world!,2
167,Kaguya-sama: Love is War,2
167,Fruits Basket,2
167,Dandadan,2
167,Made in Abyss,2
168,The Apothecary Diaries,4
168,Demon Slayer: Kimetsu no Yaiba,3
168,Ranking of Kings,5
168,Mushishi,3
168,Spy x Family,5
168,Haikyu!!,5
168,The Promised Neverland,4
168,Nichijou - My Ordinary Life,4
168,Death Note,4
168,Code Geass,3
168,Re:ZERO -Starting Life in Another World-,3
168,Bocchi the Rock!,4
168,Dr. Stone,4
168,Frieren: Beyond Journey's End,5
168,Laid-Back Camp,4
168,Skip and Loafer,5
168,Fire Force,2
168,Steins;Gate,2
168,Neon Genesis Evangelion,2
169,My Dress-Up Darling,4
169,Fruits Basket,4
169,Your Lie in April,4
169,Rascal Does Not Dream of Bunny Girl Senpai,4
169,Horimiya,4
169,Demon Slayer: Kimetsu no Yaiba,3
170,KONOSUBA -God's blessing on this wonderful world!,5
170,That Time I Got Reincarnated as a Slime,4
170,Re:ZERO -Starting Life in Another World-,5
170,Psycho-Pass,3
170,Log Horizon,5
170,The Rising of the Shield Hero,4
170,Fruits Basket,4
171,The Apothecary Diaries,5
171,Death Note,3
171,Your Lie in April,2
171,Attack on Titan,5
171,Steins;Gate,5
171,Log Horizon,3
171,Erased,4
171,Blue Lock,2
171,Made in Abyss,3
171,The Promised Neverland,3
171,Psycho-Pass,5
171,Kaguya-sama: Love is War,2
171,Mob Psycho 100,2
171,Jujutsu Kaisen,3
171,Jojo's Bizarre Adventure,3
171,Code Geass,5
171,Mushoku Tensei: Jobless Reincarnation,2
171,Odd Taxi,5
171,Mashle: Magic and Muscles,3
171,KONOSUBA -God's blessing on this wonderful world!,2
171,Yuri!!! on Ice,2
171,Banana Fish,4
171,Fruits Basket,3
171,Vinland Saga,3
171,Laid-Back Camp,2
172,Wind Breaker,2
172,Naruto Shippuden,2
172,Mushoku Tensei: Jobless Reincarnation,2
172,Bocchi the Rock!,4
172,The Apothecary Diaries,4
172,Nichijou - My Ordinary Life,3
172,Laid-Back Camp,5
172,Dr. Stone,3
172,Frieren: Beyond Journey's End,4
172,Death Note,4
172,Jojo's Bizarre Adventure,2
172,Kaiju No. 8,1
172,Skip and Loafer,4
172,Vinland Saga,2
172,Spy x Family,5
172,Mushishi,4
172,Ranking of Kings,4
172,Hunter x Hunter,3
172,Haikyu!!,4
172,Dragon Ball Super,2
172,Overlord,2
172,Horimiya,2
172,KONOSUBA -God's blessing on this wonderful world!,2
173,Bleach,4
173,Overlord,1
173,Hunter x Hunter,2
173,Wind Breaker,4
173,Hell's Paradise,3
173,Solo Leveling,5
173,Jujutsu Kaisen,4
173,Black Clover,4
173,Naruto Shippuden,5
173,Kaiju No. 8,4
173,Demon Slayer: Kimetsu no Yaiba,4
173,Naruto,3
173,Chainsaw Man,4
173,Jojo's Bizarre Adventure,4
173,Fire Force,4
173,Fullmetal Alchemist: Brotherhood,3
173,Dragon Ball Super,4
173,One Piece,4
173,My Hero Academia,3
173,Odd Taxi,3
173,Spy x Family,3
173,Dandadan,4
173,Made in Abyss,2
174,Kaguya-sama: Love is War,5
174,Chainsaw Man,2
174,Your Lie in April,4
174,Gintama,2
174,Dandadan,4
174,Toradora!,5
174,Horimiya,4
174,Ranking of Kings,3
174,Clannad After Story,4
174,Fruits Basket,5
175,Log Horizon,4
175,Mashle: Magic and Muscles,3
175,That Time I Got Reincarnated as a Slime,4
175,Mushoku Tensei: Jobless Reincarnation,4
175,Solo Leveling,5
175,Re:ZERO -Starting Life in Another World-,4
175,Blue Lock,2
175,Jojo's Bizarre Adventure,2
175,Steins;Gate,2
175,Overlord,4
175,The Eminence in Shadow,5
175,Sword Art Online,3
175,My Dress-Up Darling,2
175,Black Clover,2
175,Attack on Titan,1
175,KONOSUBA -God's blessing on this wonderful world!,4
175,Hunter x Hunter,2
176,Hell's Paradise,3
176,Haikyu!!,4
176,Demon Slayer: Kimetsu no Yaiba,4
176,Wind Breaker,4
176,Assassination Classroom,4
176,Naruto Shippuden,3
176,One Piece,4
176,Dandadan,4
176,Kuroko's Basketball,3
176,Solo Leveling,5
176,Fullmetal Alchemist: Brotherhood,2
176,Black Clover,4
176,Horimiya,2
176,Bleach,4
176,The Eminence in Shadow,1
176,Clannad After Story,2
176,Jojo's Bizarre Adventure,3
176,Blue Lock,4
176,Dragon Ball Super,2
177,The Apothecary Diaries,5
177,Fruits Basket,4
177,Demon Slayer: Kimetsu no Yaiba,3
177,Cowboy Bebop,3
177,Frieren: Beyond Journey's End,5
177,Odd Taxi,5
177,Gintama,4
177,Death Note,5
177,Attack on Titan,4
177,Psycho-Pass,3
177,Vinland Saga,5
177,Fullmetal Alchemist: Brotherhood,4
177,Made in Abyss,4
177,Erased,4
177,Code Geass,5
177,Mob Psycho 100,3
177,Hunter x Hunter,5
177,Rascal Does Not Dream of Bunny Girl Senpai,2
178,Free! - Iwatobi Swim Club,4
178,Assassination Classroom,4
178,Haikyu!!,5
178,Wind Breaker,4
178,Hell's Paradise,1
178,Kuroko's Basketball,4
178,Mushoku Tensei: Jobless Reincarnation,1
178,The Promised Neverland,2
178,Jujutsu Kaisen,2
178,Yuri!!! on Ice,4
179,Mashle: Magic and Muscles,2
179,Steins;Gate,2
179,Erased,3
179,The Rising of the Shield Hero,3
179,KONOSUBA -God's blessing on this wonderful world!,4
179,Dr. Stone,3
179,Ranking of Kings,1
179,Overlord,3
179,Mushoku Tensei: Jobless Reincarnation,4
179,The Eminence in Shadow,4
179,Clannad After Story,2
180,Steins;Gate,4
180,Odd Taxi,5
180,Made in Abyss,5
180,Neon Genesis Evangelion,5
180,Gintama,4
180,Code Geass,3
180,Death Note,5
181,Mob Psycho 100,4
181,Assassination Classroom,4
181,Mashle: Magic and Muscles,4
181,Wind Breaker,2
181,Kaguya-sama: Love is War,5
181,Bocchi the Rock!,4
181,Nichijou - My Ordinary Life,4
181,One-Punch Man,4
181,Attack on Titan,2
181,Laid-Back Camp,3
181,The Rising of the Shield Hero,2
181,One Piece,3
181,Made in Abyss,2
181,KONOSUBA -God's blessing on this wonderful world!,4
182,Banana Fish,3
182,Gintama,4
182,Hunter x Hunter,4
182,Steins;Gate,4
182,Neon Genesis Evangelion,3
182,Fullmetal Alchemist: Brotherhood,3
182,Bocchi the Rock!,2
182,Frieren: Beyond Journey's End,2
182,Code Geass,1
182,Your Lie in April,2
182,Vinland Saga,4
182,Kaiju No. 8,1
182,Mushishi,2
182,Mashle: Magic and Muscles,1
183,Death Note,3
183,Yuri!!! on Ice,5
183,Spy x Family,4
183,Free! - Iwatobi Swim Club,5
183,Kuroko's Basketball,5
183,Blue Lock,5
183,Toradora!,3
183,Wind Breaker,5
183,Haikyu!!,5
183,Hunter x Hunter,3
183,Kaiju No. 8,3
183,Dr. Stone,4
183,Assassination Classroom,5
183,Chainsaw Man,3
183,Kaguya-sama: Love is War,3
183,My Hero Academia,3
183,Code Geass,2
183,The Promised Neverland,3
183,Solo Leveling,3
183,Dandadan,2
183,KONOSUBA -God's blessing on this wonderful world!,3
183,Tokyo Ghoul,3
184,Death Note,5
184,The Apothecary Diaries,4
184,Banana Fish,5
184,Steins;Gate,5
184,Psycho-Pass,4
184,The Promised Neverland,3
185,Free! - Iwatobi Swim Club,4
185,Kuroko's Basketball,4
185,Your Lie in April,2
185,Wind Breaker,4
185,Laid-Back Camp,1
185,Dandadan,2
185,Haikyu!!,4
185,Blue Lock,5
185,Assassination Classroom,3
185,Yuri!!! on Ice,4
185,Nichijou - My Ordinary Life,2
185,Toradora!,3
185,Neon Genesis Evangelion,2
185,Mashle: Magic and Muscles,3
185,Fire Force,2
185,My Hero Academia,2
185,Cowboy Bebop,2
185,Steins;Gate,2
185,That Time I Got Reincarnated as a Slime,3
185,One-Punch Man,1
185,Rascal Does Not Dream of Bunny Girl Senpai,2
185,Skip and Loafer,3
185,Fullmetal Alchemist: Brotherhood,3
185,The Eminence in Shadow,1
185,Demon Slayer: Kimetsu no Yaiba,3
186,Bocchi the Rock!,4
186,Spy x Family,4
186,Mushishi,4
186,Dr. Stone,4
186,Laid-Back Camp,3
186,Haikyu!!,4
186,Frieren: Beyond Journey's End,3
186,Yuri!!! on Ice,2
186,Gintama,2
186,Skip and Loafer,4
186,The Rising of the Shield Hero,1
186,Ranking of Kings,4
186,Erased,2
186,Nichijou - My Ordinary Life,3
186,Chainsaw Man,3
186,Fire Force,2
186,The Apothecary Diaries,5
186,Odd Taxi,2
186,Demon Slayer: Kimetsu no Yaiba,3
186,Mob Psycho 100,2
187,Jujutsu Kaisen,5
187,Chainsaw Man,3
187,Black Clover,4
187,The Apothecary Diaries,4
187,Hell's Paradise,4
187,Demon Slayer: Kimetsu no Yaiba,4
187,Banana Fish,3
187,My Hero Academia,4
187,Solo Leveling,3
187,Toradora!,2
187,One Piece,3
187,Spy x Family,2
187,Dandadan,5
187,Death Note,4
187,Jojo's Bizarre Adventure,3
187,Fire Force,3
187,Kaiju No. 8,3
187,Wind Breaker,4
187,Odd Taxi,3
187,Attack on Titan,4
187,Dragon Ball Super,4
187,Steins;Gate,4
187,Haikyu!!,2
187,The Promised Neverland,4
188,Demon Slayer: Kimetsu no Yaiba,2
188,Odd Taxi,4
188,Bocchi the Rock!,4
188,Frieren: Beyond Journey's End,4
188,Psycho-Pass,4
188,Mob Psycho 100,5
188,Assassination Classroom,5
188,One-Punch Man,5
188,Death Note,4
188,Gintama,4
188,Solo Leveling,3
188,Erased,4
188,Kaguya-sama: Love is War,5
188,Attack on Titan,5
188,Nichijou - My Ordinary Life,5
188,Mashle: Magic and Muscles,5
188,The Promised Neverland,4
188,Banana Fish,4
188,Spy x Family,5
188,KONOSUBA -God's blessing on this wonderful world!,4
188,Wind Breaker,1
188,The Apothecary Diaries,5
188,Steins;Gate,4
189,Hunter x Hunter,3
189,Skip and Loafer,4
189,Bocchi the Rock!,5
189,Black Clover,5
189,Yuri!!! on Ice,2
189,Naruto,4
190,Death Note,4
190,The Apothecary Diaries,5
190,Steins;Gate,4
190,Attack on Titan,4
190,Odd Taxi,4
190,Code Geass,4
190,Frieren: Beyond Journey's End,4
190,Hunter x Hunter,4
190,Erased,4
190,Vinland Saga,4
190,Mushishi,5
190,Fullmetal Alchemist: Brotherhood,4
190,Cowboy Bebop,5
190,Banana Fish,4
190,Gintama,4
190,Made in Abyss,4
190,Laid-Back Camp,3
191,Naruto,5
191,Spy x Family,4
191,Jojo's Bizarre Adventure,5
191,Demon Slayer: Kimetsu no Yaiba,5
191,Bleach,4
191,My Dress-Up Darling,4
191,Jujutsu Kaisen,5
191,Toradora!,4
191,Chainsaw Man,3
191,Dragon Ball Super,3
191,Wind Breaker,3
191,One Piece,5
191,Kaguya-sama: Love is War,4
191,My Hero Academia,4
191,Hell's Paradise,3
191,Hunter x Hunter,2
192,Kaiju No. 8,2
192,Nichijou - My Ordinary Life,3
192,Frieren: Beyond Journey's End,4
192,Dandadan,3
192,The Apothecary Diaries,3
192,Toradora!,4
192,Fruits Basket,4
192,My Dress-Up Darling,4
192,Laid-Back Camp,4
192,Spy x Family,4
192,Ranking of Kings,4
193,Horimiya,4
193,Kaguya-sama: Love is War,4
193,Fruits Basket,4
193,Kuroko's Basketball,2
193,That Time I Got Reincarnated as a Slime,4
193,Dandadan,4
193,Rascal Does Not Dream of Bunny Girl Senpai,4
193,Kaiju No. 8,2
193,Odd Taxi,4
193,Toradora!,3
193,My Dress-Up Darling,4
193,Spy x Family,5
193,Your Lie in April,4
193,The Eminence in Shadow,3
193,Mashle: Magic and Muscles,3
193,Clannad After Story,4
193,One Piece,3
193,The Promised Neverland,1
193,Mushoku Tensei: Jobless Reincarnation,2
193,Psycho-Pass,2
193,Black Clover,2
194,Haikyu!!,5
194,Free! - Iwatobi Swim Club,5
194,Assassination Classroom,5
194,Kuroko's Basketball,5
194,Yuri!!! on Ice,3
194,One-Punch Man,2
194,Wind Breaker,4
194,Hell's Paradise,2
194,Bocchi the Rock!,4
194,Frieren: Beyond Journey's End,2
194,Dandadan,3
194,Death Note,3
194,My Hero Academia,1
195,Jojo's Bizarre Adventure,4
195,Bleach,3
195,Assassination Classroom,2
195,Chainsaw Man,4
195,Jujutsu Kaisen,4
195,My Hero Academia,3
195,Demon Slayer: Kimetsu no Yaiba,5
195,Dragon Ball Super,5
195,Dandadan,4
195,The Apothecary Diaries,2
195,One Piece,3
195,Fire Force,3
195,The Eminence in Shadow,2
195,Kaguya-sama: Love is War,2
195,Wind Breaker,4
195,Naruto,5
195,Fruits Basket,3
195,Solo Leveling,4
195,Black Clover,3
195,Kaiju No. 8,5
195,My Dress-Up Darling,2
195,Your Lie in April,1
195,The Promised Neverland,2
195,Dr. Stone,2
195,Hell's Paradise,2
196,Mob Psycho 100,4
196,Kaguya-sama: Love is War,4
196,KONOSUBA -God's blessing on this wonderful world!,4
196,Blue Lock,4
196,Mashle: Magic and Muscles,4
196,Wind Breaker,5
196,Haikyu!!,5
196,The Eminence in Shadow,2
196,Cowboy Bebop,3
196,Spy x Family,5
196,Bocchi the Rock!,5
196,Free! - Iwatobi Swim Club,5
197,Rascal Does Not Dream of Bunny Girl Senpai,2
197,Skip and Loafer,4
197,Haikyu!!,4
197,Laid-Back Camp,3
197,Hell's Paradise,1
197,Naruto,2
197,Dr. Stone,4
197,Mushishi,5
197,Frieren: Beyond Journey's End,4
197,Nichijou - My Ordinary Life,3
197,Vinland Saga,2
197,The Apothecary Diaries,4
197,My Dress-Up Darling,2
197,Ranking of Kings,3
197,Death Note,3
197,Bocchi the Rock!,3
197,Spy x Family,5
197,Re:ZERO -Starting Life in Another World-,2
197,Horimiya,2
198,Demon Slayer: Kimetsu no Yaiba,5
198,Black Clover,4
198,Fire Force,4
198,Dragon Ball Super,4
198,Jojo's Bizarre Adventure,5
198,Dandadan,5
198,Chainsaw Man,4
198,Vinland Saga,3
198,Wind Breaker,4
198,Gintama,2
198,Kaiju No. 8,5
198,Rascal Does Not Dream of Bunny Girl Senpai,3
198,Clannad After Story,3
198,Hell's Paradise,5
198,Naruto Shippuden,5
198,Jujutsu Kaisen,5
198,Overlord,2
198,Cowboy Bebop,2
198,Toradora!,3
198,Naruto,5
199,Spy x Family,4
199,Odd Taxi,4
199,Attack on Titan,4
199,Bocchi the Rock!,4
199,Dr. Stone,4
199,Erased,3
199,Banana Fish,4
199,Steins;Gate,4
199,Ranking of Kings,4
199,Psycho-Pass,4
199,Death Note,4
199,Mushishi,5
200,KONOSUBA -God's blessing on this wonderful world!,5
200,Naruto Shippuden,2
200,Re:ZERO -Starting Life in Another World-,4
200,That Time I Got Reincarnated as a Slime,4
200,Erased,1
200,Mushoku Tensei: Jobless Reincarnation,4
200,Kaiju No. 8,1
200,Chainsaw Man,3
200,Code Geass,2
200,Mashle: Magic and Muscles,4
200,The Rising of the Shield Hero,3
200,Gintama,2
200,The Eminence in Shadow,5
200,Solo Leveling,4
200,Mushishi,2
200,Toradora!,2
200,Log Horizon,4
200,Dr. Stone,1
200,Odd Taxi,3
200,Attack on Titan,3
200,Demon Slayer: Kimetsu no Yaiba,3
200,Yuri!!! on Ice,2
201,Made in Abyss,3
201,Bleach,4
201,Kaguya-sama: Love is War,2
201,Attack on Titan,5
201,One Piece,3
201,Wind Breaker,3
201,Neon Genesis Evangelion,2
201,Naruto,2
201,Jujutsu Kaisen,5
201,Banana Fish,5
201,Hunter x Hunter,4
201,Jojo's Bizarre Adventure,3
201,My Hero Academia,4
201,Fullmetal Alchemist: Brotherhood,5
201,Frieren: Beyond Journey's End,4
201,Cowboy Bebop,4
201,Nichijou - My Ordinary Life,2
201,KONOSUBA -God's blessing on this wonderful world!,2
201,Kuroko's Basketball,2
202,Fruits Basket,4
202,Naruto Shippuden,2
202,Kaguya-sama: Love is War,4
202,Rascal Does Not Dream of Bunny Girl Senpai,4
202,Spy x Family,3
202,Horimiya,3
202,Attack on Titan,2
202,Bocchi the Rock!,2
202,Toradora!,4
202,My Dress-Up Darling,3
202,One-Punch Man,2
202,Odd Taxi,2
202,Death Note,2
202,Clannad After Story,3
202,Yuri!!! on Ice,2
202,Naruto,2
202,Your Lie in April,4
202,Jojo's Bizarre Adventure,2
202,Dandadan,4
202,That Time I Got Reincarnated as a Slime,2
202,The Rising of the Shield Hero,2
202,Steins;Gate,3
202,Fullmetal Alchemist: Brotherhood,2
202,Cowboy Bebop,2
202,Laid-Back Camp,1
203,Banana Fish,3
203,Solo Leveling,4
203,Re:ZERO -Starting Life in Another World-,3
203,KONOSUBA -God's blessing on this wonderful world!,3
203,Log Horizon,4
203,That Time I Got Reincarnated as a Slime,4
203,Mushoku Tensei: Jobless Reincarnation,4
203,Sword Art Online,3
203,The Eminence in Shadow,3
203,Assassination Classroom,1
203,Black Clover,2
204,Fruits Basket,5
204,Dandadan,5
204,Steins;Gate,3
204,Horimiya,5
204,The Eminence in Shadow,4
204,Spy x Family,5
204,Your Lie in April,5
204,Clannad After Story,5
204,Rascal Does Not Dream of Bunny Girl Senpai,5
204,The Promised Neverland,3
204,Kaguya-sama: Love is War,5
204,Frieren: Beyond Journey's End,2
204,Jujutsu Kaisen,3
204,Laid-Back Camp,3
204,Toradora!,5
204,Attack on Titan,2
204,Blue Lock,3
204,My Dress-Up Darling,5
204,Solo Leveling,2
205,Demon Slayer: Kimetsu no Yaiba,4
205,Dandadan,5
205,Solo Leveling,5
205,Mushishi,3
205,Dragon Ball Super,4
205,Black Clover,5
205,Wind Breaker,4
205,Jojo's Bizarre Adventure,4
205,Bleach,5
205,Jujutsu Kaisen,5
205,One Piece,4
205,Naruto,4
205,Fire Force,5
205,My Hero Academia,4
205,Kuroko's Basketball,3
205,Hell's Paradise,4
206,That Time I Got Reincarnated as a Slime,3
206,Overlord,4
206,Solo Leveling,3
206,Re:ZERO -Starting Life in Another World-,5
206,Log Horizon,3
206,KONOSUBA -God's blessing on this wonderful world!,4
206,Odd Taxi,3
206,Assassination Classroom,4
206,The Eminence in Shadow,3
206,Laid-Back Camp,3
206,Erased,2
206,Death Note,2
206,The Rising of the Shield Hero,4
207,The Apothecary Diaries,3
207,Haikyu!!,3
207,Spy x Family,4
207,Frieren: Beyond Journey's End,4
207,Sword Art Online,2
207,KONOSUBA -God's blessing on this wonderful world!,3
207,Tokyo Ghoul,1
207,That Time I Got Reincarnated as a Slime,3
207,Skip and Loafer,2
207,Mob Psycho 100,1
207,Mashle: Magic and Muscles,3
207,Made in Abyss,2
207,Ranking of Kings,3
207,The Eminence in Shadow,4
207,Mushoku Tensei: Jobless Reincarnation,2
207,Mushishi,3
207,Bocchi the Rock!,3
207,The Rising of the Shield Hero,3
207,Re:ZERO -Starting Life in Another World-,3
207,My Dress-Up Darling,1
208,Hell's Paradise,4
208,Dragon Ball Super,4
208,Jojo's Bizarre Adventure,5
208,Black Clover,5
208,Chainsaw Man,4
208,Code Geass,4
208,One Piece,3
208,Kaiju No. 8,4
208,Banana Fish,3
208,Naruto,4
208,Naruto Shippuden,4
208,Dandadan,5
208,Demon Slayer: Kimetsu no Yaiba,5
208,Steins;Gate,4
208,Jujutsu Kaisen,5
208,Fire Force,4
208,The Apothecary Diaries,4
208,Your Lie in April,2
208,Odd Taxi,4
208,Attack on Titan,5
208,Erased,4
208,Solo Leveling,4
209,The Eminence in Shadow,5
209,Fullmetal Alchemist: Brotherhood,4
209,That Time I Got Reincarnated as a Slime,4
209,Made in Abyss,5
209,Re:ZERO -Starting Life in Another World-,4
209,Frieren: Beyond Journey's End,5
209,KONOSUBA -God's blessing on this wonderful world!,5
209,Sword Art Online,3
209,Overlord,3
209,Solo Leveling,5
209,Kaiju No. 8,2
209,Cowboy Bebop,4
210,Fullmetal Alchemist: Brotherhood,4
210,Attack on Titan,5
210,Code Geass,4
210,Mushishi,5
210,One-Punch Man,2
210,Hunter x Hunter,5
210,One Piece,3
210,Made in Abyss,4
210,The Promised Neverland,4
210,Cowboy Bebop,4
210,Neon Genesis Evangelion,4
210,Vinland Saga,4
210,Steins;Gate,5
210,Frieren: Beyond Journey's End,4
210,Psycho-Pass,3
210,Banana Fish,3
210,Death Note,3
210,Gintama,4
210,Yuri!!! on Ice,1
210,The Apothecary Diaries,4
210,Erased,4
210,Skip and Loafer,2
210,Spy x Family,3
210,Kuroko's Basketball,2
210,Kaguya-sama: Love is War,1
211,Made in Abyss,5
211,Death Note,2
211,Banana Fish,4
211,Gintama,5
211,Mushishi,3
211,Vinland Saga,5
211,Frieren: Beyond Journey's End,3
211,Attack on Titan,4
211,Cowboy Bebop,3
211,Hunter x Hunter,5
211,Steins;Gate,4
211,Fullmetal Alchemist: Brotherhood,3
211,Mushoku Tensei: Jobless Reincarnation,2
211,Ranking of Kings,2
211,Kaiju No. 8,1
211,Clannad After Story,3
211,Neon Genesis Evangelion,3
211,Haikyu!!,2
211,The Promised Neverland,2
211,Jujutsu Kaisen,3
211,Naruto Shippuden,3
211,Sword Art Online,2
211,Wind Breaker,2
211,The Rising of the Shield Hero,1
212,Cowboy Bebop,3
212,Dandadan,5
212,My Dress-Up Darling,5
212,Clannad After Story,5
212,Spy x Family,5
212,Fruits Basket,5
212,Horimiya,4
212,Rascal Does Not Dream of Bunny Girl Senpai,5
212,Kaguya-sama: Love is War,5
212,Your Lie in April,5
212,The Apothecary Diaries,4
212,Hunter x Hunter,4
212,My Hero Academia,3
212,Vinland Saga,3
212,Demon Slayer: Kimetsu no Yaiba,5
212,Naruto Shippuden,2
212,Psycho-Pass,2
212,Gintama,3
212,Toradora!,5
212,Bleach,3
212,Fire Force,3
212,Yuri!!! on Ice,2
213,Mashle: Magic and Muscles,5
213,Code Geass,3
213,Mushishi,2
213,Banana Fish,4
213,Psycho-Pass,4
213,Nichijou - My Ordinary Life,4
213,Death Note,5
213,Bocchi the Rock!,3
213,Mob Psycho 100,4
213,Gintama,4
213,Spy x Family,3
213,The Apothecary Diaries,3
213,Attack on Titan,5
213,Kaguya-sama: Love is War,4
213,One-Punch Man,3
213,Assassination Classroom,4
213,Steins;Gate,4
213,Laid-Back Camp,2
213,Toradora!,1
213,Vinland Saga,3
213,Overlord,2
213,Sword Art Online,1
213,The Promised Neverland,3
213,Wind Breaker,2
213,Cowboy Bebop,1
214,Odd Taxi,3
214,Assassination Classroom,5
214,Erased,2
214,Yuri!!! on Ice,4
214,Free! - Iwatobi Swim Club,4
214,Blue Lock,3
214,Haikyu!!,4
214,Mushoku Tensei: Jobless Reincarnation,2
214,Spy x Family,2
214,Kuroko's Basketball,5
214,One Piece,3
214,Wind Breaker,5
214,Bocchi the Rock!,2
214,The Eminence in Shadow,2
214,Code Geass,2
214,Hunter x Hunter,3
214,Naruto,2
214,Attack on Titan,2
214,Jojo's Bizarre Adventure,4
214,Ranking of Kings,3
214,Gintama,3
214,My Hero Academia,3
214,Steins;Gate,3
214,Death Note,2
214,Clannad After Story,3
215,Erased,4
215,Odd Taxi,2
215,Steins;Gate,4
215,Fruits Basket,3
215,Dandadan,2
215,Death Note,4
215,Code Geass,3
215,Banana Fish,4
215,One Piece,2
215,The Promised Neverland,3
215,Dr. Stone,2
215,Wind Breaker,2
215,Attack on Titan,4
215,The Apothecary Diaries,5
215,Naruto Shippuden,2
215,Nichijou - My Ordinary Life,2
215,Psycho-Pass,3
215,Mushishi,1
215,Assassination Classroom,1
215,Ranking of Kings,1
216,My Dress-Up Darling,4
216,Nichijou - My Ordinary Life,3
216,Dandadan,5
216,Horimiya,4
216,Rascal Does Not Dream of Bunny Girl Senpai,4
216,Kaguya-sama: Love is War,4
217,My Hero Academia,4
217,One Piece,4
217,Bocchi the Rock!,4
217,Hell's Paradise,4
217,Spy x Family,4
217,KONOSUBA -God's blessing on this wonderful world!,3
217,Jujutsu Kaisen,3
217,Kaguya-sama: Love is War,5
217,My Dress-Up Darling,3
217,Demon Slayer: Kimetsu no Yaiba,3
217,Solo Leveling,4
217,Nichijou - My Ordinary Life,4
217,Kaiju No. 8,4
217,Black Clover,4
217,Mob Psycho 100,3
217,Attack on Titan,2
217,Mashle: Magic and Muscles,4
217,Bleach,4
217,Dandadan,4
217,Dragon Ball Super,3
218,Mashle: Magic and Muscles,4
218,Hunter x Hunter,5
218,Gintama,5
218,Banana Fish,4
218,Kaguya-sama: Love is War,5
218,Vinland Saga,5
218,Ranking of Kings,3
218,One-Punch Man,4
218,Steins;Gate,4
218,KONOSUBA -God's blessing on this wonderful world!,5
218,Frieren: Beyond Journey's End,4
218,Spy x Family,5
218,Assassination Classroom,4
218,Made in Abyss,5
218,Attack on Titan,5
218,Nichijou - My Ordinary Life,4
218,Neon Genesis Evangelion,5
218,Bocchi the Rock!,4
218,Fullmetal Alchemist: Brotherhood,5
218,Cowboy Bebop,5
218,Fruits Basket,3
219,Frieren: Beyond Journey's End,5
219,Laid-Back Camp,5
219,Skip and Loafer,4
219,Tokyo Ghoul,3
219,The Apothecary Diaries,4
219,Bocchi the Rock!,5
219,Haikyu!!,5
219,Spy x Family,4
219,Nichijou - My Ordinary Life,4
219,Ranking of Kings,4
219,Mushishi,5
219,Fullmetal Alchemist: Brotherhood,5
219,Dr. Stone,5
219,Death Note,2
219,The Eminence in Shadow,3
219,Solo Leveling,3
219,The Promised Neverland,2
220,Solo Leveling,5
220,KONOSUBA -God's blessing on this wonderful world!,3
220,The Eminence in Shadow,2
220,The Rising of the Shield Hero,3
220,Free! - Iwatobi Swim Club,1
220,Re:ZERO -Starting Life in Another World-,4
221,Wind Breaker,4
221,Black Clover,4
221,Banana Fish,3
221,Kaiju No. 8,4
221,Hell's Paradise,3
221,Demon Slayer: Kimetsu no Yaiba,4
221,Chainsaw Man,4
221,Jujutsu Kaisen,5
221,Jojo's Bizarre Adventure,4
221,One Piece,4
221,Bocchi the Rock!,2
221,The Apothecary Diaries,5
221,Your Lie in April,1
221,Code Geass,5
221,My Dress-Up Darling,1
221,Erased,3
221,Steins;Gate,4
221,Naruto,5
221,Dragon Ball Super,5
221,Naruto Shippuden,5
221,Dandadan,5
221,Solo Leveling,3
221,My Hero Academia,4
221,Odd Taxi,4
221,That Time I Got Reincarnated as a Slime,2
222,Assassination Classroom,2
222,One Piece,2
222,The Apothecary Diaries,4
222,Jujutsu Kaisen,2
222,Black Clover,2
222,Attack on Titan,4
222,Death Note,5
222,Laid-Back Camp,3
223,Jujutsu Kaisen,4
223,Mushoku Tensei: Jobless Reincarnation,3
223,My Hero Academia,4
223,Made in Abyss,3
223,Demon Slayer: Kimetsu no Yaiba,4
223,Fire Force,4
223,Chainsaw Man,4
223,Your Lie in April,3
223,Gintama,2
223,One Piece,4
223,Dandadan,4
223,Kaiju No. 8,4
223,Naruto,4
223,Black Clover,4
223,Wind Breaker,5
223,Bleach,3
223,Dragon Ball Super,4
223,Naruto Shippuden,3
224,Log Horizon,3
224,One Piece,1
224,Fire Force,2
224,Haikyu!!,3
224,Bocchi the Rock!,3
224,Frieren: Beyond Journey's End,4
224,Ranking of Kings,3
225,The Apothecary Diaries,4
225,Attack on Titan,4
225,Overlord,3
225,Odd Taxi,4
225,Log Horizon,4
225,Death Note,4
225,Neon Genesis Evangelion,2
225,Steins;Gate,4
225,Mashle: Magic and Muscles,4
225,Solo Leveling,4
225,Mushoku Tensei: Jobless Reincarnation,5
225,KONOSUBA -God's blessing on this wonderful world!,4
226,Death Note,2
226,Your Lie in April,3
226,Dandadan,4
226,Jojo's Bizarre Adventure,4
226,Odd Taxi,3
226,Kaguya-sama: Love is War,4
226,Fruits Basket,4
226,Toradora!,4
226,Log Horizon,2
226,Bleach,2
226,Spy x Family,4
226,Demon Slayer: Kimetsu no Yaiba,2
226,Yuri!!! on Ice,1
226,Free! - Iwatobi Swim Club,2
226,Black Clover,1
226,Tokyo Ghoul,2
226,My Dress-Up Darling,4
226,KONOSUBA -God's blessing on this wonderful world!,1
226,Clannad After Story,4
226,Hunter x Hunter,1
226,Rascal Does Not Dream of Bunny Girl Senpai,4
226,Horimiya,4
227,Horimiya,2
227,Free! - Iwatobi Swim Club,4
227,Gintama,4
227,Spy x Family,4
227,The Eminence in Shadow,3
227,My Dress-Up Darling,2
227,Banana Fish,2
227,KONOSUBA -God's blessing on this wonderful world!,4
227,Mob Psycho 100,3
227,Yuri!!! on Ice,4
227,Hunter x Hunter,1
227,Bocchi the Rock!,4
227,Blue Lock,3
227,Haikyu!!,4
227,Nichijou - My Ordinary Life,5
228,My Hero Academia,4
228,Spy x Family,4
228,Kaguya-sama: Love is War,4
228,Bleach,2
228,Fruits Basket,4
228,Rascal Does Not Dream of Bunny Girl Senpai,3
228,Jujutsu Kaisen,5
228,Fire Force,4
228,Your Lie in April,4
228,Horimiya,5
228,Clannad After Story,4
228,Chainsaw Man,5
228,Erased,1
228,Naruto Shippuden,3
228,Naruto,4
228,Toradora!,3
228,Cowboy Bebop,2
228,Vinland Saga,2
228,Wind Breaker,4
228,Solo Leveling,4
229,One Piece,5
229,Attack on Titan,5
229,Black Clover,5
229,Kaiju No. 8,5
229,Dandadan,5
229,Wind Breaker,5
229,Death Note,5
229,Steins;Gate,4
229,Demon Slayer: Kimetsu no Yaiba,5
229,Psycho-Pass,4
229,Dragon Ball Super,5
229,Naruto Shippuden,5
229,The Promised Neverland,4
229,Jojo's Bizarre Adventure,4
229,That Time I Got Reincarnated as a Slime,3
229,Bleach,5
229,Naruto,4
229,Rascal Does Not Dream of Bunny Girl Senpai,2
229,Hell's Paradise,5
229,Erased,4
229,Solo Leveling,5
229,Jujutsu Kaisen,5
229,Blue Lock,4
229,Code Geass,5
229,My Hero Academia,5
230,Solo Leveling,4
230,The Eminence in Shadow,4
230,Kuroko's Basketball,5
230,Haikyu!!,4
230,Chainsaw Man,3
230,Wind Breaker,4
230,Yuri!!! on Ice,5
230,Re:ZERO -Starting Life in Another World-,4
230,Free! - Iwatobi Swim Club,4
230,Mushoku Tensei: Jobless Reincarnation,4
230,Mashle: Magic and Muscles,4
230,Code Geass,2
230,Blue Lock,4
230,Assassination Classroom,4
230,KONOSUBA -God's blessing on this wonderful world!,4
230,Log Horizon,3
230,Overlord,4
230,Psycho-Pass,1
230,The Rising of the Shield Hero,4
230,Jujutsu Kaisen,3
230,Hunter x Hunter,3
231,Fire Force,3
231,Demon Slayer: Kimetsu no Yaiba,5
231,Jojo's Bizarre Adventure,3
231,Dandadan,4
231,Solo Leveling,4
231,Rascal Does Not Dream of Bunny Girl Senpai,3
231,Dragon Ball Super,4
231,Jujutsu Kaisen,5
231,Naruto,5
231,Chainsaw Man,5
231,Bleach,3
231,Mushoku Tensei: Jobless Reincarnation,3
231,Naruto Shippuden,4
231,Hell's Paradise,5
231,Bocchi the Rock!,4
231,One Piece,5
231,The Eminence in Shadow,3
231,My Hero Academia,2
232,My Dress-Up Darling,5
232,Horimiya,5
232,Spy x Family,5
232,Toradora!,5
232,Your Lie in April,5
232,My Hero Academia,3
232,Wind Breaker,4
232,Kaguya-sama: Love is War,4
232,Kuroko's Basketball,2
232,Rascal Does Not Dream of Bunny Girl Senpai,5
232,Naruto,3
232,The Rising of the Shield Hero,3
232,Dandadan,5
233,The Apothecary Diaries,4
233,Steins;Gate,4
233,Ranking of Kings,2
233,Dandadan,4
233,Your Lie in April,4
233,Fruits Basket,4
233,Attack on Titan,3
233,My Dress-Up Darling,3
233,Clannad After Story,3
233,Spy x Family,4
233,Toradora!,4
233,Horimiya,4
233,Banana Fish,3
233,Overlord,1
233,Erased,4
233,Death Note,3
233,Chainsaw Man,2
233,Frieren: Beyond Journey's End,3
233,The Promised Neverland,3
233,Dragon Ball Super,1
233,Odd Taxi,4
234,Yuri!!! on Ice,3
234,Dandadan,5
234,One Piece,3
234,Hell's Paradise,3
234,Jujutsu Kaisen,4
234,Blue Lock,4
234,Kaiju No. 8,3
234,Demon Slayer: Kimetsu no Yaiba,4
234,Jojo's Bizarre Adventure,4
234,Chainsaw Man,5
234,Naruto Shippuden,4
234,Dragon Ball Super,3
234,Assassination Classroom,5
234,Bleach,3
234,My Hero Academia,3
234,Made in Abyss,2
234,Fire Force,4
234,Black Clover,4
234,Naruto,3
234,Haikyu!!,3
234,Wind Breaker,4
234,Kuroko's Basketball,4
235,Kaguya-sama: Love is War,5
235,Assassination Classroom,5
235,Demon Slayer: Kimetsu no Yaiba,3
235,Mob Psycho 100,5
235,Spy x Family,5
235,Bocchi the Rock!,5
235,Mashle: Magic and Muscles,5
235,Naruto Shippuden,4
236,Chainsaw Man,2
236,Banana Fish,5
236,Kaiju No. 8,3
236,Odd Taxi,5
236,Fire Force,1
236,KONOSUBA -God's blessing on this wonderful world!,3
236,Death Note,5
236,Steins;Gate,5
236,Cowboy Bebop,2
236,Attack on Titan,3
236,The Promised Neverland,4
236,Psycho-Pass,4
236,Yuri!!! on Ice,3
236,Erased,5
236,The Apothecary Diaries,4
236,Code Geass,4
237,Spy x Family,5
237,Gintama,4
237,Kaguya-sama: Love is War,5
237,Fire Force,3
237,Vinland Saga,5
237,Steins;Gate,5
237,Attack on Titan,5
237,Frieren: Beyond Journey's End,5
237,Skip and Loafer,4
237,Demon Slayer: Kimetsu no Yaiba,3
237,Hunter x Hunter,5
237,Made in Abyss,5
237,Kaiju No. 8,2
237,Neon Genesis Evangelion,4
238,KONOSUBA -God's blessing on this wonderful world!,3
238,Kaguya-sama: Love is War,2
238,Spy x Family,4
238,Skip and Loafer,4
238,Fire Force,3
238,The Apothecary Diaries,4
239,My Hero Academia,5
239,Bleach,4
239,Wind Breaker,4
239,Kaiju No. 8,3
239,Jojo's Bizarre Adventure,4
239,Demon Slayer: Kimetsu no Yaiba,5
239,One Piece,5
239,Naruto Shippuden,4
239,Solo Leveling,3
239,Dandadan,5
239,Blue Lock,2
239,Code Geass,3
239,Chainsaw Man,4
239,Jujutsu Kaisen,4
239,Dragon Ball Super,4
239,Frieren: Beyond Journey's End,4
239,Kuroko's Basketball,3
239,Fire Force,4
239,Mushishi,2
239,Black Clover,3
239,Bocchi the Rock!,2
239,Skip and Loafer,1
239,Hell's Paradise,5
240,Ranking of Kings,3
240,Kaguya-sama: Love is War,5
240,Cowboy Bebop,1
240,Haikyu!!,4
240,Frieren: Beyond Journey's End,4
240,Laid-Back Camp,4
240,Demon Slayer: Kimetsu no Yaiba,3
240,Mashle: Magic and Muscles,5
240,Mushishi,3
240,Kuroko's Basketball,2
240,Jujutsu Kaisen,2
240,Dr. Stone,4
240,Assassination Classroom,4
240,Nichijou - My Ordinary Life,4
240,KONOSUBA -God's blessing on this wonderful world!,4
240,Bocchi the Rock!,5
241,Dandadan,4
241,Haikyu!!,5
241,One Piece,4
241,Yuri!!! on Ice,4
241,Jujutsu Kaisen,4
241,Naruto Shippuden,5
241,Fire Force,4
241,Hell's Paradise,4
241,Jojo's Bizarre Adventure,4
241,Demon Slayer: Kimetsu no Yaiba,5
241,Chainsaw Man,5
241,Naruto,4
241,Free! - Iwatobi Swim Club,4
241,Dragon Ball Super,4
241,Horimiya,2
241,Neon Genesis Evangelion,1
241,Blue Lock,4
241,Bleach,3
241,Wind Breaker,4
241,Kaiju No. 8,3
242,Mob Psycho 100,2
242,Frieren: Beyond Journey's End,4
242,Clannad After Story,4
242,Toradora!,5
242,Ranking of Kings,3
242,Rascal Does Not Dream of Bunny Girl Senpai,4
242,Code Geass,1
242,Hunter x Hunter,2
242,Nichijou - My Ordinary Life,4
242,Spy x Family,4
242,Fruits Basket,4
242,Horimiya,3
242,Haikyu!!,3
242,Your Lie in April,4
242,Gintama,2
242,The Apothecary Diaries,2
243,Re:ZERO -Starting Life in Another World-,4
243,Mushoku Tensei: Jobless Reincarnation,4
243,Mashle: Magic and Muscles,4
243,The Promised Neverland,2
243,That Time I Got Reincarnated as a Slime,3
243,KONOSUBA -God's blessing on this wonderful world!,4
244,Steins;Gate,5
244,Odd Taxi,4
244,Death Note,5
244,Code Geass,5
244,The Apothecary Diaries,4
244,Erased,4
244,Attack on Titan,5
244,Dragon Ball Super,2
244,Banana Fish,4
244,Psycho-Pass,5
244,Free! - Iwatobi Swim Club,2
244,One-Punch Man,3
244,Naruto,3
244,Ranking of Kings,2
244,The Rising of the Shield Hero,3
244,Mashle: Magic and Muscles,2
244,Mushoku Tensei: Jobless Reincarnation,2
244,Mushishi,2
244,The Promised Neverland,5
244,Log Horizon,2
245,Dandadan,5
245,Clannad After Story,5
245,One Piece,3
245,My Dress-Up Darling,5
245,Toradora!,5
245,Rascal Does Not Dream of Bunny Girl Senpai,5
245,Log Horizon,3
245,Your Lie in April,5
245,Fullmetal Alchemist: Brotherhood,2
245,Horimiya,5
245,Spy x Family,5
245,Fruits Basket,4
245,Kaguya-sama: Love is War,5
245,Mushishi,3
245,Kuroko's Basketball,3
245,Hell's Paradise,2
245,Haikyu!!,4
245,The Apothecary Diaries,3
245,The Eminence in Shadow,2
245,Solo Leveling,2
245,Demon Slayer: Kimetsu no Yaiba,3
245,Made in Abyss,3
245,Chainsaw Man,2
245,Erased,3
245,Dragon Ball Super,2
246,Spy x Family,4
246,Jujutsu Kaisen,3
246,Dandadan,4
246,Kaguya-sama: Love is War,5
246,Fire Force,5
246,Steins;Gate,1
246,Naruto,3
246,Code Geass,2
247,Mashle: Magic and Muscles,5
247,Fullmetal Alchemist: Brotherhood,2
247,Sword Art Online,4
247,That Time I Got Reincarnated as a Slime,4
247,Code Geass,4
247,The Apothecary Diaries,4
247,Banana Fish,5
247,Erased,5
247,Mushoku Tensei: Jobless Reincarnation,4
248,Skip and Loafer,1
248,Attack on Titan,4
248,Banana Fish,4
248,Mushishi,4
248,Frieren: Beyond Journey's End,5
248,Fullmetal Alchemist: Brotherhood,5
248,Gintama,4
248,Made in Abyss,4
248,Neon Genesis Evangelion,3
248,Vinland Saga,3
248,Cowboy Bebop,3
248,Steins;Gate,3
248,Hunter x Hunter,4
248,Spy x Family,1
248,Kaguya-sama: Love is War,2
248,Bleach,2
248,Yuri!!! on Ice,3
248,Ranking of Kings,1
248,Bocchi the Rock!,1
248,Fire Force,1
248,The Apothecary Diaries,3
248,Code Geass,2
248,Jujutsu Kaisen,2
248,One-Punch Man,2
248,Naruto Shippuden,2
249,Black Clover,5
249,Chainsaw Man,4
249,Skip and Loafer,2
249,One Piece,4
249,Psycho-Pass,1
249,Jojo's Bizarre Adventure,3
249,Steins;Gate,5
249,Toradora!,2
249,Gintama,5
249,Dandadan,5
249,Dr. Stone,2
249,Fullmetal Alchemist: Brotherhood,4
249,Frieren: Beyond Journey's End,4
249,Hunter x Hunter,4
249,Made in Abyss,4
249,Attack on Titan,5
249,Code Geass,2
249,Demon Slayer: Kimetsu no Yaiba,4
249,Naruto Shippuden,4
249,Banana Fish,5
249,Ranking of Kings,1
250,Horimiya,4
250,Kaguya-sama: Love is War,4
250,Your Lie in April,3
250,Spy x Family,5
250,Rascal Does Not Dream of Bunny Girl Senpai,5
250,My Dress-Up Darling,4
250,Laid-Back Camp,3
250,Dandadan,5
250,Made in Abyss,3
251,Toradora!,4
251,Fruits Basket,4
251,Spy x Family,5
251,Horimiya,3
251,Dandadan,4
251,My Dress-Up Darling,4
251,Your Lie in April,4
251,Rascal Does Not Dream of Bunny Girl Senpai,4
251,Kaguya-sama: Love is War,5
251,Ranking of Kings,3
251,Erased,2
251,Yuri!!! on Ice,1
252,Fruits Basket,1
252,Attack on Titan,4
252,Frieren: Beyond Journey's End,5
252,Horimiya,4
252,Vinland Saga,4
252,Banana Fish,5
252,Steins;Gate,5
252,Fullmetal Alchemist: Brotherhood,4
252,Cowboy Bebop,4
252,Hunter x Hunter,5
253,Spy x Family,4
253,The Promised Neverland,5
253,Attack on Titan,5
253,Tokyo Ghoul,2
253,Bocchi the Rock!,5
253,Frieren: Beyond Journey's End,5
253,Solo Leveling,4
253,Dr. Stone,5
253,Skip and Loafer,5
253,Nichijou - My Ordinary Life,4
253,Death Note,4
253,Erased,5
253,Psycho-Pass,4
253,Dandadan,3
253,Vinland Saga,3
253,Mushishi,4
253,Haikyu!!,4
253,The Apothecary Diaries,5
254,Haikyu!!,5
254,Ranking of Kings,3
254,Yuri!!! on Ice,4
254,Blue Lock,5
254,Wind Breaker,4
254,Death Note,3
254,Dandadan,3
254,Assassination Classroom,3
254,Kuroko's Basketball,5
254,One-Punch Man,1
254,Free! - Iwatobi Swim Club,4
254,The Eminence in Shadow,2
254,Fullmetal Alchemist: Brotherhood,2
254,Bocchi the Rock!,2
254,Attack on Titan,4
254,One Piece,3
254,Hunter x Hunter,2
254,Frieren: Beyond Journey's End,2
254,The Rising of the Shield Hero,1
254,Fire Force,2
254,Jujutsu Kaisen,2
254,The Apothecary Diaries,1
255,Gintama,3
255,Blue Lock,4
255,Kuroko's Basketball,5
255,Frieren: Beyond Journey's End,3
255,Wind Breaker,4
255,Yuri!!! on Ice,5
255,Assassination Classroom,5
255,Free! - Iwatobi Swim Club,5
255,The Apothecary Diaries,3
255,Haikyu!!,4
255,Dandadan,2
255,Banana Fish,2
255,Mashle: Magic and Muscles,3
255,Jojo's Bizarre Adventure,2
255,Fullmetal Alchemist: Brotherhood,2
255,Dr. Stone,2
255,The Eminence in Shadow,1
255,Naruto Shippuden,1
255,The Rising of the Shield Hero,2
255,Mushishi,4
255,Kaguya-sama: Love is War,4
256,Odd Taxi,4
256,Death Note,4
256,Erased,4
256,Rascal Does Not Dream of Bunny Girl Senpai,2
256,Wind Breaker,4
256,Attack on Titan,4
256,Banana Fish,5
256,Gintama,3
256,Steins;Gate,4
257,One-Punch Man,5
257,Bocchi the Rock!,4
257,Kaguya-sama: Love is War,5
257,Assassination Classroom,3
257,Gintama,4
257,KONOSUBA -God's blessing on this wonderful world!,5
257,One Piece,3
257,Dragon Ball Super,2
257,Spy x Family,5
257,Ranking of Kings,1
257,Blue Lock,2
257,Mashle: Magic and Muscles,4
257,Kuroko's Basketball,4
257,Code Geass,2
258,Your Lie in April,3
258,Kaguya-sama: Love is War,5
258,Dandadan,4
258,Tokyo Ghoul,2
258,Toradora!,5
258,Fruits Basket,4
258,Horimiya,4
258,My Dress-Up Darling,4
258,Spy x Family,4
258,Mashle: Magic and Muscles,3
258,Vinland Saga,2
258,Neon Genesis Evangelion,2
259,Rascal Does Not Dream of Bunny Girl Senpai,3
259,Fruits Basket,2
259,Code Geass,3
259,Clannad After Story,2
259,Kaguya-sama: Love is War,3
259,Attack on Titan,4
259,Erased,2
259,Psycho-Pass,3
259,Horimiya,3
259,Odd Taxi,4
259,Steins;Gate,4
259,The Promised Neverland,2
259,Toradora!,3
259,Death Note,4
259,My Dress-Up Darling,3
259,The Apothecary Diaries,3
259,Your Lie in April,3
259,Spy x Family,3
259,Banana Fish,3
259,Dandadan,2
259,Naruto Shippuden,1
259,The Eminence in Shadow,2
259,Mushoku Tensei: Jobless Reincarnation,1
260,That Time I Got Reincarnated as a Slime,3
260,Bocchi the Rock!,4
260,Frieren: Beyond Journey's End,5
260,Mob Psycho 100,2
260,Mushishi,4
260,Spy x Family,3
260,Death Note,2
260,Nichijou - My Ordinary Life,4
261,Kaguya-sama: Love is War,5
261,Spy x Family,5
261,Frieren: Beyond Journey's End,4
261,Gintama,5
261,Assassination Classroom,4
261,Haikyu!!,2
261,Vinland Saga,4
261,Attack on Titan,4
261,Nichijou - My Ordinary Life,2
261,Mushishi,4
261,Bleach,1
261,Steins;Gate,5
261,Hunter x Hunter,5
261,Bocchi the Rock!,5
261,Rascal Does Not Dream of Bunny Girl Senpai,2
261,Laid-Back Camp,2
261,One-Punch Man,4
261,Mob Psycho 100,5
261,Made in Abyss,4
261,Fullmetal Alchemist: Brotherhood,3
261,Cowboy Bebop,5
261,Mashle: Magic and Muscles,5
261,Banana Fish,5
261,Tokyo Ghoul,2
261,Wind Breaker,3
262,Gintama,4
262,Mob Psycho 100,5
262,Kuroko's Basketball,3
262,Laid-Back Camp,2
262,Erased,2
262,Spy x Family,4
262,Kaguya-sama: Love is War,5
262,Yuri!!! on Ice,5
263,Mashle: Magic and Muscles,4
263,Yuri!!! on Ice,5
263,Haikyu!!,5
263,One-Punch Man,3
263,Re:ZERO -Starting Life in Another World-,4
263,Free! - Iwatobi Swim Club,5
263,My Hero Academia,3
263,My Dress-Up Darling,3
263,Assassination Classroom,5
263,Clannad After Story,5
263,Kuroko's Basketball,5
263,Frieren: Beyond Journey's End,4
263,Blue Lock,5
263,Spy x Family,3
263,Bleach,3
263,Bocchi the Rock!,3
263,One Piece,3
264,Yuri!!! on Ice,4
264,Fullmetal Alchemist: Brotherhood,3
264,Wind Breaker,3
264,Attack on Titan,4
264,Mushoku Tensei: Jobless Reincarnation,1
264,Blue Lock,3
264,Vinland Saga,3
264,Hunter x Hunter,2
264,Frieren: Beyond Journey's End,3
264,Gintama,4
264,Code Geass,1
264,Kuroko's Basketball,3
264,Dr. Stone,2
264,Made in Abyss,3
264,One-Punch Man,1
264,Assassination Classroom,3
264,Banana Fish,3
264,Neon Genesis Evangelion,2
264,Free! - Iwatobi Swim Club,2
264,Steins;Gate,3
264,One Piece,1
265,Made in Abyss,5
265,Steins;Gate,5
265,Mushishi,4
265,Fullmetal Alchemist: Brotherhood,4
265,Laid-Back Camp,2
265,Mashle: Magic and Muscles,2
265,Hunter x Hunter,5
265,Gintama,5
266,That Time I Got Reincarnated as a Slime,1
266,One Piece,4
266,Solo Leveling,5
266,Black Clover,3
266,Naruto,4
266,Jujutsu Kaisen,5
266,Bocchi the Rock!,3
266,Chainsaw Man,4
266,Naruto Shippuden,4
266,Log Horizon,2
266,Dandadan,5
267,Toradora!,5
267,Fruits Basket,4
267,Spy x Family,4
267,Death Note,3
267,The Apothecary Diaries,3
267,Dandadan,5
267,Clannad After Story,4
267,My Dress-Up Darling,4
267,Your Lie in April,4
267,Overlord,2
267,Rascal Does Not Dream of Bunny Girl Senpai,4
267,Bocchi the Rock!,2
267,Dr. Stone,2
267,Naruto,3
267,The Promised Neverland,2
267,Solo Leveling,2
267,Jujutsu Kaisen,3
267,Horimiya,3
267,Skip and Loafer,2
268,Jujutsu Kaisen,4
268,Kaiju No. 8,4
268,Demon Slayer: Kimetsu no Yaiba,3
268,Spy x Family,4
268,Hell's Paradise,4
268,Laid-Back Camp,5
268,Solo Leveling,4
268,Bocchi the Rock!,4
268,Frieren: Beyond Journey's End,5
268,Fire Force,3
269,Steins;Gate,4
269,The Apothecary Diaries,4
269,Re:ZERO -Starting Life in Another World-,1
269,My Dress-Up Darling,2
269,Assassination Classroom,2
269,Odd Taxi,3
269,Code Geass,4
269,Attack on Titan,3
269,Psycho-Pass,3
269,Clannad After Story,4
269,Kaguya-sama: Love is War,4
269,Banana Fish,4
269,Fruits Basket,4
269,Rascal Does Not Dream of Bunny Girl Senpai,4
269,Toradora!,3
269,Your Lie in April,3
269,Dandadan,4
269,Frieren: Beyond Journey's End,3
270,Skip and Loafer,3
270,Overlord,5
270,One-Punch Man,2
270,Solo Leveling,5
270,Clannad After Story,2
270,That Time I Got Reincarnated as a Slime,4
270,The Rising of the Shield Hero,4
270,Psycho-Pass,3
270,The Promised Neverland,3
270,Dandadan,3
270,Mashle: Magic and Muscles,4
270,KONOSUBA -God's blessing on this wonderful world!,4
270,Spy x Family,4
270,Re:ZERO -Starting Life in Another World-,5
270,Mushoku Tensei: Jobless Reincarnation,5
270,Free! - Iwatobi Swim Club,3
270,Dr. Stone,1
270,The Eminence in Shadow,4
270,Fruits Basket,3
270,Mob Psycho 100,3
271,Haikyu!!,5
271,Free! - Iwatobi Swim Club,4
271,Yuri!!! on Ice,4
271,Blue Lock,4
271,Dandadan,2
271,Kuroko's Basketball,5
271,Wind Breaker,3
271,Assassination Classroom,5
271,Code Geass,2
271,One-Punch Man,2
271,That Time I Got Reincarnated as a Slime,1
271,Black Clover,2
272,The Apothecary Diaries,4
272,Dr. Stone,4
272,Attack on Titan,2
272,Haikyu!!,4
272,That Time I Got Reincarnated as a Slime,2
272,Skip and Loafer,4
272,Odd Taxi,2
272,Frieren: Beyond Journey's End,4
272,Kaguya-sama: Love is War,2
272,Spy x Family,5
272,Mushoku Tensei: Jobless Reincarnation,2
272,Toradora!,1
272,Nichijou - My Ordinary Life,4
272,Laid-Back Camp,5
272,Fruits Basket,2
272,Ranking of Kings,5
272,Made in Abyss,2
272,Bocchi the Rock!,5
273,Yuri!!! on Ice,3
273,The Apothecary Diaries,2
273,Haikyu!!,4
273,Free! - Iwatobi Swim Club,2
273,Mushoku Tensei: Jobless Reincarnation,2
273,Jojo's Bizarre Adventure,1
273,Kaiju No. 8,1
273,Kuroko's Basketball,3
273,Skip and Loafer,2
273,Assassination Classroom,2
273,Blue Lock,3
273,Made in Abyss,2
273,Clannad After Story,3
273,Bocchi the Rock!,2
273,Wind Breaker,3
273,Attack on Titan,3
274,Psycho-Pass,5
274,Odd Taxi,5
274,The Promised Neverland,3
274,Toradora!,2
274,Erased,5
274,Death Note,4
274,Steins;Gate,5
274,KONOSUBA -God's blessing on this wonderful world!,3
274,Naruto Shippuden,2
274,Code Geass,3
274,Rascal Does Not Dream of Bunny Girl Senpai,2
275,Kaguya-sama: Love is War,5
275,Mob Psycho 100,4
275,Demon Slayer: Kimetsu no Yaiba,4
275,Jujutsu Kaisen,5
275,Fullmetal Alchemist: Brotherhood,2
275,Bocchi the Rock!,4
275,Naruto Shippuden,4
275,Kaiju No. 8,4
275,Solo Leveling,5
275,Banana Fish,3
275,Chainsaw Man,3
275,Mashle: Magic and Muscles,4
275,Dandadan,4
275,Fire Force,4
275,Gintama,3
275,Spy x Family,4
276,KONOSUBA -God's blessing on this wonderful world!,5
276,Mushoku Tensei: Jobless Reincarnation,5
276,Solo Leveling,4
276,Vinland Saga,3
276,The Eminence in Shadow,4
276,Overlord,4
276,Free! - Iwatobi Swim Club,2
276,Jujutsu Kaisen,3
276,That Time I Got Reincarnated as a Slime,5
276,The Rising of the Shield Hero,5
276,Re:ZERO -Starting Life in Another World-,5
276,Log Horizon,4
276,Naruto Shippuden,3
276,Attack on Titan,2
276,Kaguya-sama: Love is War,3
276,Horimiya,3
276,Mashle: Magic and Muscles,5
277,Clannad After Story,5
277,Toradora!,5
277,Your Lie in April,5
277,Rascal Does Not Dream of Bunny Girl Senpai,5
277,Fruits Basket,4
277,Spy x Family,5
277,Nichijou - My Ordinary Life,3
277,Dandadan,5
277,Kaguya-sama: Love is War,5
277,Dragon Ball Super,3
277,Ranking of Kings,2
278,Haikyu!!,5
278,Fullmetal Alchemist: Brotherhood,3
278,Frieren: Beyond Journey's End,3
278,The Apothecary Diaries,3
278,Yuri!!! on Ice,5
278,Kuroko's Basketball,4
278,Wind Breaker,5
278,Blue Lock,4
278,Assassination Classroom,4
279,Steins;Gate,1
279,Spy x Family,5
279,The Apothecary Diaries,5
279,Mushishi,4
279,Mushoku Tensei: Jobless Reincarnation,2
279,Frieren: Beyond Journey's End,4
279,Nichijou - My Ordinary Life,3
280,Attack on Titan,4
280,The Apothecary Diaries,3
280,Gintama,3
280,Frieren: Beyond Journey's End,4
280,Fullmetal Alchemist: Brotherhood,4
280,Neon Genesis Evangelion,4
280,Yuri!!! on Ice,2
280,Cowboy Bebop,3
280,Mushishi,4
280,Banana Fish,4
281,Naruto Shippuden,2
281,Steins;Gate,5
281,Vinland Saga,3
281,Cowboy Bebop,4
281,Blue Lock,2
281,Made in Abyss,4
281,The Apothecary Diaries,3
281,Mushishi,4
281,Kaiju No. 8,2
281,Banana Fish,4
281,Neon Genesis Evangelion,5
281,Gintama,5
281,My Hero Academia,2
281,Hunter x Hunter,4
281,One-Punch Man,2
281,Frieren: Beyond Journey's End,4
281,Kaguya-sama: Love is War,2
281,That Time I Got Reincarnated as a Slime,3
281,Death Note,2
281,Attack on Titan,4
281,Haikyu!!,1
281,Kuroko's Basketball,2
281,Ranking of Kings,1
281,Fullmetal Alchemist: Brotherhood,4
281,Fruits Basket,2
282,Gintama,1
282,That Time I Got Reincarnated as a Slime,3
282,The Eminence in Shadow,4
282,Re:ZERO -Starting Life in Another World-,3
282,Solo Leveling,4
282,Mushoku Tensei: Jobless Reincarnation,3
282,Mashle: Magic and Muscles,5
282,The Rising of the Shield Hero,3
282,Overlord,4
282,Code Geass,1
282,Psycho-Pass,1
282,KONOSUBA -God's blessing on this wonderful world!,5
283,Hunter x Hunter,5
283,Banana Fish,5
283,Vinland Saga,5
283,Fullmetal Alchemist: Brotherhood,5
283,Mushishi,5
283,Made in Abyss,5
283,Code Geass,5
283,Attack on Titan,4
283,Odd Taxi,5
283,Demon Slayer: Kimetsu no Yaiba,2
283,Death Note,4
283,Steins;Gate,5
283,Ranking of Kings,2
284,Steins;Gate,4
284,Made in Abyss,4
284,The Apothecary Diaries,3
284,Haikyu!!,4
284,Skip and Loafer,4
284,Laid-Back Camp,4
284,Hunter x Hunter,4
284,Cowboy Bebop,4
284,Banana Fish,5
285,Kuroko's Basketball,4
285,Spy x Family,5
285,Mashle: Magic and Muscles,4
285,Kaguya-sama: Love is War,4
285,One-Punch Man,5
285,Gintama,4
285,Bocchi the Rock!,5
285,Assassination Classroom,4
285,Mob Psycho 100,4
285,Haikyu!!,2
285,Jojo's Bizarre Adventure,3
285,Banana Fish,2
285,KONOSUBA -God's blessing on this wonderful world!,4
285,The Promised Neverland,3
285,Cowboy Bebop,2
285,Laid-Back Camp,3
285,Made in Abyss,3
285,Nichijou - My Ordinary Life,4
285,Clannad After Story,1
285,Dr. Stone,3
285,Naruto Shippuden,2
285,Your Lie in April,2
285,Black Clover,2
285,Vinland Saga,2
286,Death Note,4
286,The Promised Neverland,4
286,Steins;Gate,4
286,Banana Fish,4
286,Ranking of Kings,3
286,Erased,4
286,Psycho-Pass,4
286,Free! - Iwatobi Swim Club,2
286,Attack on Titan,3
286,Odd Taxi,4
286,Spy x Family,2
286,Code Geass,4
287,Rascal Does Not Dream of Bunny Girl Senpai,3
287,Yuri!!! on Ice,4
287,Naruto,2
287,Assassination Classroom,4
287,Wind Breaker,5
287,Blue Lock,5
287,Laid-Back Camp,2
287,Psycho-Pass,3
287,Bocchi the Rock!,3
287,Hell's Paradise,4
287,Chainsaw Man,3
287,Free! - Iwatobi Swim Club,4
287,Horimiya,3
287,Black Clover,3
287,Dr. Stone,2
287,Jojo's Bizarre Adventure,3
287,Haikyu!!,5
287,Kuroko's Basketball,4
287,Neon Genesis Evangelion,2
287,Frieren: Beyond Journey's End,2
287,Kaguya-sama: Love is War,3
288,Yuri!!! on Ice,3
288,Mushishi,2
288,Wind Breaker,4
288,Odd Taxi,2
288,Free! - Iwatobi Swim Club,4
288,Assassination Classroom,3
288,Blue Lock,3
288,Kuroko's Basketball,4
288,Haikyu!!,5
288,Hunter x Hunter,2
288,Gintama,3
289,Attack on Titan,4
289,Death Note,4
289,Kaiju No. 8,5
289,Re:ZERO -Starting Life in Another World-,2
289,Psycho-Pass,3
289,Wind Breaker,3
289,One Piece,5
289,Demon Slayer: Kimetsu no Yaiba,4
289,The Promised Neverland,3
289,My Hero Academia,4
290,Hunter x Hunter,2
290,Erased,3
290,Attack on Titan,5
290,Kaiju No. 8,4
290,The Promised Neverland,4
290,Death Note,5
290,Neon Genesis Evangelion,2
291,Kaiju No. 8,4
291,Chainsaw Man,5
291,Naruto Shippuden,4
291,Jujutsu Kaisen,4
291,Dragon Ball Super,4
291,One-Punch Man,2
291,Assassination Classroom,2
291,Spy x Family,2
292,Bocchi the Rock!,4
292,Gintama,4
292,Naruto,4
292,Your Lie in April,3
292,Nichijou - My Ordinary Life,4
292,Dragon Ball Super,4
292,Ranking of Kings,2
292,Demon Slayer: Kimetsu no Yaiba,5
292,Naruto Shippuden,3
292,One Piece,4
292,Steins;Gate,3
292,Mashle: Magic and Muscles,4
293,Kaiju No. 8,5
293,Solo Leveling,3
293,My Hero Academia,5
293,Jujutsu Kaisen,5
293,Bleach,5
293,Chainsaw Man,5
293,Vinland Saga,3
293,One Piece,5
293,Fire Force,4
293,Naruto Shippuden,5
293,Hell's Paradise,5
293,Haikyu!!,3
293,Demon Slayer: Kimetsu no Yaiba,5
293,Free! - Iwatobi Swim Club,2
293,Dragon Ball Super,5
294,Jojo's Bizarre Adventure,4
294,Jujutsu Kaisen,5
294,Re:ZERO -Starting Life in Another World-,5
294,One Piece,5
294,The Rising of the Shield Hero,3
294,Mashle: Magic and Muscles,4
294,The Eminence in Shadow,3
294,Naruto Shippuden,4
294,KONOSUBA -God's blessing on this wonderful world!,3
294,Naruto,3
294,Demon Slayer: Kimetsu no Yaiba,4
294,Wind Breaker,4
294,Dandadan,4
294,Bleach,4
294,Dr. Stone,2
294,Black Clover,4
294,Mushoku Tensei: Jobless Reincarnation,4
294,Fire Force,3
294,Solo Leveling,4
294,Spy x Family,3
294,Kaguya-sama: Love is War,2
294,That Time I Got Reincarnated as a Slime,4
294,Mushishi,2
294,Chainsaw Man,4
295,My Dress-Up Darling,3
295,Jujutsu Kaisen,3
295,Kaguya-sama: Love is War,4
295,Bleach,2
295,Rascal Does Not Dream of Bunny Girl Senpai,4
295,Dandadan,4
295,Ranking of Kings,2
295,Gintama,1
295,Spy x Family,5
295,Mashle: Magic and Muscles,2
295,Your Lie in April,4
296,Death Note,3
296,Made in Abyss,4
296,Clannad After Story,3
296,My Dress-Up Darling,3
296,Mushishi,4
296,Steins;Gate,4
296,Kaguya-sama: Love is War,5
296,Cowboy Bebop,4
296,Vinland Saga,4
296,Spy x Family,3
296,Hunter x Hunter,4
296,Dandadan,3
296,Gintama,5
296,Frieren: Beyond Journey's End,4
297,Horimiya,3
297,Gintama,5
297,Hunter x Hunter,4
297,Steins;Gate,4
297,Mushishi,4
297,Vinland Saga,5
297,Attack on Titan,4
297,Frieren: Beyond Journey's End,4
297,Made in Abyss,4
297,Kaiju No. 8,2
297,Cowboy Bebop,5
297,Spy x Family,2
297,Neon Genesis Evangelion,3
297,Rascal Does Not Dream of Bunny Girl Senpai,2
297,Banana Fish,5
297,Demon Slayer: Kimetsu no Yaiba,2
297,Fullmetal Alchemist: Brotherhood,5
297,Dragon Ball Super,2
297,My Dress-Up Darling,2
297,Hell's Paradise,2
297,Naruto,1
297,Black Clover,3
298,Bocchi the Rock!,4
298,Made in Abyss,2
298,Frieren: Beyond Journey's End,4
298,Dr. Stone,5
298,The Apothecary Diaries,5
298,Haikyu!!,4
298,Laid-Back Camp,4
298,Ranking of Kings,4
298,Spy x Family,5
298,Mushoku Tensei: Jobless Reincarnation,1
298,Overlord,2
298,Rascal Does Not Dream of Bunny Girl Senpai,2
298,Neon Genesis Evangelion,1
298,Kaiju No. 8,2
299,One-Punch Man,5
299,Nichijou - My Ordinary Life,4
299,Gintama,5
299,Bocchi the Rock!,4
299,Spy x Family,4
299,Mob Psycho 100,4
299,Kaguya-sama: Love is War,4
299,Mashle: Magic and Muscles,5
299,Assassination Classroom,4
300,Cowboy Bebop,4
300,Blue Lock,4
300,The Eminence in Shadow,5
300,Mushoku Tensei: Jobless Reincarnation,5
300,Mashle: Magic and Muscles,5
300,Yuri!!! on Ice,4
300,Re:ZERO -Starting Life in Another World-,5
300,That Time I Got Reincarnated as a Slime,5
300,Free! - Iwatobi Swim Club,3
300,Mushishi,2
301,Cowboy Bebop,4
301,Fullmetal Alchemist: Brotherhood,4
301,Banana Fish,4
301,Steins;Gate,4
301,One Piece,2
301,Gintama,4
301,Attack on Titan,4
301,Neon Genesis Evangelion,3
301,Frieren: Beyond Journey's End,4
301,My Dress-Up Darling,1
301,Mushoku Tensei: Jobless Reincarnation,2
302,One Piece,5
302,Dragon Ball Super,5
302,Jojo's Bizarre Adventure,4
302,Naruto,5
302,Fire Force,3
302,Laid-Back Camp,1
302,One-Punch Man,3
302,Demon Slayer: Kimetsu no Yaiba,4
302,Yuri!!! on Ice,2
302,My Hero Academia,3
302,Wind Breaker,4
302,Naruto Shippuden,3
302,Kaiju No. 8,4
302,Chainsaw Man,4
302,Hell's Paradise,4
303,Assassination Classroom,4
303,KONOSUBA -God's blessing on this wonderful world!,4
303,Kaguya-sama: Love is War,5
303,Cowboy Bebop,2
303,Bocchi the Rock!,4
303,Gintama,4
303,Rascal Does Not Dream of Bunny Girl Senpai,3
303,Fruits Basket,2
303,Spy x Family,5
303,Dandadan,2
303,That Time I Got Reincarnated as a Slime,3
303,One-Punch Man,4
303,Mob Psycho 100,4
303,Nichijou - My Ordinary Life,5
303,Haikyu!!,2
303,Solo Leveling,3
303,Psycho-Pass,3
304,Re:ZERO -Starting Life in Another World-,4
304,Fruits Basket,3
304,Mashle: Magic and Muscles,5
304,Death Note,2
304,That Time I Got Reincarnated as a Slime,4
304,Overlord,4
304,Solo Leveling,5
304,KONOSUBA -God's blessing on this wonderful world!,4
304,The Eminence in Shadow,5
304,Vinland Saga,3
304,Odd Taxi,2
304,Wind Breaker,3
304,The Rising of the Shield Hero,4
304,Horimiya,2
304,Black Clover,1
304,My Hero Academia,2
304,Mushoku Tensei: Jobless Reincarnation,5
304,Log Horizon,4
304,Sword Art Online,4
304,Spy x Family,3
304,Jujutsu Kaisen,3
304,Rascal Does Not Dream of Bunny Girl Senpai,2
304,Demon Slayer: Kimetsu no Yaiba,2
304,Code Geass,2
305,Steins;Gate,5
305,Banana Fish,5
305,Psycho-Pass,4
305,The Promised Neverland,2
305,Yuri!!! on Ice,3
305,Attack on Titan,4
305,Death Note,4
305,Odd Taxi,4
305,Toradora!,2
305,The Apothecary Diaries,4
305,Erased,4
305,Code Geass,4
305,Cowboy Bebop,3
305,Fullmetal Alchemist: Brotherhood,4
305,Log Horizon,2
305,Chainsaw Man,3
305,Hunter x Hunter,2
305,Dr. Stone,2
306,Made in Abyss,2
306,Overlord,4
306,Mashle: Magic and Muscles,4
306,That Time I Got Reincarnated as a Slime,3
306,Steins;Gate,2
306,The Eminence in Shadow,4
306,Re:ZERO -Starting Life in Another World-,5
307,Hunter x Hunter,3
307,Gintama,4
307,Fullmetal Alchemist: Brotherhood,4
307,Bleach,1
307,Mushishi,3
307,Kaiju No. 8,2
307,Made in Abyss,4
307,Vinland Saga,4
307,Steins;Gate,5
307,Cowboy Bebop,3
307,Laid-Back Camp,2
307,My Dress-Up Darling,2
307,Horimiya,2
307,Odd Taxi,1
307,Frieren: Beyond Journey's End,5
307,Naruto Shippuden,1
307,Neon Genesis Evangelion,4
307,Erased,2
307,Banana Fish,4
307,Attack on Titan,5
307,Nichijou - My Ordinary Life,2
308,My Dress-Up Darling,5
308,Your Lie in April,4
308,Banana Fish,2
308,Kaguya-sama: Love is War,5
308,Horimiya,4
308,Clannad After Story,5
308,Rascal Does Not Dream of Bunny Girl Senpai,4
308,Kuroko's Basketball,2
308,Fruits Basket,4
308,Dandadan,4
308,Spy x Family,4
308,Vinland Saga,4
308,Log Horizon,2
308,Toradora!,4
308,Code Geass,2
308,Jojo's Bizarre Adventure,2
308,Odd Taxi,3
309,Laid-Back Camp,3
309,The Apothecary Diaries,4
309,Bocchi the Rock!,5
309,Dandadan,2
309,My Hero Academia,1
309,Frieren: Beyond Journey's End,3
309,Haikyu!!,5
309,Skip and Loafer,4
309,Mushishi,3
309,Rascal Does Not Dream of Bunny Girl Senpai,1
309,Gintama,1
309,Yuri!!! on Ice,3
309,Spy x Family,4
309,Kaguya-sama: Love is War,2
309,Horimiya,3
309,Cowboy Bebop,3
309,Nichijou - My Ordinary Life,3
309,Ranking of Kings,4
309,Dr. Stone,3
309,Bleach,1
310,Jojo's Bizarre Adventure,4
310,Death Note,2
310,Jujutsu Kaisen,5
310,Free! - Iwatobi Swim Club,4
310,Dragon Ball Super,3
310,Kuroko's Basketball,4
310,One Piece,3
310,Dandadan,4
310,Chainsaw Man,4
310,Solo Leveling,4
310,Bleach,4
310,Naruto,3
310,Demon Slayer: Kimetsu no Yaiba,5
310,Haikyu!!,3
310,Black Clover,2
310,My Hero Academia,3
310,Assassination Classroom,4
310,Attack on Titan,2
310,Kaiju No. 8,4
310,Naruto Shippuden,3
310,Yuri!!! on Ice,3
310,Fire Force,3
310,Blue Lock,4
310,Hell's Paradise,3
310,Hunter x Hunter,2
311,Bocchi the Rock!,4
311,Spy x Family,4
311,Gintama,3
311,Mashle: Magic and Muscles,4
311,One-Punch Man,4
311,Mob Psycho 100,2
311,Kaiju No. 8,2
311,Your Lie in April,3
311,Assassination Classroom,4
311,Kaguya-sama: Love is War,3
311,Yuri!!! on Ice,2
311,Re:ZERO -Starting Life in Another World-,1
311,Dandadan,2
311,Steins;Gate,1
312,Cowboy Bebop,5
312,Steins;Gate,5
312,Attack on Titan,5
312,Banana Fish,5
312,Hunter x Hunter,5
312,Frieren: Beyond Journey's End,5
312,Vinland Saga,5
312,Neon Genesis Evangelion,5
312,Toradora!,3
313,Hell's Paradise,3
313,Chainsaw Man,4
313,Naruto Shippuden,4
313,Solo Leveling,5
313,One Piece,5
313,Jojo's Bizarre Adventure,4
313,Kaiju No. 8,4
313,Jujutsu Kaisen,5
313,Fire Force,4
313,Mob Psycho 100,2
313,Bleach,4
314,Overlord,5
314,Haikyu!!,5
314,Mashle: Magic and Muscles,5
314,Jujutsu Kaisen,3
314,Sword Art Online,3
314,Wind Breaker,4
314,Attack on Titan,3
314,KONOSUBA -God's blessing on this wonderful world!,5
314,Log Horizon,4
314,The Eminence in Shadow,5
314,Kuroko's Basketball,3
314,Free! - Iwatobi Swim Club,4
314,Re:ZERO -Starting Life in Another World-,5
315,Neon Genesis Evangelion,3
315,Code Geass,3
315,Clannad After Story,2
315,Gintama,5
315,Made in Abyss,5
315,Fullmetal Alchemist: Brotherhood,5
315,Hunter x Hunter,3
315,Steins;Gate,4
315,Black Clover,2
316,Bleach,4
316,Rascal Does Not Dream of Bunny Girl Senpai,3
316,Demon Slayer: Kimetsu no Yaiba,4
316,Spy x Family,4
316,Kaiju No. 8,4
316,Black Clover,3
316,One Piece,4
316,Naruto,3
316,Naruto Shippuden,4
316,Kaguya-sama: Love is War,2
316,My Dress-Up Darling,3
316,Horimiya,4
316,Dragon Ball Super,4
316,Fire Force,3
317,Made in Abyss,4
317,Re:ZERO -Starting Life in Another World-,2
317,Gintama,4
317,Vinland Saga,4
317,Attack on Titan,5
317,Fullmetal Alchemist: Brotherhood,4
317,Code Geass,5
317,Frieren: Beyond Journey's End,4
317,Odd Taxi,4
317,Banana Fish,4
317,Yuri!!! on Ice,3
317,Kaiju No. 8,2
317,Steins;Gate,4
317,The Apothecary Diaries,5
317,Cowboy Bebop,4
317,Psycho-Pass,4
317,Death Note,5
317,Erased,4
317,Bleach,4
317,My Hero Academia,1
317,One Piece,2
317,Assassination Classroom,2
317,Neon Genesis Evangelion,5
317,Laid-Back Camp,4
317,Mushishi,5
318,Dr. Stone,4
318,The Apothecary Diaries,4
318,Frieren: Beyond Journey's End,5
318,Naruto,2
318,Spy x Family,4
318,Ranking of Kings,4
318,The Rising of the Shield Hero,2
318,Haikyu!!,5
318,Bocchi the Rock!,4
318,Jujutsu Kaisen,2
319,Free! - Iwatobi Swim Club,5
319,Kuroko's Basketball,4
319,Haikyu!!,5
319,Wind Breaker,4
319,Blue Lock,4
319,Jojo's Bizarre Adventure,3
320,Solo Leveling,3
320,Bleach,3
320,Fruits Basket,2
320,Jujutsu Kaisen,4
320,Chainsaw Man,3
320,Hell's Paradise,4
320,One Piece,4
320,Dandadan,5
320,Naruto,5
320,Kaiju No. 8,4
321,The Eminence in Shadow,3
321,Mushoku Tensei: Jobless Reincarnation,4
321,Hell's Paradise,2
321,Re:ZERO -Starting Life in Another World-,4
321,Log Horizon,4
321,Mashle: Magic and Muscles,4
321,The Rising of the Shield Hero,5
321,That Time I Got Reincarnated as a Slime,4
321,Solo Leveling,3
321,Horimiya,2
321,Bocchi the Rock!,2
321,KONOSUBA -God's blessing on this wonderful world!,4
322,Demon Slayer: Kimetsu no Yaiba,4
322,Black Clover,4
322,Fire Force,4
322,Naruto Shippuden,4
322,Fruits Basket,2
322,Jujutsu Kaisen,4
322,One Piece,4
322,Dragon Ball Super,4
322,Chainsaw Man,5
322,Re:ZERO -Starting Life in Another World-,3
322,Solo Leveling,4
322,Dandadan,4
322,Clannad After Story,2
322,Kaiju No. 8,5
322,Jojo's Bizarre Adventure,3
323,Attack on Titan,3
323,The Promised Neverland,3
323,Odd Taxi,4
323,Psycho-Pass,3
323,The Apothecary Diaries,3
323,Steins;Gate,3
323,Hunter x Hunter,2
323,Free! - Iwatobi Swim Club,1
323,Mob Psycho 100,2
323,Erased,4
323,Death Note,5
323,The Eminence in Shadow,3
323,Toradora!,1
323,Code Geass,3
324,Kaiju No. 8,3
324,Toradora!,5
324,Spy x Family,3
324,Your Lie in April,4
324,My Hero Academia,4
324,Chainsaw Man,4
324,Jojo's Bizarre Adventure,4
324,One Piece,5
324,Solo Leveling,4
324,Jujutsu Kaisen,4
325,Mashle: Magic and Muscles,3
325,Fruits Basket,2
325,One Piece,3
325,Solo Leveling,4
325,Erased,3
325,KONOSUBA -God's blessing on this wonderful world!,4
325,Log Horizon,4
325,Haikyu!!,3
325,Dr. Stone,3
325,Re:ZERO -Starting Life in Another World-,3
325,The Eminence in Shadow,3
325,The Rising of the Shield Hero,4
325,Assassination Classroom,3
325,Overlord,5
325,Mushoku Tensei: Jobless Reincarnation,4
325,Wind Breaker,2
325,Rascal Does Not Dream of Bunny Girl Senpai,1
325,Chainsaw Man,3
325,Vinland Saga,2
325,Clannad After Story,4
325,That Time I Got Reincarnated as a Slime,4
325,Bocchi the Rock!,4
325,Sword Art Online,4
325,Kuroko's Basketball,1
325,Demon Slayer: Kimetsu no Yaiba,2
326,Mashle: Magic and Muscles,3
326,Assassination Classroom,4
326,Mob Psycho 100,5
326,Gintama,4
326,Psycho-Pass,2
326,Demon Slayer: Kimetsu no Yaiba,2
326,KONOSUBA -God's blessing on this wonderful world!,3
326,One-Punch Man,4
326,Hell's Paradise,1
327,Bleach,4
327,Naruto,4
327,Chainsaw Man,3
327,Jojo's Bizarre Adventure,3
327,Solo Leveling,4
327,Hell's Paradise,5
327,Jujutsu Kaisen,4
327,Fire Force,3
327,Wind Breaker,3
328,Ranking of Kings,5
328,Haikyu!!,4
328,Spy x Family,3
328,Dr. Stone,4
328,Frieren: Beyond Journey's End,4
328,Hunter x Hunter,3
328,Bocchi the Rock!,4
328,The Apothecary Diaries,4
328,Attack on Titan,3
328,Fullmetal Alchemist: Brotherhood,3
328,Horimiya,2
328,The Rising of the Shield Hero,2
328,Laid-Back Camp,4
328,That Time I Got Reincarnated as a Slime,2
328,Fruits Basket,2
328,My Hero Academia,2
328,Mushishi,3
329,Haikyu!!,5
329,Free! - Iwatobi Swim Club,4
329,Erased,2
329,Wind Breaker,3
329,Jojo's Bizarre Adventure,3
329,Blue Lock,5
329,Jujutsu Kaisen,3
329,Assassination Classroom,5
329,Yuri!!! on Ice,4
329,Kuroko's Basketball,4
329,Mushishi,3
329,Code Geass,3
329,Mashle: Magic and Muscles,1
329,Fruits Basket,3
329,Spy x Family,2
329,Toradora!,3
330,Blue Lock,5
330,Haikyu!!,5
330,Free! - Iwatobi Swim Club,5
330,Yuri!!! on Ice,5
330,Kuroko's Basketball,5
330,Assassination Classroom,4
330,Mashle: Magic and Muscles,3
330,Horimiya,3
330,Wind Breaker,4
330,Solo Leveling,3
330,Cowboy Bebop,3
330,Spy x Family,3
330,Jojo's Bizarre Adventure,3
330,Attack on Titan,4
330,The Promised Neverland,2
331,Haikyu!!,5
331,Demon Slayer: Kimetsu no Yaiba,4
331,Solo Leveling,4
331,Jojo's Bizarre Adventure,4
331,Chainsaw Man,5
331,Bocchi the Rock!,4
331,Nichijou - My Ordinary Life,4
331,Laid-Back Camp,4
331,Spy x Family,5
331,Dandadan,4
331,My Hero Academia,4
331,Dragon Ball Super,4
331,Ranking of Kings,4
331,Kaiju No. 8,3
331,Bleach,3
331,Mushishi,4
331,One Piece,3
332,Naruto,5
332,Kaiju No. 8,5
332,My Hero Academia,3
332,Spy x Family,5
332,Fire Force,4
332,Naruto Shippuden,4
332,The Apothecary Diaries,5
332,Wind Breaker,3
332,Black Clover,4
332,Dandadan,4
332,Frieren: Beyond Journey's End,4
332,One Piece,4
332,Haikyu!!,4
332,Jujutsu Kaisen,4
332,Jojo's Bizarre Adventure,5
332,Dr. Stone,4
332,Hell's Paradise,4
332,Laid-Back Camp,4
332,Solo Leveling,5
332,Chainsaw Man,4
332,Bleach,4
333,That Time I Got Reincarnated as a Slime,2
333,Black Clover,4
333,Demon Slayer: Kimetsu no Yaiba,5
333,Wind Breaker,5
333,My Hero Academia,5
333,Solo Leveling,4
333,Bleach,5
333,My Dress-Up Darling,3
333,Kaiju No. 8,5
333,Jujutsu Kaisen,4
333,Ranking of Kings,2
333,Hell's Paradise,4
333,Fire Force,4
333,Naruto,5
333,Jojo's Bizarre Adventure,4
333,Dragon Ball Super,4
333,Dr. Stone,1
333,Naruto Shippuden,3
333,Banana Fish,2
334,Clannad After Story,5
334,Naruto Shippuden,2
334,Dandadan,4
334,My Dress-Up Darling,5
334,Yuri!!! on Ice,2
334,Kaiju No. 8,2
334,Rascal Does Not Dream of Bunny Girl Senpai,4
334,Kaguya-sama: Love is War,3
334,Toradora!,4
334,Spy x Family,4
334,Dragon Ball Super,2
334,Laid-Back Camp,3
334,Your Lie in April,5
334,KONOSUBA -God's blessing on this wonderful world!,3
334,Horimiya,5
334,Jujutsu Kaisen,3
334,Fruits Basket,4
334,Death Note,2
334,Fire Force,3
334,Banana Fish,2
334,Jojo's Bizarre Adventure,3
335,Erased,2
335,Wind Breaker,3
335,Banana Fish,4
335,Log Horizon,4
335,Mashle: Magic and Muscles,5
335,Frieren: Beyond Journey's End,5
336,Bocchi the Rock!,4
336,Fruits Basket,3
336,Yuri!!! on Ice,3
336,Kaguya-sama: Love is War,4
336,Blue Lock,4
336,The Apothecary Diaries,3
336,KONOSUBA -God's blessing on this wonderful world!,3
336,Haikyu!!,4
336,Free! - Iwatobi Swim Club,4
336,Gintama,5
337,My Dress-Up Darling,4
337,Dandadan,5
337,Assassination Classroom,4
337,Fruits Basket,5
337,Tokyo Ghoul,2
337,Clannad After Story,4
338,Ranking of Kings,4
338,Bocchi the Rock!,5
338,Nichijou - My Ordinary Life,4
338,Haikyu!!,5
338,Laid-Back Camp,5
338,The Apothecary Diaries,5
338,Spy x Family,5
338,Rascal Does Not Dream of Bunny Girl Senpai,2
338,Dr. Stone,5
338,Horimiya,3
338,Frieren: Beyond Journey's End,5
338,Skip and Loafer,5
338,Attack on Titan,3
338,Hunter x Hunter,3
338,Kaguya-sama: Love is War,3
338,Code Geass,3
338,Kuroko's Basketball,3
339,Kuroko's Basketball,5
339,KONOSUBA -God's blessing on this wonderful world!,5
339,Haikyu!!,5
339,Mob Psycho 100,5
339,Wind Breaker,5
339,Hunter x Hunter,5
339,Nichijou - My Ordinary Life,3
339,Spy x Family,3
339,Blue Lock,4
339,Free! - Iwatobi Swim Club,5
339,The Eminence in Shadow,2
339,Kaguya-sama: Love is War,5
339,Bocchi the Rock!,4
339,Assassination Classroom,4
340,Fullmetal Alchemist: Brotherhood,5
340,Dandadan,2
340,Gintama,3
340,Made in Abyss,3
340,Vinland Saga,4
340,Steins;Gate,5
340,Mushishi,4
340,Attack on Titan,4
340,Neon Genesis Evangelion,3
340,Cowboy Bebop,4
340,Banana Fish,3
340,Frieren: Beyond Journey's End,4
340,Laid-Back Camp,3
340,Naruto,2
340,Code Geass,2
340,Haikyu!!,2
340,Nichijou - My Ordinary Life,2
340,Hunter x Hunter,3
340,The Rising of the Shield Hero,2
340,Hell's Paradise,3
340,Fire Force,2
340,Fruits Basket,3
341,Spy x Family,5
341,Yuri!!! on Ice,4
341,Assassination Classroom,4
341,Psycho-Pass,3
341,Horimiya,5
341,Free! - Iwatobi Swim Club,4
341,Clannad After Story,5
341,Toradora!,5
341,My Dress-Up Darling,5
341,Dandadan,5
341,Kuroko's Basketball,5
341,One Piece,5
341,Rascal Does Not Dream of Bunny Girl Senpai,4
341,Blue Lock,4
341,Fruits Basket,4
341,Wind Breaker,5
341,Kaguya-sama: Love is War,5
341,Haikyu!!,5
341,Your Lie in April,4
341,Attack on Titan,4
341,Jujutsu Kaisen,3
341,Chainsaw Man,4
341,Gintama,3
342,Wind Breaker,5
342,The Eminence in Shadow,4
342,Ranking of Kings,3
342,Kuroko's Basketball,5
342,Bocchi the Rock!,3
342,Free! - Iwatobi Swim Club,4
342,Horimiya,2
342,Toradora!,2
342,The Promised Neverland,1
342,Yuri!!! on Ice,4
342,Log Horizon,3
342,Steins;Gate,3
342,Haikyu!!,5
342,Mashle: Magic and Muscles,3
342,Assassination Classroom,3
342,One-Punch Man,3
342,Kaguya-sama: Love is War,4
342,Bleach,2
342,Blue Lock,3
342,Cowboy Bebop,2
342,Laid-Back Camp,4
342,That Time I Got Reincarnated as a Slime,3
342,Frieren: Beyond Journey's End,2
342,Black Clover,4
343,Solo Leveling,3
343,Frieren: Beyond Journey's End,3
343,Kuroko's Basketball,5
343,Wind Breaker,4
343,Haikyu!!,5
343,Free! - Iwatobi Swim Club,4
344,Made in Abyss,4
344,Hell's Paradise,4
344,Jujutsu Kaisen,5
344,Mashle: Magic and Muscles,3
344,Chainsaw Man,5
344,Jojo's Bizarre Adventure,4
345,Assassination Classroom,5
345,Mashle: Magic and Muscles,5
345,Yuri!!! on Ice,3
345,One-Punch Man,5
345,Chainsaw Man,5
345,One Piece,5
345,Fire Force,4
345,My Hero Academia,5
345,Kaguya-sama: Love is War,5
345,Re:ZERO -Starting Life in Another World-,3
345,Spy x Family,5
345,Bocchi the Rock!,4
345,Jujutsu Kaisen,4
345,Free! - Iwatobi Swim Club,4
345,Black Clover,5
345,KONOSUBA -God's blessing on this wonderful world!,5
345,Wind Breaker,5
345,Dandadan,5
345,Bleach,4
345,Gintama,4
345,Naruto Shippuden,4
345,Dragon Ball Super,3
345,Mob Psycho 100,4
345,Jojo's Bizarre Adventure,5
346,Wind Breaker,5
346,Mashle: Magic and Muscles,2
346,Hunter x Hunter,3
346,The Rising of the Shield Hero,3
346,Free! - Iwatobi Swim Club,4
346,Kuroko's Basketball,4
346,Laid-Back Camp,2
346,Haikyu!!,5
346,Frieren: Beyond Journey's End,2
346,Kaguya-sama: Love is War,3
346,Yuri!!! on Ice,5
346,Cowboy Bebop,2
346,Assassination Classroom,5
346,Naruto,2
346,Blue Lock,4
346,Psycho-Pass,3
346,That Time I Got Reincarnated as a Slime,3
346,My Dress-Up Darling,2
346,Death Note,2
347,Death Note,5
347,Haikyu!!,4
347,Free! - Iwatobi Swim Club,5
347,Steins;Gate,5
347,Odd Taxi,5
347,Code Geass,4
347,One-Punch Man,3
347,Erased,5
347,The Promised Neverland,5
347,Wind Breaker,4
347,Mashle: Magic and Muscles,2
347,Yuri!!! on Ice,5
347,Ranking of Kings,3
347,Assassination Classroom,4
347,Dr. Stone,4
347,Blue Lock,5
347,Attack on Titan,5
347,Kuroko's Basketball,4
347,Banana Fish,5
347,The Apothecary Diaries,5
347,One Piece,4
347,Bleach,3
347,Log Horizon,3
348,Kaguya-sama: Love is War,5
348,My Hero Academia,1
348,Mob Psycho 100,5
348,One Piece,1
348,KONOSUBA -God's blessing on this wonderful world!,5
348,Made in Abyss,1
348,Nichijou - My Ordinary Life,5
348,Bocchi the Rock!,4
348,Hunter x Hunter,3
348,Mashle: Magic and Muscles,5
348,One-Punch Man,4
348,Assassination Classroom,4
348,Ranking of Kings,2
348,Gintama,5
348,Horimiya,2
348,Laid-Back Camp,2
348,Vinland Saga,3
349,Frieren: Beyond Journey's End,5
349,Wind Breaker,4
349,Ranking of Kings,4
349,The Promised Neverland,3
349,One Piece,4
349,Laid-Back Camp,4
349,Naruto,3
349,Solo Leveling,5
349,Spy x Family,5
349,Skip and Loafer,5
349,Bocchi the Rock!,4
349,Kaiju No. 8,3
349,The Apothecary Diaries,3
349,Dandadan,5
349,Bleach,4
349,Dr. Stone,4
349,Haikyu!!,5
349,Jojo's Bizarre Adventure,3
350,Hunter x Hunter,3
350,Wind Breaker,4
350,Spy x Family,3
350,Free! - Iwatobi Swim Club,4
350,Made in Abyss,3
350,Yuri!!! on Ice,5
350,Haikyu!!,4
350,The Eminence in Shadow,4
350,Cowboy Bebop,3
350,Blue Lock,3
351,Jojo's Bizarre Adventure,5
351,Naruto,4
351,Bleach,5
351,One Piece,3
351,Frieren: Beyond Journey's End,4
351,Solo Leveling,4
351,Dandadan,5
351,Black Clover,5
352,Attack on Titan,4
352,The Apothecary Diaries,4
352,The Promised Neverland,3
352,Hunter x Hunter,3
352,Odd Taxi,5
352,Erased,4
352,Banana Fish,4
352,Death Note,4
352,Steins;Gate,5
352,The Eminence in Shadow,3
352,Code Geass,4
352,Your Lie in April,3
352,Assassination Classroom,4
352,Fruits Basket,3
352,Spy x Family,1
352,Demon Slayer: Kimetsu no Yaiba,4
352,Vinland Saga,2
352,Jujutsu Kaisen,3
352,Psycho-Pass,4
352,KONOSUBA -God's blessing on this wonderful world!,2
352,Clannad After Story,3
352,Fire Force,1
352,Kaguya-sama: Love is War,3
352,Kaiju No. 8,3
352,Solo Leveling,2
353,The Rising of the Shield Hero,4
353,The Eminence in Shadow,4
353,Odd Taxi,4
353,That Time I Got Reincarnated as a Slime,4
353,KONOSUBA -God's blessing on this wonderful world!,3
353,Banana Fish,3
353,Mashle: Magic and Muscles,3
353,Steins;Gate,4
353,Death Note,3
353,Erased,4
353,Attack on Titan,5
353,Re:ZERO -Starting Life in Another World-,4
353,Overlord,4
353,Psycho-Pass,3
353,Dr. Stone,2
353,Blue Lock,2
353,Solo Leveling,4
353,Log Horizon,3
353,Code Geass,4
353,Kuroko's Basketball,1
353,The Apothecary Diaries,3
354,Cowboy Bebop,4
354,Steins;Gate,4
354,One Piece,2
354,The Apothecary Diaries,5
354,Neon Genesis Evangelion,4
354,Frieren: Beyond Journey's End,4
354,Attack on Titan,3
355,One-Punch Man,4
355,Demon Slayer: Kimetsu no Yaiba,4
355,Kaguya-sama: Love is War,5
355,Solo Leveling,3
355,Mashle: Magic and Muscles,4
355,Hell's Paradise,4
355,Dragon Ball Super,3
355,Kaiju No. 8,5
355,Chainsaw Man,3
355,Fire Force,5
355,Wind Breaker,4
355,Spy x Family,3
355,Bleach,5
355,Black Clover,5
355,Nichijou - My Ordinary Life,4
355,My Hero Academia,3
356,Death Note,5
356,Haikyu!!,4
356,Skip and Loafer,2
356,Code Geass,5
356,Steins;Gate,5
356,The Apothecary Diaries,4
356,Attack on Titan,5
356,The Promised Neverland,4
356,Blue Lock,4
356,Banana Fish,4
357,Gintama,5
357,Re:ZERO -Starting Life in Another World-,3
357,Made in Abyss,5
357,Steins;Gate,4
357,Jojo's Bizarre Adventure,3
357,Fullmetal Alchemist: Brotherhood,5
357,Hunter x Hunter,5
357,Mushishi,4
357,Attack on Titan,4
357,Your Lie in April,3
357,Jujutsu Kaisen,4
357,Cowboy Bebop,4
357,Vinland Saga,4
357,Frieren: Beyond Journey's End,4
357,Death Note,2
357,Naruto,2
357,Banana Fish,5
357,Spy x Family,3
357,Bocchi the Rock!,3
357,Skip and Loafer,3
357,Neon Genesis Evangelion,3
358,Spy x Family,4
358,The Promised Neverland,3
358,Hell's Paradise,4
358,Clannad After Story,5
358,Rascal Does Not Dream of Bunny Girl Senpai,5
358,My Hero Academia,5
359,Assassination Classroom,3
359,Fruits Basket,3
359,Skip and Loafer,1
359,Gintama,4
359,Spy x Family,4
359,Bocchi the Rock!,4
359,KONOSUBA -God's blessing on this wonderful world!,4
360,Mushishi,3
360,Wind Breaker,4
360,Kaguya-sama: Love is War,4
360,Kuroko's Basketball,4
360,Mashle: Magic and Muscles,5
360,Fullmetal Alchemist: Brotherhood,3
360,KONOSUBA -God's blessing on this wonderful world!,4
360,Gintama,5
360,Yuri!!! on Ice,5
360,One-Punch Man,4
360,Assassination Classroom,4
360,Haikyu!!,4
360,Mob Psycho 100,5
360,Spy x Family,5
360,Bocchi the Rock!,5
360,Nichijou - My Ordinary Life,5
360,Naruto Shippuden,3
360,Cowboy Bebop,3
360,Erased,3
360,Free! - Iwatobi Swim Club,5
360,Steins;Gate,4
360,My Dress-Up Darling,2
360,Blue Lock,4
361,Kaiju No. 8,5
361,Dandadan,5
361,Jujutsu Kaisen,5
361,Naruto Shippuden,5
361,Jojo's Bizarre Adventure,5
361,Black Clover,5
361,Chainsaw Man,5
361,Frieren: Beyond Journey's End,3
361,Demon Slayer: Kimetsu no Yaiba,5
361,Solo Leveling,5
361,Wind Breaker,5
361,Hell's Paradise,3
361,Fire Force,5
361,Cowboy Bebop,2
361,Death Note,3
361,One Piece,4
361,Bleach,5
361,My Hero Academia,5
361,Haikyu!!,4
361,Neon Genesis Evangelion,2
361,Dragon Ball Super,5
361,Naruto,3
361,Your Lie in April,3
362,Attack on Titan,5
362,Mashle: Magic and Muscles,3
362,Steins;Gate,5
362,Vinland Saga,4
362,The Rising of the Shield Hero,2
362,Hunter x Hunter,4
362,Made in Abyss,4
362,Frieren: Beyond Journey's End,4
362,KONOSUBA -God's blessing on this wonderful world!,3
362,Neon Genesis Evangelion,5
362,Mushishi,5
362,Gintama,4
362,Mob Psycho 100,4
362,Fullmetal Alchemist: Brotherhood,5
362,Assassination Classroom,3
362,Laid-Back Camp,3
363,Vinland Saga,3
363,Solo Leveling,4
363,That Time I Got Reincarnated as a Slime,4
363,Haikyu!!,2
363,KONOSUBA -God's blessing on this wonderful world!,4
363,The Rising of the Shield Hero,4
363,Log Horizon,3
363,Mashle: Magic and Muscles,5
363,One Piece,2
363,Sword Art Online,5
363,Re:ZERO -Starting Life in Another World-,3
363,Overlord,5
363,Dandadan,3
363,Dragon Ball Super,2
363,Spy x Family,2
363,Assassination Classroom,2
363,The Eminence in Shadow,4
363,Code Geass,2
364,Nichijou - My Ordinary Life,5
364,Re:ZERO -Starting Life in Another World-,4
364,Overlord,5
364,Gintama,3
364,Attack on Titan,3
364,Spy x Family,4
364,Fullmetal Alchemist: Brotherhood,2
364,Your Lie in April,3
364,KONOSUBA -God's blessing on this wonderful world!,4
364,Bocchi the Rock!,4
364,Solo Leveling,4
364,Skip and Loafer,3
364,Haikyu!!,2
364,The Eminence in Shadow,5
364,That Time I Got Reincarnated as a Slime,4
364,Log Horizon,5
364,My Hero Academia,3
364,Assassination Classroom,3
365,Frieren: Beyond Journey's End,4
365,Spy x Family,5
365,Ranking of Kings,3
365,Haikyu!!,5
365,One Piece,2
365,The Apothecary Diaries,3
365,Dr. Stone,4
365,Chainsaw Man,3
365,Fullmetal Alchemist: Brotherhood,1
366,Dandadan,4
366,Naruto Shippuden,3
366,One Piece,4
366,Assassination Classroom,3
366,Dragon Ball Super,3
366,Black Clover,3
366,Free! - Iwatobi Swim Club,4
366,Jujutsu Kaisen,4
366,The Rising of the Shield Hero,2
366,Wind Breaker,3
366,Jojo's Bizarre Adventure,4
366,Chainsaw Man,3
366,Naruto,3
366,Yuri!!! on Ice,4
366,Blue Lock,5
366,Haikyu!!,3
366,Solo Leveling,4
366,Bocchi the Rock!,1
366,Fire Force,3
366,Kuroko's Basketball,3
366,Overlord,1
366,Demon Slayer: Kimetsu no Yaiba,4
366,My Hero Academia,4
366,Odd Taxi,1
367,Solo Leveling,5
367,Naruto Shippuden,5
367,Chainsaw Man,4
367,Fire Force,4
367,Wind Breaker,4
367,Dragon Ball Super,3
367,Jujutsu Kaisen,4
367,My Hero Academia,4
367,Demon Slayer: Kimetsu no Yaiba,5
367,Horimiya,3
367,Kaiju No. 8,5
367,Laid-Back Camp,3
367,Banana Fish,3
367,Bocchi the Rock!,3
368,Hell's Paradise,5
368,Naruto Shippuden,4
368,Frieren: Beyond Journey's End,5
368,Jujutsu Kaisen,5
368,Vinland Saga,5
368,Bleach,5
368,Dandadan,5
368,Steins;Gate,5
369,Death Note,4
369,Steins;Gate,5
369,That Time I Got Reincarnated as a Slime,4
369,The Eminence in Shadow,5
369,Skip and Loafer,3
369,Erased,5
369,The Promised Neverland,5
369,Fullmetal Alchemist: Brotherhood,2
369,Re:ZERO -Starting Life in Another World-,4
369,Odd Taxi,5
369,Code Geass,4
369,Attack on Titan,4
369,The Apothecary Diaries,5
369,The Rising of the Shield Hero,4
369,Mushoku Tensei: Jobless Reincarnation,5
369,Mashle: Magic and Muscles,4
369,Cowboy Bebop,2
369,Laid-Back Camp,3
369,Nichijou - My Ordinary Life,1
369,Log Horizon,4
369,Banana Fish,4
369,Gintama,1
369,Dr. Stone,3
370,Attack on Titan,5
370,Odd Taxi,4
370,Mashle: Magic and Muscles,5
370,Solo Leveling,4
370,Steins;Gate,5
370,Psycho-Pass,5
370,Re:ZERO -Starting Life in Another World-,4
370,The Apothecary Diaries,4
370,The Rising of the Shield Hero,4
370,Code Geass,4
370,Erased,5
370,Sword Art Online,4
370,Death Note,5
370,The Eminence in Shadow,5
370,Kaguya-sama: Love is War,4
370,KONOSUBA -God's blessing on this wonderful world!,4
370,Banana Fish,5
370,The Promised Neverland,5
370,Fire Force,3
370,Assassination Classroom,3
370,Mushoku Tensei: Jobless Reincarnation,4
371,Clannad After Story,4
371,Frieren: Beyond Journey's End,3
371,Rascal Does Not Dream of Bunny Girl Senpai,5
371,Toradora!,5
371,Spy x Family,4
371,My Dress-Up Darling,5
371,Kaguya-sama: Love is War,5
371,Dandadan,4
371,Vinland Saga,2
371,Wind Breaker,2
372,Horimiya,4
372,Clannad After Story,4
372,Your Lie in April,5
372,Toradora!,5
372,Fruits Basket,4
372,Rascal Does Not Dream of Bunny Girl Senpai,4
372,Erased,3
372,Kaguya-sama: Love is War,4
372,Dr. Stone,3
372,Dandadan,3
372,Vinland Saga,2
372,My Dress-Up Darling,5
372,Laid-Back Camp,3
372,Spy x Family,4
372,Attack on Titan,3
372,Black Clover,2
372,Banana Fish,2
373,Yuri!!! on Ice,4
373,Blue Lock,3
373,Free! - Iwatobi Swim Club,4
373,Naruto Shippuden,3
373,Haikyu!!,4
373,Wind Breaker,5
374,Vinland Saga,4
374,KONOSUBA -God's blessing on this wonderful world!,2
374,Hunter x Hunter,4
374,Steins;Gate,4
374,Frieren: Beyond Journey's End,4
374,Attack on Titan,4
374,Haikyu!!,2
374,Cowboy Bebop,4
374,Banana Fish,5
374,Black Clover,2
374,Dr. Stone,2
374,Fullmetal Alchemist: Brotherhood,4
374,Mushishi,3
374,One Piece,1
374,Gintama,4
374,Made in Abyss,4
375,Neon Genesis Evangelion,4
375,Clannad After Story,1
375,Hunter x Hunter,3
375,Blue Lock,3
375,Cowboy Bebop,4
375,Made in Abyss,4
375,Fullmetal Alchemist: Brotherhood,4
375,Attack on Titan,4
375,The Apothecary Diaries,2
375,Vinland Saga,5
375,Gintama,4
375,Banana Fish,4
375,Horimiya,1
375,Mushishi,5
375,Frieren: Beyond Journey's End,4
375,Steins;Gate,5
376,Jujutsu Kaisen,5
376,Naruto Shippuden,4
376,Jojo's Bizarre Adventure,5
376,One Piece,5
376,Chainsaw Man,5
376,My Hero Academia,5
376,Dandadan,5
376,Kaiju No. 8,5
376,Dragon Ball Super,5
376,Demon Slayer: Kimetsu no Yaiba,5
376,Hell's Paradise,5
376,Wind Breaker,5
376,Fire Force,5
376,The Eminence in Shadow,3
376,Solo Leveling,5
376,Attack on Titan,5
376,Black Clover,5
376,Code Geass,2
376,Naruto,4
376,Nichijou - My Ordinary Life,4
376,Steins;Gate,3
376,My Dress-Up Darling,3
377,Kaguya-sama: Love is War,4
377,Rascal Does Not Dream of Bunny Girl Senpai,4
377,Black Clover,5
377,Jujutsu Kaisen,5
377,Clannad After Story,4
377,Horimiya,5
377,Spy x Family,5
377,Bleach,4
377,Demon Slayer: Kimetsu no Yaiba,5
378,The Eminence in Shadow,4
378,Attack on Titan,2
378,Log Horizon,4
378,Solo Leveling,5
378,Mushoku Tensei: Jobless Reincarnation,5
378,Mashle: Magic and Muscles,4
378,Banana Fish,2
378,Overlord,5
378,KONOSUBA -God's blessing on this wonderful world!,5
378,Chainsaw Man,2
378,That Time I Got Reincarnated as a Slime,4
378,Jujutsu Kaisen,3
378,Ranking of Kings,2
378,Re:ZERO -Starting Life in Another World-,4
378,Made in Abyss,3
378,The Apothecary Diaries,4
378,Erased,2
378,Dandadan,4
378,Fullmetal Alchemist: Brotherhood,2
378,The Rising of the Shield Hero,5
379,Bleach,2
379,Bocchi the Rock!,5
379,Spy x Family,5
379,Haikyu!!,5
379,Laid-Back Camp,4
379,The Apothecary Diaries,5
379,Mushishi,3
379,Dr. Stone,4
379,Skip and Loafer,5
379,Kaguya-sama: Love is War,3
379,Ranking of Kings,4
379,Nichijou - My Ordinary Life,3
379,Jujutsu Kaisen,2
379,The Promised Neverland,2
380,KONOSUBA -God's blessing on this wonderful world!,5
380,The Eminence in Shadow,5
380,Laid-Back Camp,3
380,Solo Leveling,4
380,Horimiya,3
380,Assassination Classroom,2
380,Mashle: Magic and Muscles,5
380,Log Horizon,4
380,Mushoku Tensei: Jobless Reincarnation,5
380,One-Punch Man,2
380,That Time I Got Reincarnated as a Slime,4
380,Overlord,4
380,Neon Genesis Evangelion,2
380,Jojo's Bizarre Adventure,2
380,Your Lie in April,2
380,Jujutsu Kaisen,2
380,The Rising of the Shield Hero,4
380,Re:ZERO -Starting Life in Another World-,4
380,Kuroko's Basketball,2
380,Sword Art Online,4
380,Kaiju No. 8,3
380,One Piece,4
381,Banana Fish,4
381,One Piece,3
381,Neon Genesis Evangelion,4
381,Vinland Saga,5
381,Dr. Stone,5
381,Mushishi,4
381,Attack on Titan,4
381,Gintama,3
381,Hunter x Hunter,4
381,Laid-Back Camp,4
381,Made in Abyss,4
381,Bocchi the Rock!,5
381,Frieren: Beyond Journey's End,4
381,Nichijou - My Ordinary Life,4
381,The Apothecary Diaries,4
381,Fullmetal Alchemist: Brotherhood,4
381,Ranking of Kings,4
381,Death Note,2
382,Fruits Basket,3
382,Log Horizon,4
382,Re:ZERO -Starting Life in Another World-,3
382,Solo Leveling,4
382,Free! - Iwatobi Swim Club,2
382,Overlord,3
382,Sword Art Online,3
382,The Eminence in Shadow,5
382,Mushishi,1
382,That Time I Got Reincarnated as a Slime,5
382,Spy x Family,2
382,Kaguya-sama: Love is War,4
382,Mushoku Tensei: Jobless Reincarnation,3
382,The Rising of the Shield Hero,4
382,Mashle: Magic and Muscles,3
382,Jojo's Bizarre Adventure,2
382,Demon Slayer: Kimetsu no Yaiba,3
382,Vinland Saga,3
382,Haikyu!!,3
382,Naruto Shippuden,1
382,Psycho-Pass,2
382,Mob Psycho 100,2
382,Kuroko's Basketball,1
383,Attack on Titan,2
383,Free! - Iwatobi Swim Club,4
383,Laid-Back Camp,2
383,Ranking of Kings,3
383,Toradora!,2
383,Made in Abyss,4
383,Assassination Classroom,5
383,Jojo's Bizarre Adventure,3
383,Gintama,2
383,Banana Fish,2
384,Kaguya-sama: Love is War,5
384,Gintama,5
384,Clannad After Story,5
384,Fruits Basket,5
384,Horimiya,5
384,Mashle: Magic and Muscles,5
384,Skip and Loafer,3
384,Bocchi the Rock!,5
384,My Dress-Up Darling,4
385,Horimiya,4
385,Dandadan,5
385,Spy x Family,4
385,Blue Lock,4
385,Kaguya-sama: Love is War,5
385,Bleach,2
385,Mob Psycho 100,3
385,Toradora!,5
385,My Dress-Up Darling,5
385,Rascal Does Not Dream of Bunny Girl Senpai,5
385,Death Note,3
385,Fruits Basket,4
385,Black Clover,3
386,Horimiya,4
386,Toradora!,4
386,Tokyo Ghoul,1
386,Dandadan,5
386,Your Lie in April,4
386,My Dress-Up Darling,5
386,Rascal Does Not Dream of Bunny Girl Senpai,5
386,Kaguya-sama: Love is War,5
386,Spy x Family,4
386,Erased,2
386,Laid-Back Camp,2
386,Fruits Basket,5
386,Clannad After Story,4
386,Naruto Shippuden,1
386,Ranking of Kings,3
386,Made in Abyss,1
386,Vinland Saga,2
386,Assassination Classroom,1
386,Demon Slayer: Kimetsu no Yaiba,3
386,My Hero Academia,3
386,Haikyu!!,3
386,Neon Genesis Evangelion,2
386,Kaiju No. 8,2
386,Death Note,4
387,One Piece,4
387,Wind Breaker,3
387,Jojo's Bizarre Adventure,4
387,Chainsaw Man,5
387,Hell's Paradise,3
387,Jujutsu Kaisen,5
387,Dandadan,4
387,My Hero Academia,3
387,Demon Slayer: Kimetsu no Yaiba,4
387,Dragon Ball Super,3
387,The Apothecary Diaries,2
387,Your Lie in April,2
387,Bleach,5
387,Kaiju No. 8,3
387,Toradora!,2
387,Black Clover,3
387,Naruto Shippuden,3
387,Naruto,4
387,Fire Force,4
387,Laid-Back Camp,1
387,The Eminence in Shadow,2
387,Solo Leveling,3
388,Yuri!!! on Ice,3
388,Free! - Iwatobi Swim Club,2
388,Code Geass,3
388,The Apothecary Diaries,5
388,Steins;Gate,5
388,Spy x Family,3
388,Log Horizon,2
388,Odd Taxi,5
388,Banana Fish,3
388,Mushishi,3
388,Mashle: Magic and Muscles,2
388,One-Punch Man,3
388,Attack on Titan,4
388,Erased,3
388,Death Note,4
388,Dragon Ball Super,3
388,Demon Slayer: Kimetsu no Yaiba,2
388,Psycho-Pass,4
388,My Dress-Up Darling,2
388,Naruto,2
389,Mob Psycho 100,4
389,Bocchi the Rock!,4
389,Death Note,3
389,One-Punch Man,4
389,Assassination Classroom,4
389,Attack on Titan,4
389,Banana Fish,5
389,Erased,4
389,Kaguya-sama: Love is War,4
389,Gintama,5
389,Spy x Family,5
389,Code Geass,4
389,Solo Leveling,2
389,Mashle: Magic and Muscles,4
389,Psycho-Pass,4
389,Overlord,3
389,Steins;Gate,5
389,The Promised Neverland,5
389,Your Lie in April,2
389,Horimiya,3
389,Dandadan,3
389,The Apothecary Diaries,5
389,Kaiju No. 8,3
389,Cowboy Bebop,2
389,Odd Taxi,4
390,Log Horizon,4
390,Re:ZERO -Starting Life in Another World-,3
390,Demon Slayer: Kimetsu no Yaiba,2
390,Sword Art Online,3
390,Hunter x Hunter,2
390,KONOSUBA -God's blessing on this wonderful world!,4
390,Mashle: Magic and Muscles,4
390,Ranking of Kings,2
390,One Piece,3
390,Mushoku Tensei: Jobless Reincarnation,3
390,My Dress-Up Darling,2
390,Nichijou - My Ordinary Life,2
390,That Time I Got Reincarnated as a Slime,4
390,The Rising of the Shield Hero,4
390,The Eminence in Shadow,4
390,Solo Leveling,4
391,Ranking of Kings,2
391,Naruto,4
391,Kaiju No. 8,3
391,Jujutsu Kaisen,5
391,Solo Leveling,4
391,Bleach,4
391,One Piece,4
391,Re:ZERO -Starting Life in Another World-,1
391,Wind Breaker,4
391,Fire Force,4
391,Jojo's Bizarre Adventure,4
391,Demon Slayer: Kimetsu no Yaiba,4
392,Laid-Back Camp,3
392,Log Horizon,4
392,The Eminence in Shadow,4
392,The Rising of the Shield Hero,5
392,Mushoku Tensei: Jobless Reincarnation,4
392,Black Clover,2
392,Banana Fish,2
392,Horimiya,3
392,Overlord,3
393,Mushoku Tensei: Jobless Reincarnation,5
393,The Eminence in Shadow,5
393,KONOSUBA -God's blessing on this wonderful world!,5
393,Re:ZERO -Starting Life in Another World-,4
393,That Time I Got Reincarnated as a Slime,4
393,Mashle: Magic and Muscles,4
393,Sword Art Online,4
393,Solo Leveling,5
393,Bocchi the Rock!,4
393,Clannad After Story,4
393,Fruits Basket,3
393,Kuroko's Basketball,3
393,Erased,3
393,The Promised Neverland,3
393,The Rising of the Shield Hero,5
393,Frieren: Beyond Journey's End,4
393,Fire Force,2
393,One Piece,4
393,Blue Lock,1
393,My Dress-Up Darling,4
394,My Dress-Up Darling,5
394,Solo Leveling,3
394,Fruits Basket,5
394,Rascal Does Not Dream of Bunny Girl Senpai,3
394,Log Horizon,2
394,Kaguya-sama: Love is War,5
394,Your Lie in April,4
394,Clannad After Story,4
394,The Eminence in Shadow,2
394,Laid-Back Camp,2
394,Spy x Family,5
394,Dandadan,5
394,Toradora!,3
395,Neon Genesis Evangelion,4
395,Naruto,2
395,Toradora!,5
395,Fullmetal Alchemist: Brotherhood,5
395,Hunter x Hunter,4
395,Attack on Titan,5
395,Fruits Basket,3
395,Steins;Gate,3
395,Made in Abyss,5
396,Horimiya,4
396,KONOSUBA -God's blessing on this wonderful world!,4
396,Kaguya-sama: Love is War,3
396,Mushoku Tensei: Jobless Reincarnation,4
396,Fruits Basket,4
396,Clannad After Story,4
396,The Eminence in Shadow,4
396,Dandadan,5
396,Psycho-Pass,2
396,Toradora!,3
396,Jujutsu Kaisen,2
396,Rascal Does Not Dream of Bunny Girl Senpai,4
397,Code Geass,1
397,Rascal Does Not Dream of Bunny Girl Senpai,3
397,Dr. Stone,5
397,Bocchi the Rock!,3
397,Mushishi,3
397,Naruto Shippuden,2
397,Skip and Loafer,3
398,Frieren: Beyond Journey's End,3
398,Fullmetal Alchemist: Brotherhood,5
398,Hunter x Hunter,4
398,Made in Abyss,5
398,Cowboy Bebop,4
398,Vinland Saga,4
398,Gintama,5
398,Attack on Titan,4
398,Banana Fish,4
398,Steins;Gate,3
399,Yuri!!! on Ice,3
399,Demon Slayer: Kimetsu no Yaiba,5
399,Naruto,5
399,Haikyu!!,4
399,Chainsaw Man,4
399,One Piece,4
399,Black Clover,4
399,Jojo's Bizarre Adventure,5
399,Kaiju No. 8,5
399,Naruto Shippuden,4
399,Hell's Paradise,4
399,Fire Force,4
399,Kuroko's Basketball,4
399,The Promised Neverland,1
399,Dragon Ball Super,3
400,Laid-Back Camp,3
400,One-Punch Man,4
400,Bocchi the Rock!,4
400,Clannad After Story,1
400,Log Horizon,3
400,Spy x Family,5
400,Assassination Classroom,4
400,The Eminence in Shadow,4
400,Mushoku Tensei: Jobless Reincarnation,2
400,Gintama,4
400,The Rising of the Shield Hero,3
400,Mashle: Magic and Muscles,3
400,Steins;Gate,2
400,Overlord,4
400,That Time I Got Reincarnated as a Slime,4
400,Re:ZERO -Starting Life in Another World-,5
401,Spy x Family,4
401,Kaguya-sama: Love is War,4
401,Bocchi the Rock!,5
401,Your Lie in April,2
401,One-Punch Man,4
401,Clannad After Story,3
401,Mob Psycho 100,4
401,My Dress-Up Darling,2
401,KONOSUBA -God's blessing on this wonderful world!,5
401,Code Geass,2
401,Tokyo Ghoul,1
401,Mashle: Magic and Muscles,3
401,Gintama,5
401,Assassination Classroom,4
401,Mushoku Tensei: Jobless Reincarnation,2
401,The Eminence in Shadow,2
401,Fire Force,2
401,Nichijou - My Ordinary Life,5
401,Kuroko's Basketball,2
402,Toradora!,5
402,Kaguya-sama: Love is War,4
402,Dandadan,5
402,Clannad After Story,4
402,Overlord,5
402,Solo Leveling,4
402,Mashle: Magic and Muscles,4
402,Assassination Classroom,3
402,That Time I Got Reincarnated as a Slime,5
402,Rascal Does Not Dream of Bunny Girl Senpai,4
402,Spy x Family,5
403,Death Note,4
403,Code Geass,3
403,Solo Leveling,5
403,Attack on Titan,5
403,Erased,5
403,Naruto Shippuden,4
403,The Apothecary Diaries,5
403,Fullmetal Alchemist: Brotherhood,1
403,Horimiya,2
404,Nichijou - My Ordinary Life,4
404,Mob Psycho 100,4
404,Bocchi the Rock!,4
404,Spy x Family,4
404,Assassination Classroom,4
404,Mashle: Magic and Muscles,5
404,Free! - Iwatobi Swim Club,3
404,One-Punch Man,5
404,KONOSUBA -God's blessing on this wonderful world!,4
404,Ranking of Kings,3
404,Demon Slayer: Kimetsu no Yaiba,3
404,The Apothecary Diaries,2
404,Jujutsu Kaisen,3
404,Gintama,4
404,That Time I Got Reincarnated as a Slime,2
404,Toradora!,2
404,Fire Force,2
404,Laid-Back Camp,2
404,Made in Abyss,2
404,Kaguya-sama: Love is War,5
404,The Promised Neverland,1
404,Steins;Gate,3
404,Hell's Paradise,2
404,Haikyu!!,2
405,Spy x Family,4
405,Banana Fish,4
405,Bocchi the Rock!,5
405,Demon Slayer: Kimetsu no Yaiba,3
405,Jujutsu Kaisen,3
405,Death Note,5
405,Nichijou - My Ordinary Life,3
405,Steins;Gate,4
405,Attack on Titan,5
405,Fruits Basket,3
405,Mashle: Magic and Muscles,4
405,Mob Psycho 100,5
405,Erased,4
405,One-Punch Man,4
405,Sword Art Online,3
405,Kaguya-sama: Love is War,5
405,Code Geass,4
405,Psycho-Pass,4
405,The Promised Neverland,4
406,Attack on Titan,5
406,Hunter x Hunter,4
406,Gintama,5
406,Made in Abyss,3
406,Cowboy Bebop,4
406,Jojo's Bizarre Adventure,3
406,Banana Fish,4
406,Fullmetal Alchemist: Brotherhood,4
407,Demon Slayer: Kimetsu no Yaiba,4
407,The Promised Neverland,2
407,My Dress-Up Darling,2
407,Vinland Saga,4
407,Banana Fish,5
407,Made in Abyss,4
407,Dragon Ball Super,2
407,Steins;Gate,4
407,Hunter x Hunter,4
407,Mushishi,5
407,Bocchi the Rock!,2
407,Hell's Paradise,2
407,Neon Genesis Evangelion,3
407,Dandadan,3
407,Gintama,4
407,Fullmetal Alchemist: Brotherhood,4
407,Cowboy Bebop,4
407,Frieren: Beyond Journey's End,4
407,Rascal Does Not Dream of Bunny Girl Senpai,2
407,Attack on Titan,4
407,Laid-Back Camp,2
407,Jojo's Bizarre Adventure,2
407,Wind Breaker,1
408,Jujutsu Kaisen,5
408,One Piece,4
408,Jojo's Bizarre Adventure,5
408,Black Clover,5
408,Chainsaw Man,4
408,Dandadan,4
408,Solo Leveling,4
408,Hell's Paradise,3
408,Naruto Shippuden,4
408,Demon Slayer: Kimetsu no Yaiba,4
408,Dragon Ball Super,4
408,Skip and Loafer,2
408,Fire Force,3
408,Kuroko's Basketball,2
408,Naruto,4
408,Kaiju No. 8,4
408,Bleach,4
409,Mashle: Magic and Muscles,5
409,Kaguya-sama: Love is War,4
409,Naruto,3
409,Haikyu!!,5
409,KONOSUBA -God's blessing on this wonderful world!,5
409,Bocchi the Rock!,5
409,The Apothecary Diaries,5
410,Re:ZERO -Starting Life in Another World-,4
410,Chainsaw Man,1
410,Death Note,4
410,Jojo's Bizarre Adventure,1
410,That Time I Got Reincarnated as a Slime,4
410,KONOSUBA -God's blessing on this wonderful world!,3
410,The Rising of the Shield Hero,4
410,Solo Leveling,4
410,Erased,3
410,Mashle: Magic and Muscles,4
410,Mushishi,3
410,The Eminence in Shadow,3
410,Mushoku Tensei: Jobless Reincarnation,4
410,Log Horizon,3
410,Toradora!,2
410,Hunter x Hunter,2
410,Odd Taxi,2
410,Rascal Does Not Dream of Bunny Girl Senpai,2
410,Gintama,2
410,Clannad After Story,2
410,Overlord,4
410,Made in Abyss,3
410,Banana Fish,1
411,Re:ZERO -Starting Life in Another World-,4
411,Horimiya,3
411,KONOSUBA -God's blessing on this wonderful world!,4
411,Solo Leveling,5
411,The Eminence in Shadow,5
411,Psycho-Pass,3
411,That Time I Got Reincarnated as a Slime,5
411,Log Horizon,4
411,Overlord,3
411,Frieren: Beyond Journey's End,4
411,Mashle: Magic and Muscles,5
411,One-Punch Man,2
411,The Rising of the Shield Hero,3
411,Spy x Family,2
411,Erased,3
411,One Piece,3
411,Fruits Basket,1
411,Mushoku Tensei: Jobless Reincarnation,4
411,Ranking of Kings,1
411,Sword Art Online,4
411,Dandadan,3
411,Banana Fish,2
411,Kaguya-sama: Love is War,3
411,Cowboy Bebop,2
412,Nichijou - My Ordinary Life,4
412,Haikyu!!,4
412,Spy x Family,5
412,Frieren: Beyond Journey's End,5
412,Mushishi,4
412,Laid-Back Camp,4
412,Overlord,2
412,The Apothecary Diaries,5
413,Gintama,5
413,Kuroko's Basketball,5
413,Assassination Classroom,5
413,KONOSUBA -God's blessing on this wonderful world!,4
413,Kaguya-sama: Love is War,5
413,Odd Taxi,3
413,One-Punch Man,4
413,Haikyu!!,5
413,Spy x Family,4
413,Bocchi the Rock!,4
413,Blue Lock,5
413,Wind Breaker,4
413,Mashle: Magic and Muscles,5
413,Nichijou - My Ordinary Life,5
413,Yuri!!! on Ice,5
413,My Hero Academia,3
413,Frieren: Beyond Journey's End,2
413,Demon Slayer: Kimetsu no Yaiba,2
413,Black Clover,3
413,Rascal Does Not Dream of Bunny Girl Senpai,2
413,Mob Psycho 100,5
414,Naruto Shippuden,4
414,Dandadan,5
414,Dragon Ball Super,3
414,Demon Slayer: Kimetsu no Yaiba,5
414,Solo Leveling,5
414,My Hero Academia,4
415,One Piece,5
415,Psycho-Pass,3
415,Gintama,4
415,Solo Leveling,5
415,Steins;Gate,4
415,Frieren: Beyond Journey's End,3
415,Jojo's Bizarre Adventure,3
415,Naruto Shippuden,3
415,Attack on Titan,4
415,Banana Fish,4
415,Fire Force,4
415,Black Clover,4
415,Hunter x Hunter,5
415,Bleach,4
415,Vinland Saga,4
415,Kaiju No. 8,4
415,Wind Breaker,5
415,My Hero Academia,3
415,Dandadan,4
415,Dragon Ball Super,4
415,Cowboy Bebop,5
415,Jujutsu Kaisen,4
415,Mushishi,4
415,Fullmetal Alchemist: Brotherhood,4
416,That Time I Got Reincarnated as a Slime,2
416,Laid-Back Camp,5
416,Attack on Titan,2
416,Spy x Family,5
416,Nichijou - My Ordinary Life,4
416,Haikyu!!,5
416,Frieren: Beyond Journey's End,5
416,Free! - Iwatobi Swim Club,2
416,Death Note,3
416,Ranking of Kings,5
416,Bocchi the Rock!,5
416,Skip and Loafer,4
416,Mushishi,5
417,Banana Fish,4
417,Erased,4
417,The Promised Neverland,4
417,Hell's Paradise,4
417,Dandadan,4
417,Tokyo Ghoul,3
417,Dr. Stone,4
417,Attack on Titan,5
417,Cowboy Bebop,3
417,The Apothecary Diaries,5
417,Your Lie in April,3
417,Death Note,5
417,Demon Slayer: Kimetsu no Yaiba,4
417,Odd Taxi,5
417,Vinland Saga,3
417,Bocchi the Rock!,4
417,Code Geass,5
417,Steins;Gate,5
417,Psycho-Pass,5
417,Kaguya-sama: Love is War,3
418,My Dress-Up Darling,2
418,Kaguya-sama: Love is War,1
418,Toradora!,2
418,Haikyu!!,5
418,Wind Breaker,5
418,Blue Lock,4
418,Kuroko's Basketball,4
418,Mushoku Tensei: Jobless Reincarnation,1
418,Mashle: Magic and Muscles,1
418,Mob Psycho 100,2
418,Free! - Iwatobi Swim Club,3
418,Gintama,3
419,Mob Psycho 100,5
419,Neon Genesis Evangelion,2
419,KONOSUBA -God's blessing on this wonderful world!,4
419,Assassination Classroom,5
419,Frieren: Beyond Journey's End,2
419,Nichijou - My Ordinary Life,4
419,Clannad After Story,3
419,One-Punch Man,4
419,Spy x Family,4
419,Gintama,4
419,Steins;Gate,4
419,Kaguya-sama: Love is War,5
419,Bocchi the Rock!,5
419,Cowboy Bebop,2
419,Odd Taxi,2
419,Fruits Basket,3
419,One Piece,3
419,Solo Leveling,3
419,Mashle: Magic and Muscles,4
420,Solo Leveling,4
420,Mashle: Magic and Muscles,3
420,That Time I Got Reincarnated as a Slime,4
420,Overlord,3
420,Re:ZERO -Starting Life in Another World-,4
420,Demon Slayer: Kimetsu no Yaiba,2
420,KONOSUBA -God's blessing on this wonderful world!,4
420,Mushoku Tensei: Jobless Reincarnation,5
420,The Rising of the Shield Hero,4
420,Sword Art Online,3
420,The Eminence in Shadow,4
420,Haikyu!!,2
420,Nichijou - My Ordinary Life,2
420,Fire Force,2
420,Fullmetal Alchemist: Brotherhood,2
420,Mob Psycho 100,2
420,Bocchi the Rock!,2
420,Yuri!!! on Ice,2
420,Kaguya-sama: Love is War,1
420,Assassination Classroom,3
420,Black Clover,3
421,Jujutsu Kaisen,4
421,Toradora!,1
421,Solo Leveling,4
421,Chainsaw Man,3
421,Vinland Saga,2
421,Dandadan,4
421,Black Clover,2
421,Kaiju No. 8,4
421,Demon Slayer: Kimetsu no Yaiba,3
421,Hell's Paradise,4
421,My Hero Academia,4
421,One Piece,4
421,Jojo's Bizarre Adventure,3
421,Bleach,2
421,Naruto,3
422,Dr. Stone,4
422,Haikyu!!,5
422,Cowboy Bebop,3
422,Steins;Gate,3
422,Bocchi the Rock!,5
422,The Apothecary Diaries,3
422,Mob Psycho 100,2
422,Mushoku Tensei: Jobless Reincarnation,3
422,Nichijou - My Ordinary Life,5
423,Wind Breaker,5
423,Banana Fish,2
423,Dandadan,4
423,Haikyu!!,4
423,One Piece,5
423,Ranking of Kings,2
423,Yuri!!! on Ice,4
423,Chainsaw Man,3
423,Jojo's Bizarre Adventure,5
423,Kaiju No. 8,5
423,Odd Taxi,1
423,Assassination Classroom,5
423,Black Clover,4
423,Dragon Ball Super,4
424,Your Lie in April,3
424,Re:ZERO -Starting Life in Another World-,2
424,Made in Abyss,2
424,The Apothecary Diaries,2
424,Haikyu!!,4
424,Blue Lock,4
424,Free! - Iwatobi Swim Club,4
424,Yuri!!! on Ice,5
424,Kuroko's Basketball,4
424,Wind Breaker,4
424,Spy x Family,3
424,Assassination Classroom,5
424,Fruits Basket,3
425,Gintama,5
425,Assassination Classroom,5
425,KONOSUBA -God's blessing on this wonderful world!,5
425,Naruto Shippuden,3
425,Erased,2
425,Haikyu!!,3
425,Blue Lock,4
425,Wind Breaker,5
425,Bocchi the Rock!,5
425,Kuroko's Basketball,5
425,Free! - Iwatobi Swim Club,4
425,Yuri!!! on Ice,5
425,Kaguya-sama: Love is War,5
425,One-Punch Man,5
425,Spy x Family,3
426,Code Geass,5
426,Rascal Does Not Dream of Bunny Girl Senpai,3
426,Steins;Gate,4
426,The Promised Neverland,5
426,Odd Taxi,5
426,The Apothecary Diaries,5
426,Banana Fish,5
426,Death Note,4
426,Erased,3
426,Cowboy Bebop,2
426,Attack on Titan,5
426,Frieren: Beyond Journey's End,3
426,Psycho-Pass,4
426,Kaiju No. 8,2
426,Dr. Stone,1
426,Naruto Shippuden,3
426,Solo Leveling,2
426,Your Lie in April,2
426,Fullmetal Alchemist: Brotherhood,2
427,Attack on Titan,5
427,Fullmetal Alchemist: Brotherhood,4
427,Hunter x Hunter,5
427,Gintama,3
427,Frieren: Beyond Journey's End,4
427,Banana Fish,4
427,Neon Genesis Evangelion,4
427,Spy x Family,2
427,Made in Abyss,4
427,Steins;Gate,5
427,Cowboy Bebop,4
427,Ranking of Kings,2
427,Vinland Saga,5
427,Erased,2
427,Mushishi,5
427,Odd Taxi,2
427,Rascal Does Not Dream of Bunny Girl Senpai,3
427,The Apothecary Diaries,3
427,Fire Force,2
427,Sword Art Online,1
427,Re:ZERO -Starting Life in Another World-,2
427,Haikyu!!,3
427,Solo Leveling,3
428,Kaguya-sama: Love is War,5
428,Bocchi the Rock!,5
428,Frieren: Beyond Journey's End,3
428,Hell's Paradise,3
428,Gintama,4
428,KONOSUBA -God's blessing on this wonderful world!,5
428,Skip and Loafer,2
428,Mob Psycho 100,5
428,Mashle: Magic and Muscles,4
428,Erased,2
428,Demon Slayer: Kimetsu no Yaiba,4
428,Rascal Does Not Dream of Bunny Girl Senpai,2
428,The Eminence in Shadow,3
428,Nichijou - My Ordinary Life,4
428,Vinland Saga,3
428,One-Punch Man,5
429,Your Lie in April,4
429,Skip and Loafer,2
429,Toradora!,3
429,Spy x Family,5
429,Dandadan,5
429,Kaguya-sama: Love is War,4
429,Clannad After Story,4
429,My Dress-Up Darling,4
429,Demon Slayer: Kimetsu no Yaiba,3
429,Rascal Does Not Dream of Bunny Girl Senpai,4
429,Kaiju No. 8,3
429,Fruits Basket,4
429,Re:ZERO -Starting Life in Another World-,2
429,Ranking of Kings,4
429,Horimiya,4
429,That Time I Got Reincarnated as a Slime,3
429,The Eminence in Shadow,3
429,KONOSUBA -God's blessing on this wonderful world!,3
429,Assassination Classroom,1
429,Code Geass,2
429,Death Note,2
429,Wind Breaker,2
430,Banana Fish,2
430,That Time I Got Reincarnated as a Slime,4
430,Log Horizon,4
430,The Eminence in Shadow,5
430,Skip and Loafer,3
430,Overlord,3
430,The Rising of the Shield Hero,3
430,KONOSUBA -God's blessing on this wonderful world!,4
430,Laid-Back Camp,3
430,Tokyo Ghoul,2
430,Naruto Shippuden,2
430,Dandadan,2
430,Sword Art Online,4
430,Vinland Saga,2
431,Gintama,3
431,Hunter x Hunter,4
431,Chainsaw Man,4
431,Demon Slayer: Kimetsu no Yaiba,4
431,Overlord,2
431,Frieren: Beyond Journey's End,4
431,Dandadan,5
431,Mushishi,4
431,Jojo's Bizarre Adventure,3
431,Black Clover,3
432,Toradora!,5
432,Rascal Does Not Dream of Bunny Girl Senpai,5
432,Fruits Basket,4
432,Dandadan,5
432,Yuri!!! on Ice,2
432,Spy x Family,5
432,Your Lie in April,5
432,Bocchi the Rock!,4
432,Kaguya-sama: Love is War,5
432,Attack on Titan,3
432,Erased,2
432,Re:ZERO -Starting Life in Another World-,3
432,Dragon Ball Super,3
432,My Dress-Up Darling,5
432,Horimiya,4
432,Made in Abyss,3
432,Fire Force,1
432,One-Punch Man,3
432,Clannad After Story,4
432,Jojo's Bizarre Adventure,2
432,Demon Slayer: Kimetsu no Yaiba,3
432,Naruto Shippuden,3
432,My Hero Academia,3
432,One Piece,4
433,Steins;Gate,4
433,Death Note,5
433,Wind Breaker,5
433,The Apothecary Diaries,5
433,Clannad After Story,3
433,Erased,5
433,Yuri!!! on Ice,5
433,Mushoku Tensei: Jobless Reincarnation,3
433,Kuroko's Basketball,4
433,Free! - Iwatobi Swim Club,4
433,Psycho-Pass,4
433,Haikyu!!,4
433,Mushishi,3
433,Odd Taxi,5
433,Banana Fish,4
433,Tokyo Ghoul,2
433,Vinland Saga,2
433,Attack on Titan,4
433,Code Geass,5
433,Re:ZERO -Starting Life in Another World-,2
433,Bocchi the Rock!,2
433,The Rising of the Shield Hero,2
433,Fruits Basket,3
433,Kaguya-sama: Love is War,3
433,Jojo's Bizarre Adventure,4
434,Erased,3
434,Jojo's Bizarre Adventure,4
434,My Hero Academia,5
434,Dandadan,4
434,Dragon Ball Super,4
434,Naruto Shippuden,4
434,Demon Slayer: Kimetsu no Yaiba,4
434,Cowboy Bebop,2
434,Wind Breaker,4
434,Bleach,5
434,Solo Leveling,4
434,Haikyu!!,3
434,Yuri!!! on Ice,3
434,Mob Psycho 100,2
434,One Piece,5
434,Black Clover,4
434,Fire Force,3
434,Chainsaw Man,4
434,Naruto,5
434,Overlord,3
435,Dragon Ball Super,4
435,One Piece,3
435,Wind Breaker,5
435,Kaiju No. 8,4
435,Horimiya,1
435,Chainsaw Man,4
435,Bleach,4
435,Hell's Paradise,4
435,Bocchi the Rock!,2
436,Cowboy Bebop,3
436,Free! - Iwatobi Swim Club,4
436,Yuri!!! on Ice,4
436,Log Horizon,2
436,Attack on Titan,5
436,Haikyu!!,4
436,Psycho-Pass,3
436,Odd Taxi,5
436,The Promised Neverland,4
436,Blue Lock,3
436,Assassination Classroom,4
436,Code Geass,4
436,Death Note,4
436,Kuroko's Basketball,3
436,Steins;Gate,4
436,Banana Fish,4
436,KONOSUBA -God's blessing on this wonderful world!,3
436,The Apothecary Diaries,4
437,Frieren: Beyond Journey's End,3
437,Spy x Family,4
437,Dr. Stone,4
437,Ranking of Kings,5
437,The Apothecary Diaries,4
437,Skip and Loafer,5
437,Haikyu!!,5
437,Bleach,2
437,Mushishi,3
437,Fruits Basket,2
437,Dragon Ball Super,2
437,Kaguya-sama: Love is War,2
437,Horimiya,2
437,Bocchi the Rock!,5
437,That Time I Got Reincarnated as a Slime,2
437,Vinland Saga,1
437,KONOSUBA -God's blessing on this wonderful world!,2
437,Laid-Back Camp,5
437,Nichijou - My Ordinary Life,4
437,Solo Leveling,2
438,Dandadan,4
438,Bleach,5
438,Jojo's Bizarre Adventure,4
438,One Piece,4
438,Solo Leveling,5
438,Naruto Shippuden,4
438,Kuroko's Basketball,3
439,The Apothecary Diaries,5
439,Kuroko's Basketball,3
439,Skip and Loafer,4
439,Free! - Iwatobi Swim Club,3
439,Demon Slayer: Kimetsu no Yaiba,2
439,Bleach,1
439,Spy x Family,5
439,Death Note,2
440,Rascal Does Not Dream of Bunny Girl Senpai,4
440,Kaguya-sama: Love is War,4
440,Dandadan,3
440,Toradora!,5
440,One Piece,1
440,Fruits Basket,5
440,Your Lie in April,4
440,My Dress-Up Darling,4
440,Spy x Family,5
440,Code Geass,2
440,Horimiya,5
440,Clannad After Story,3
441,Horimiya,5
441,Steins;Gate,5
441,Attack on Titan,5
441,Death Note,4
441,The Apothecary Diaries,5
441,Kaguya-sama: Love is War,5
441,Toradora!,5
441,Your Lie in April,4
441,The Promised Neverland,4
441,Banana Fish,4
441,My Dress-Up Darling,5
441,Code Geass,5
441,Clannad After Story,4
441,Dandadan,4
441,Naruto Shippuden,2
441,Laid-Back Camp,3
441,Spy x Family,5
441,Kuroko's Basketball,3
441,Fullmetal Alchemist: Brotherhood,2
441,Odd Taxi,5
442,Black Clover,2
442,The Eminence in Shadow,5
442,Sword Art Online,3
442,Mashle: Magic and Muscles,5
442,Blue Lock,3
442,Re:ZERO -Starting Life in Another World-,5
442,The Rising of the Shield Hero,5
442,KONOSUBA -God's blessing on this wonderful world!,5
442,Tokyo Ghoul,3
442,Mushoku Tensei: Jobless Reincarnation,5
442,Horimiya,3
442,Solo Leveling,3
443,Bocchi the Rock!,4
443,Gintama,3
443,Spy x Family,4
443,Mashle: Magic and Muscles,5
443,Frieren: Beyond Journey's End,5
443,Laid-Back Camp,5
443,Dr. Stone,4
443,KONOSUBA -God's blessing on this wonderful world!,5
443,One Piece,3
443,Assassination Classroom,5
443,One-Punch Man,5
443,Nichijou - My Ordinary Life,3
443,Ranking of Kings,4
443,Haikyu!!,5
443,Toradora!,3
444,Fruits Basket,5
444,Spy x Family,5
444,Wind Breaker,5
444,Clannad After Story,3
444,Toradora!,5
444,Kuroko's Basketball,5
444,Solo Leveling,3
444,Assassination Classroom,5
444,Code Geass,2
444,Odd Taxi,3
444,My Dress-Up Darling,5
444,Fullmetal Alchemist: Brotherhood,3
445,That Time I Got Reincarnated as a Slime,5
445,Yuri!!! on Ice,4
445,Mashle: Magic and Muscles,4
445,Blue Lock,5
445,Re:ZERO -Starting Life in Another World-,4
445,Mushoku Tensei: Jobless Reincarnation,5
445,Cowboy Bebop,3
445,Sword Art Online,3
445,Free! - Iwatobi Swim Club,4
445,Demon Slayer: Kimetsu no Yaiba,4
445,Kuroko's Basketball,5
445,Haikyu!!,5
446,Kaguya-sama: Love is War,3
446,Jojo's Bizarre Adventure,2
446,Toradora!,4
446,Fullmetal Alchemist: Brotherhood,3
446,One-Punch Man,2
446,Re:ZERO -Starting Life in Another World-,2
446,Demon Slayer: Kimetsu no Yaiba,2
446,Horimiya,4
446,Psycho-Pass,3
446,Spy x Family,4
446,Dandadan,4
446,Your Lie in April,4
446,Rascal Does Not Dream of Bunny Girl Senpai,3
446,Hunter x Hunter,2
446,Clannad After Story,5
446,The Eminence in Shadow,1
446,Erased,2
446,Fruits Basket,4
446,Odd Taxi,2
446,My Dress-Up Darling,4
446,KONOSUBA -God's blessing on this wonderful world!,2
447,Hunter x Hunter,4
447,Attack on Titan,4
447,Cowboy Bebop,5
447,Fullmetal Alchemist: Brotherhood,4
447,The Apothecary Diaries,2
447,Steins;Gate,4
447,Mushishi,4
447,Gintama,3
447,Neon Genesis Evangelion,3
447,Made in Abyss,3
447,Vinland Saga,4
447,Haikyu!!,2
447,Frieren: Beyond Journey's End,4
447,Spy x Family,2
447,Naruto Shippuden,2
447,Laid-Back Camp,2
447,The Rising of the Shield Hero,2
447,Banana Fish,4
447,Dandadan,2
447,Skip and Loafer,2
447,The Eminence in Shadow,1
447,KONOSUBA -God's blessing on this wonderful world!,2
447,Wind Breaker,2
447,Demon Slayer: Kimetsu no Yaiba,2
447,Rascal Does Not Dream of Bunny Girl Senpai,3
448,Toradora!,5
448,Fruits Basket,5
448,Kaguya-sama: Love is War,5
448,Dandadan,5
448,Clannad After Story,5
448,My Dress-Up Darling,5
448,Mob Psycho 100,3
448,Horimiya,5
449,Bocchi the Rock!,4
449,Bleach,4
449,Spy x Family,4
449,Laid-Back Camp,4
449,Kaiju No. 8,3
449,Chainsaw Man,3
449,Wind Breaker,4
449,Demon Slayer: Kimetsu no Yaiba,3
449,Nichijou - My Ordinary Life,4
449,Black Clover,4
449,Jujutsu Kaisen,3
449,Skip and Loafer,4
449,Frieren: Beyond Journey's End,4
449,Jojo's Bizarre Adventure,4
449,Dr. Stone,5
449,Fire Force,3
449,Naruto Shippuden,4
449,Dandadan,5
449,Ranking of Kings,3
449,One Piece,3
450,KONOSUBA -God's blessing on this wonderful world!,5
450,Chainsaw Man,2
450,Overlord,3
450,Nichijou - My Ordinary Life,5
450,Assassination Classroom,4
450,One-Punch Man,5
450,Mob Psycho 100,5
450,Spy x Family,5
451,The Eminence in Shadow,4
451,Overlord,5
451,Re:ZERO -Starting Life in Another World-,4
451,Solo Leveling,4
451,That Time I Got Reincarnated as a Slime,3
451,The Rising of the Shield Hero,4
451,Log Horizon,3
451,Haikyu!!,4
451,Wind Breaker,4
451,One Piece,3
451,Mashle: Magic and Muscles,5
451,Kuroko's Basketball,4
451,Neon Genesis Evangelion,3
452,Steins;Gate,3
452,Gintama,3
452,Mushishi,2
452,Neon Genesis Evangelion,4
452,Made in Abyss,5
452,Frieren: Beyond Journey's End,3
452,One-Punch Man,2
452,Cowboy Bebop,4
452,Attack on Titan,4
452,Hunter x Hunter,4
452,Vinland Saga,3
452,Fullmetal Alchemist: Brotherhood,4
452,Banana Fish,4
452,Kaguya-sama: Love is War,2
452,Haikyu!!,2
452,Free! - Iwatobi Swim Club,1
452,Skip and Loafer,1
453,Blue Lock,2
453,Dr. Stone,3
453,Haikyu!!,5
453,Kaguya-sama: Love is War,2
453,Laid-Back Camp,5
453,Clannad After Story,2
453,Bocchi the Rock!,5
454,Hell's Paradise,5
454,Skip and Loafer,5
454,Kaiju No. 8,5
454,Ranking of Kings,5
454,Haikyu!!,3
454,Bocchi the Rock!,5
454,My Hero Academia,4
454,Solo Leveling,5
454,Dandadan,5
454,Fullmetal Alchemist: Brotherhood,2
454,Dragon Ball Super,4
454,Jujutsu Kaisen,5
454,Bleach,5
454,Naruto Shippuden,3
454,Horimiya,1
454,Fire Force,4
454,Mushishi,3
454,One Piece,5
454,Dr. Stone,5
454,Nichijou - My Ordinary Life,5
454,Demon Slayer: Kimetsu no Yaiba,4
454,Spy x Family,5
454,Jojo's Bizarre Adventure,5
454,Chainsaw Man,4
455,The Promised Neverland,2
455,Mashle: Magic and Muscles,5
455,KONOSUBA -God's blessing on this wonderful world!,4
455,The Eminence in Shadow,4
455,Hunter x Hunter,4
455,Log Horizon,3
455,Neon Genesis Evangelion,2
455,Jujutsu Kaisen,2
455,Re:ZERO -Starting Life in Another World-,4
455,Vinland Saga,2
455,Fullmetal Alchemist: Brotherhood,3
455,Bocchi the Rock!,3
455,That Time I Got Reincarnated as a Slime,4
455,Mushoku Tensei: Jobless Reincarnation,4
455,Assassination Classroom,3
455,Fruits Basket,3
456,Naruto,4
456,Black Clover,5
456,Jujutsu Kaisen,5
456,Code Geass,3
456,Dandadan,4
456,My Hero Academia,5
456,Wind Breaker,5
457,Banana Fish,4
457,The Apothecary Diaries,3
457,Attack on Titan,4
457,Skip and Loafer,2
457,Nichijou - My Ordinary Life,1
457,Steins;Gate,4
457,Frieren: Beyond Journey's End,3
457,Psycho-Pass,3
457,Odd Taxi,3
457,Code Geass,5
457,Yuri!!! on Ice,2
457,Log Horizon,2
457,The Rising of the Shield Hero,2
457,Death Note,4
457,Jujutsu Kaisen,2
457,Erased,5
457,The Promised Neverland,5
457,Jojo's Bizarre Adventure,3
457,Haikyu!!,2
457,Fire Force,1
457,Naruto,2
458,Spy x Family,4
458,Bocchi the Rock!,4
458,The Apothecary Diaries,1
458,Gintama,4
458,Mashle: Magic and Muscles,4
458,Kaguya-sama: Love is War,5
458,Assassination Classroom,4
458,Ranking of Kings,3
458,One-Punch Man,4
458,Attack on Titan,3
458,Mob Psycho 100,3
458,Nichijou - My Ordinary Life,5
458,Steins;Gate,3
458,Frieren: Beyond Journey's End,1
458,Your Lie in April,2
458,KONOSUBA -God's blessing on this wonderful world!,4
458,Mushoku Tensei: Jobless Reincarnation,2
458,Odd Taxi,2
458,My Dress-Up Darling,2
458,Chainsaw Man,2
458,Laid-Back Camp,2
458,My Hero Academia,3
458,Log Horizon,3
458,Overlord,2
458,Jujutsu Kaisen,3
459,Re:ZERO -Starting Life in Another World-,5
459,Nichijou - My Ordinary Life,4
459,Sword Art Online,4
459,Mushishi,4
459,Bocchi the Rock!,5
459,The Apothecary Diaries,4
459,Skip and Loafer,5
459,Kaiju No. 8,3
459,Solo Leveling,5
459,Free! - Iwatobi Swim Club,3
459,Laid-Back Camp,5
460,Bocchi the Rock!,5
460,Neon Genesis Evangelion,4
460,Hunter x Hunter,5
460,Spy x Family,5
460,Kaguya-sama: Love is War,5
460,Fullmetal Alchemist: Brotherhood,3
460,Gintama,5
460,Mushishi,5
460,Mashle: Magic and Muscles,5
460,Vinland Saga,5
460,Mob Psycho 100,4
460,Cowboy Bebop,4
460,One-Punch Man,4
460,Toradora!,2
460,KONOSUBA -God's blessing on this wonderful world!,5
460,Re:ZERO -Starting Life in Another World-,3
460,Assassination Classroom,5
460,Nichijou - My Ordinary Life,4
460,Jojo's Bizarre Adventure,2
460,Made in Abyss,5
460,Laid-Back Camp,2
460,Banana Fish,4
460,Frieren: Beyond Journey's End,5
461,Psycho-Pass,4
461,Attack on Titan,4
461,Code Geass,5
461,Blue Lock,3
461,Death Note,5
461,The Apothecary Diaries,4
461,The Promised Neverland,4
461,Mob Psycho 100,5
461,Gintama,5
461,Bocchi the Rock!,3
461,Assassination Classroom,4
461,Banana Fish,4
462,My Hero Academia,4
462,Spy x Family,4
462,Black Clover,5
462,Naruto Shippuden,4
462,Demon Slayer: Kimetsu no Yaiba,5
462,Mob Psycho 100,4
462,KONOSUBA -God's blessing on this wonderful world!,5
462,The Eminence in Shadow,3
462,Naruto,4
462,Nichijou - My Ordinary Life,4
462,One-Punch Man,5
462,Chainsaw Man,4
462,Assassination Classroom,4
462,Jojo's Bizarre Adventure,5
463,Dandadan,4
463,Nichijou - My Ordinary Life,4
463,KONOSUBA -God's blessing on this wonderful world!,1
463,One-Punch Man,2
463,One Piece,5
463,Demon Slayer: Kimetsu no Yaiba,4
463,Haikyu!!,5
463,Jujutsu Kaisen,5
463,Fire Force,4
463,Black Clover,5
464,Mushishi,3
464,Skip and Loafer,3
464,Laid-Back Camp,3
464,Kuroko's Basketball,5
464,Frieren: Beyond Journey's End,5
464,Yuri!!! on Ice,4
464,Nichijou - My Ordinary Life,4
465,Ranking of Kings,3
465,Clannad After Story,3
465,Sword Art Online,4
465,Your Lie in April,2
465,KONOSUBA -God's blessing on this wonderful world!,5
465,Made in Abyss,3
465,Fullmetal Alchemist: Brotherhood,4
465,Erased,4
465,The Eminence in Shadow,5
465,Mashle: Magic and Muscles,5
466,Bocchi the Rock!,3
466,Your Lie in April,3
466,Ranking of Kings,3
466,Demon Slayer: Kimetsu no Yaiba,3
466,Haikyu!!,3
466,Bleach,1
467,Wind Breaker,5
467,The Rising of the Shield Hero,4
467,The Eminence in Shadow,5
467,Dragon Ball Super,4
467,Log Horizon,5
467,Hell's Paradise,3
467,That Time I Got Reincarnated as a Slime,5
467,Black Clover,4
467,Overlord,5
467,Dandadan,4
467,Demon Slayer: Kimetsu no Yaiba,5
467,Fire Force,4
467,Mashle: Magic and Muscles,5
467,Sword Art Online,3
467,My Hero Academia,5
467,Chainsaw Man,3
467,Solo Leveling,4
467,One-Punch Man,2
467,Bleach,5
467,Mushoku Tensei: Jobless Reincarnation,4
467,Jujutsu Kaisen,5
467,Kaiju No. 8,5
467,Steins;Gate,2
468,Assassination Classroom,4
468,Kaguya-sama: Love is War,4
468,Mashle: Magic and Muscles,4
468,Yuri!!! on Ice,3
468,Mob Psycho 100,3
468,Wind Breaker,4
468,Gintama,4
468,Free! - Iwatobi Swim Club,3
468,KONOSUBA -God's blessing on this wonderful world!,4
468,Death Note,2
468,Spy x Family,4
468,Haikyu!!,4
468,One-Punch Man,3
469,Dandadan,5
469,Solo Leveling,4
469,Jujutsu Kaisen,5
469,Jojo's Bizarre Adventure,5
469,One Piece,5
469,Sword Art Online,2
469,Naruto,4
470,Neon Genesis Evangelion,4
470,Attack on Titan,4
470,Jojo's Bizarre Adventure,3
470,Erased,4
470,Fullmetal Alchemist: Brotherhood,4
470,Mushishi,4
470,Gintama,4
470,Hunter x Hunter,5
470,Steins;Gate,5
470,Made in Abyss,4
470,Banana Fish,4
470,Frieren: Beyond Journey's End,4
470,My Hero Academia,3
470,Cowboy Bebop,3
470,Vinland Saga,4
471,One-Punch Man,4
471,Assassination Classroom,4
471,Kaguya-sama: Love is War,4
471,Fire Force,1
471,Naruto,2
471,Rascal Does Not Dream of Bunny Girl Senpai,3
472,The Eminence in Shadow,4
472,Kaiju No. 8,1
472,Erased,3
472,Death Note,5
472,Attack on Titan,4
472,Overlord,5
472,Bocchi the Rock!,3
472,The Promised Neverland,3
472,Steins;Gate,5
472,Mashle: Magic and Muscles,5
472,Log Horizon,3
472,The Rising of the Shield Hero,2
472,Mob Psycho 100,3
472,Demon Slayer: Kimetsu no Yaiba,2
472,Code Geass,4
472,Naruto Shippuden,2
472,Odd Taxi,3
472,Cowboy Bebop,2
472,My Hero Academia,3
472,Solo Leveling,4
473,Code Geass,3
473,The Rising of the Shield Hero,2
473,Spy x Family,5
473,The Apothecary Diaries,5
473,One-Punch Man,3
473,Ranking of Kings,5
473,Laid-Back Camp,5
473,Erased,1
473,Haikyu!!,5
473,Nichijou - My Ordinary Life,3
473,Solo Leveling,3
473,Dragon Ball Super,2
473,Mushishi,3
473,Steins;Gate,3
473,Dr. Stone,5
473,Skip and Loafer,4
473,Kuroko's Basketball,3
474,Clannad After Story,4
474,Nichijou - My Ordinary Life,2
474,Rascal Does Not Dream of Bunny Girl Senpai,4
474,Dandadan,4
474,Spy x Family,4
474,The Rising of the Shield Hero,4
474,Kaguya-sama: Love is War,4
474,Mushoku Tensei: Jobless Reincarnation,5
474,That Time I Got Reincarnated as a Slime,4
475,Kaguya-sama: Love is War,4
475,One-Punch Man,4
475,Haikyu!!,4
475,Mashle: Magic and Muscles,3
475,Kuroko's Basketball,4
475,KONOSUBA -God's blessing on this wonderful world!,5
475,Horimiya,3
475,Gintama,5
475,My Hero Academia,3
476,Laid-Back Camp,4
476,Steins;Gate,4
476,Spy x Family,5
476,Mob Psycho 100,4
476,Kaguya-sama: Love is War,5
476,One-Punch Man,4
476,Bocchi the Rock!,5
476,Assassination Classroom,5
476,Gintama,5
476,KONOSUBA -God's blessing on this wonderful world!,5
476,Demon Slayer: Kimetsu no Yaiba,2
476,Nichijou - My Ordinary Life,5
476,Black Clover,2
476,Mushishi,3
476,Mashle: Magic and Muscles,5
476,Overlord,3
476,Horimiya,3
476,Attack on Titan,3
476,Code Geass,2
476,My Hero Academia,4
476,Fullmetal Alchemist: Brotherhood,4
476,Odd Taxi,3
476,Wind Breaker,3
477,Haikyu!!,3
477,Free! - Iwatobi Swim Club,4
477,Kuroko's Basketball,4
477,Odd Taxi,1
477,Naruto Shippuden,2
477,Made in Abyss,2
477,The Apothecary Diaries,2
477,Assassination Classroom,3
477,Blue Lock,3
477,Yuri!!! on Ice,2
478,Jujutsu Kaisen,2
478,Spy x Family,5
478,Psycho-Pass,2
478,Fruits Basket,3
478,Rascal Does Not Dream of Bunny Girl Senpai,5
478,Horimiya,4
478,Kaguya-sama: Love is War,5
478,KONOSUBA -God's blessing on this wonderful world!,3
478,Bocchi the Rock!,3
478,Your Lie in April,5
478,Code Geass,4
478,Toradora!,5
478,Dandadan,5
478,My Dress-Up Darling,5
478,Mob Psycho 100,3
478,Clannad After Story,5
478,The Eminence in Shadow,2
478,Naruto Shippuden,2
478,Erased,2
478,Black Clover,3
478,Kuroko's Basketball,3
479,Jujutsu Kaisen,5
479,Kaiju No. 8,4
479,My Hero Academia,4
479,Kaguya-sama: Love is War,5
479,Jojo's Bizarre Adventure,5
479,Naruto Shippuden,5
479,Solo Leveling,5
479,Wind Breaker,5
479,Nichijou - My Ordinary Life,4
480,Assassination Classroom,4
480,One-Punch Man,5
480,Kaiju No. 8,4
480,Haikyu!!,1
480,Gintama,4
480,Black Clover,3
480,Naruto Shippuden,3
480,Cowboy Bebop,3
480,Mashle: Magic and Muscles,4
480,My Hero Academia,4
480,Demon Slayer: Kimetsu no Yaiba,4
480,KONOSUBA -God's blessing on this wonderful world!,4
480,Dandadan,3
480,Jojo's Bizarre Adventure,4
480,Re:ZERO -Starting Life in Another World-,2
480,Bocchi the Rock!,5
481,Psycho-Pass,4
481,The Apothecary Diaries,5
481,Black Clover,3
481,Your Lie in April,4
481,Erased,5
481,Odd Taxi,5
481,Death Note,5
482,Ranking of Kings,5
482,Haikyu!!,5
482,That Time I Got Reincarnated as a Slime,3
482,Mushoku Tensei: Jobless Reincarnation,4
482,Solo Leveling,5
482,Log Horizon,4
482,Re:ZERO -Starting Life in Another World-,5
482,Gintama,3
482,Cowboy Bebop,2
482,The Eminence in Shadow,5
482,Dr. Stone,4
482,Mushishi,4
482,Skip and Loafer,5
482,Laid-Back Camp,4
482,Mob Psycho 100,3
482,The Apothecary Diaries,4
483,Free! - Iwatobi Swim Club,4
483,Mob Psycho 100,3
483,Haikyu!!,4
483,Assassination Classroom,4
483,Wind Breaker,5
483,Yuri!!! on Ice,5
483,Blue Lock,4
483,Jojo's Bizarre Adventure,2
483,Skip and Loafer,2
483,Black Clover,2
483,The Apothecary Diaries,3
483,Naruto Shippuden,3
483,Toradora!,3
483,Kuroko's Basketball,4
483,Attack on Titan,2
483,Steins;Gate,3
483,Mushishi,2
483,Erased,3
483,Dandadan,2
484,Erased,4
484,Horimiya,1
484,Odd Taxi,3
484,Nichijou - My Ordinary Life,2
484,Solo Leveling,2
484,The Promised Neverland,4
484,Jojo's Bizarre Adventure,3
484,Attack on Titan,4
484,Steins;Gate,4
484,The Apothecary Diaries,4
484,Code Geass,5
484,Death Note,5
484,KONOSUBA -God's blessing on this wonderful world!,3
484,Kaiju No. 8,1
484,Bocchi the Rock!,3
484,Banana Fish,4
484,Psycho-Pass,4
484,Jujutsu Kaisen,2
484,Dr. Stone,2
484,Yuri!!! on Ice,2
484,Fullmetal Alchemist: Brotherhood,2
484,Mob Psycho 100,3
484,Kaguya-sama: Love is War,3
485,Assassination Classroom,5
485,Neon Genesis Evangelion,3
485,Mob Psycho 100,5
485,Demon Slayer: Kimetsu no Yaiba,3
485,Hunter x Hunter,4
485,My Dress-Up Darling,4
485,Clannad After Story,4
485,Fruits Basket,4
485,Nichijou - My Ordinary Life,5
485,Spy x Family,4
485,Horimiya,4
485,KONOSUBA -God's blessing on this wonderful world!,3
485,One-Punch Man,5
485,Gintama,5
485,Bocchi the Rock!,5
485,Skip and Loafer,3
485,Kaguya-sama: Love is War,5
485,The Eminence in Shadow,3
485,Your Lie in April,5
486,Free! - Iwatobi Swim Club,5
486,Demon Slayer: Kimetsu no Yaiba,3
486,Assassination Classroom,5
486,Kuroko's Basketball,5
486,One-Punch Man,2
486,The Rising of the Shield Hero,2
486,Wind Breaker,5
486,Haikyu!!,5
486,Mushishi,2
486,Blue Lock,4
486,One Piece,4
486,My Hero Academia,2
486,My Dress-Up Darling,3
486,Yuri!!! on Ice,5
486,Bocchi the Rock!,4
486,That Time I Got Reincarnated as a Slime,3
486,Code Geass,4
486,Attack on Titan,4
486,Naruto Shippuden,3
487,Toradora!,5
487,Dr. Stone,1
487,Clannad After Story,4
487,My Dress-Up Darling,5
487,My Hero Academia,1
487,Spy x Family,5
487,Fruits Basket,4
487,Your Lie in April,5
487,Dandadan,5
487,Rascal Does Not Dream of Bunny Girl Senpai,4
487,Horimiya,4
487,Dragon Ball Super,2
487,Hunter x Hunter,3
487,Cowboy Bebop,2
487,Kaguya-sama: Love is War,4
487,The Rising of the Shield Hero,3
487,Bocchi the Rock!,2
487,Hell's Paradise,2
487,Jujutsu Kaisen,2
487,Log Horizon,2
487,Skip and Loafer,3
487,Fullmetal Alchemist: Brotherhood,2
487,Naruto,2
488,Kaguya-sama: Love is War,4
488,My Hero Academia,3
488,Made in Abyss,4
488,Your Lie in April,3
488,Rascal Does Not Dream of Bunny Girl Senpai,4
488,Steins;Gate,5
488,Horimiya,4
488,Banana Fish,4
488,My Dress-Up Darling,5
488,Cowboy Bebop,5
488,Hunter x Hunter,4
489,Clannad After Story,4
489,My Dress-Up Darling,4
489,Spy x Family,5
489,Dandadan,5
489,Kaguya-sama: Love is War,4
489,Skip and Loafer,3
489,Rascal Does Not Dream of Bunny Girl Senpai,4
489,Mushishi,2
490,Frieren: Beyond Journey's End,2
490,Solo Leveling,5
490,Mashle: Magic and Muscles,4
490,The Rising of the Shield Hero,5
490,Spy x Family,3
490,Sword Art Online,3
490,Re:ZERO -Starting Life in Another World-,5
490,Odd Taxi,1
490,Erased,3
490,KONOSUBA -God's blessing on this wonderful world!,3
490,Dragon Ball Super,2
490,Log Horizon,4
491,Haikyu!!,5
491,Naruto Shippuden,3
491,Blue Lock,3
491,Kuroko's Basketball,5
491,Assassination Classroom,4
491,Yuri!!! on Ice,4
491,Spy x Family,3
491,Wind Breaker,3
491,Code Geass,2
491,Fullmetal Alchemist: Brotherhood,2
491,Psycho-Pass,2
491,Hunter x Hunter,3
491,Free! - Iwatobi Swim Club,4
491,Clannad After Story,2
491,One-Punch Man,2
491,Chainsaw Man,1
491,Overlord,1
491,Skip and Loafer,2
491,Mushishi,2
491,Steins;Gate,3
491,Erased,2
491,Dragon Ball Super,2
491,Ranking of Kings,2
491,Dr. Stone,3
492,Cowboy Bebop,4
492,Haikyu!!,5
492,Clannad After Story,2
492,Laid-Back Camp,4
492,Skip and Loafer,5
492,Dr. Stone,4
492,Made in Abyss,4
492,The Apothecary Diaries,5
492,Banana Fish,4
492,Attack on Titan,5
492,KONOSUBA -God's blessing on this wonderful world!,2
492,Neon Genesis Evangelion,4
492,Nichijou - My Ordinary Life,5
492,Ranking of Kings,4
492,One-Punch Man,2
492,Vinland Saga,4
492,Spy x Family,5
492,Hunter x Hunter,5
492,Fullmetal Alchemist: Brotherhood,4
492,Mushishi,4
492,Sword Art Online,1
492,Fruits Basket,2
492,Bocchi the Rock!,4
493,Gintama,3
493,Spy x Family,4
493,Naruto Shippuden,2
493,Mashle: Magic and Muscles,3
493,Kaguya-sama: Love is War,4
493,Clannad After Story,2
493,Fullmetal Alchemist: Brotherhood,2
493,One-Punch Man,4
493,Steins;Gate,3
493,The Promised Neverland,2
493,Mob Psycho 100,4
493,Bocchi the Rock!,3
493,Wind Breaker,1
493,Nichijou - My Ordinary Life,5
493,Made in Abyss,1
493,Sword Art Online,1
493,Hunter x Hunter,2
493,Neon Genesis Evangelion,2
493,Erased,1
493,KONOSUBA -God's blessing on this wonderful world!,4
493,Assassination Classroom,4
493,One Piece,2
493,Mushishi,1
494,Assassination Classroom,5
494,Solo Leveling,5
494,Frieren: Beyond Journey's End,3
494,Wind Breaker,5
494,Bocchi the Rock!,3
494,That Time I Got Reincarnated as a Slime,5
494,Haikyu!!,5
494,Mashle: Magic and Muscles,4
494,The Rising of the Shield Hero,4
494,Re:ZERO -Starting Life in Another World-,5
494,Demon Slayer: Kimetsu no Yaiba,4
495,Mashle: Magic and Muscles,4
495,Attack on Titan,3
495,Spy x Family,4
495,Jojo's Bizarre Adventure,3
495,Nichijou - My Ordinary Life,5
495,KONOSUBA -God's blessing on this wonderful world!,5
495,Log Horizon,2
495,Kaguya-sama: Love is War,4
495,Naruto,2
495,Mob Psycho 100,5
495,Gintama,5
495,Yuri!!! on Ice,3
495,Bocchi the Rock!,5
495,Ranking of Kings,4
495,One-Punch Man,5
495,Naruto Shippuden,3
495,Assassination Classroom,5
495,Kaiju No. 8,3
495,The Rising of the Shield Hero,3
495,Banana Fish,4
495,Toradora!,4
496,Laid-Back Camp,4
496,Solo Leveling,2
496,My Hero Academia,2
496,The Apothecary Diaries,4
496,Yuri!!! on Ice,3
496,Ranking of Kings,3
496,Mushishi,4
496,Haikyu!!,4
496,Bocchi the Rock!,4
497,Death Note,3
497,Code Geass,5
497,Psycho-Pass,4
497,Kaguya-sama: Love is War,4
497,Assassination Classroom,4
497,Mashle: Magic and Muscles,5
497,Nichijou - My Ordinary Life,2
497,Bocchi the Rock!,4
497,Rascal Does Not Dream of Bunny Girl Senpai,2
497,Attack on Titan,4
497,Mob Psycho 100,5
497,Banana Fish,4
497,The Promised Neverland,5
497,Fruits Basket,4
497,Gintama,5
497,Steins;Gate,4
497,One-Punch Man,4
497,Fullmetal Alchemist: Brotherhood,3
497,My Dress-Up Darling,3
497,Erased,5
497,Ranking of Kings,3
497,The Apothecary Diaries,5
497,Your Lie in April,3
498,Your Lie in April,4
498,Chainsaw Man,2
498,Jojo's Bizarre Adventure,2
498,Jujutsu Kaisen,3
498,Fruits Basket,5
498,Rascal Does Not Dream of Bunny Girl Senpai,5
498,Dandadan,5
498,Horimiya,5
498,Clannad After Story,5
498,My Dress-Up Darling,4
498,One-Punch Man,3
498,Spy x Family,5
498,Kaiju No. 8,2
499,Gintama,4
499,Erased,3
499,Hunter x Hunter,3
499,Kaiju No. 8,2
499,Odd Taxi,5
499,Code Geass,3
499,Frieren: Beyond Journey's End,4
499,Cowboy Bebop,4
499,Made in Abyss,4
499,Death Note,5
499,Banana Fish,3
499,Attack on Titan,4
499,Fullmetal Alchemist: Brotherhood,5
499,Steins;Gate,5
499,Naruto Shippuden,2
499,Clannad After Story,2
499,The Apothecary Diaries,4
499,Psycho-Pass,3
500,The Promised Neverland,4
500,Erased,2
500,Horimiya,1
500,Banana Fish,4
500,Attack on Titan,3
500,The Apothecary Diaries,5
500,Death Note,5
500,Dandadan,2
500,Code Geass,3
501,Mob Psycho 100,5
501,KONOSUBA -God's blessing on this wonderful world!,4
501,Gintama,5
501,Mashle: Magic and Muscles,5
501,Kuroko's Basketball,3
501,Spy x Family,5
501,Bocchi the Rock!,5
501,Nichijou - My Ordinary Life,5
501,Banana Fish,2
501,Kaguya-sama: Love is War,5
501,Assassination Classroom,5
501,Free! - Iwatobi Swim Club,3
501,Odd Taxi,3
501,The Apothecary Diaries,2
501,One Piece,4
501,One-Punch Man,5
501,Rascal Does Not Dream of Bunny Girl Senpai,4
501,Steins;Gate,4
501,Ranking of Kings,3
501,Kaiju No. 8,2
501,Laid-Back Camp,5
501,Solo Leveling,4
502,Spy x Family,3
502,My Dress-Up Darling,4
502,Code Geass,2
502,Your Lie in April,5
502,Clannad After Story,4
502,Fruits Basket,5
502,Dandadan,5
502,Horimiya,4
503,Bocchi the Rock!,5
503,Kaguya-sama: Love is War,4
503,Mob Psycho 100,5
503,Vinland Saga,4
503,One-Punch Man,5
503,Overlord,3
503,Gintama,5
503,KONOSUBA -God's blessing on this wonderful world!,5
503,Jujutsu Kaisen,4
503,Jojo's Bizarre Adventure,4
503,Spy x Family,4
503,Steins;Gate,3
503,Frieren: Beyond Journey's End,4
503,Dragon Ball Super,3
503,Nichijou - My Ordinary Life,5
503,Assassination Classroom,5
503,Mashle: Magic and Muscles,5
503,Horimiya,4
503,Haikyu!!,4
503,Demon Slayer: Kimetsu no Yaiba,3
503,Blue Lock,2
503,Death Note,2
504,Frieren: Beyond Journey's End,3
504,Dandadan,5
504,Black Clover,3
504,Solo Leveling,4
504,Kaiju No. 8,4
504,Demon Slayer: Kimetsu no Yaiba,5
504,Naruto Shippuden,4
504,Fire Force,4
504,Mushoku Tensei: Jobless Reincarnation,4
504,Overlord,5
504,Mashle: Magic and Muscles,3
504,Hell's Paradise,4
504,KONOSUBA -God's blessing on this wonderful world!,3
504,Chainsaw Man,4
504,Wind Breaker,4
504,Jojo's Bizarre Adventure,4
504,Re:ZERO -Starting Life in Another World-,4
504,Kaguya-sama: Love is War,3
504,One Piece,5
504,The Rising of the Shield Hero,4
505,The Rising of the Shield Hero,5
505,Solo Leveling,4
505,Clannad After Story,2
505,Overlord,4
505,Mushoku Tensei: Jobless Reincarnation,3
505,Re:ZERO -Starting Life in Another World-,3
505,The Eminence in Shadow,4
505,KONOSUBA -God's blessing on this wonderful world!,5
505,That Time I Got Reincarnated as a Slime,4
505,Jojo's Bizarre Adventure,3
505,Mashle: Magic and Muscles,4
506,Vinland Saga,3
506,Mushishi,5
506,Hunter x Hunter,4
506,Made in Abyss,4
506,Fullmetal Alchemist: Brotherhood,5
506,Gintama,5
506,Neon Genesis Evangelion,4
506,Erased,3
507,Nichijou - My Ordinary Life,4
507,Assassination Classroom,4
507,Mashle: Magic and Muscles,4
507,KONOSUBA -God's blessing on this wonderful world!,4
507,Kaguya-sama: Love is War,4
507,Log Horizon,1
507,Bocchi the Rock!,3
507,Ranking of Kings,2
507,One-Punch Man,4
507,Toradora!,1
507,Spy x Family,4
507,Gintama,5
507,Haikyu!!,2
507,Laid-Back Camp,2
507,One Piece,2
507,Yuri!!! on Ice,1
507,Sword Art Online,2
507,Naruto Shippuden,2
507,That Time I Got Reincarnated as a Slime,1
507,The Apothecary Diaries,1
507,Mob Psycho 100,4
508,Yuri!!! on Ice,4
508,Kuroko's Basketball,4
508,Gintama,2
508,Jujutsu Kaisen,3
508,Spy x Family,2
508,Fruits Basket,3
508,Free! - Iwatobi Swim Club,4
508,Assassination Classroom,4
508,One-Punch Man,2
508,Wind Breaker,4
508,Fire Force,2
508,KONOSUBA -God's blessing on this wonderful world!,2
508,Haikyu!!,5
508,Code Geass,3
508,Nichijou - My Ordinary Life,3
509,Fruits Basket,4
509,That Time I Got Reincarnated as a Slime,4
509,Spy x Family,4
509,KONOSUBA -God's blessing on this wonderful world!,5
509,Re:ZERO -Starting Life in Another World-,4
509,Rascal Does Not Dream of Bunny Girl Senpai,3
509,Solo Leveling,4
509,The Eminence in Shadow,4
509,Kaguya-sama: Love is War,4
509,Horimiya,5
509,Overlord,2
509,Psycho-Pass,3
509,My Dress-Up Darling,5
509,Log Horizon,3
509,Toradora!,4
509,Mushoku Tensei: Jobless Reincarnation,4
509,Clannad After Story,4
509,One Piece,2
509,The Rising of the Shield Hero,3
509,Erased,4
509,Bocchi the Rock!,3
509,Mashle: Magic and Muscles,4
509,Dandadan,4
510,Mushoku Tensei: Jobless Reincarnation,5
510,Black Clover,3
510,Fullmetal Alchemist: Brotherhood,5
510,The Eminence in Shadow,4
510,Jojo's Bizarre Adventure,2
510,Vinland Saga,4
510,Frieren: Beyond Journey's End,5
510,Re:ZERO -Starting Life in Another World-,5
510,Hunter x Hunter,5
510,Solo Leveling,5
511,One Piece,3
511,Skip and Loafer,4
511,Laid-Back Camp,3
511,Dr. Stone,3
511,Kuroko's Basketball,2
511,Spy x Family,5
511,Bocchi the Rock!,4
511,Erased,2
511,Haikyu!!,4
511,Wind Breaker,2
511,That Time I Got Reincarnated as a Slime,3
511,Sword Art Online,2
511,Steins;Gate,2
511,Attack on Titan,2
511,Mushishi,4
511,The Apothecary Diaries,5
511,Ranking of Kings,5
511,Frieren: Beyond Journey's End,4
511,Cowboy Bebop,3
511,Mob Psycho 100,2
511,Nichijou - My Ordinary Life,4
511,Vinland Saga,1
512,Frieren: Beyond Journey's End,5
512,Steins;Gate,5
512,Banana Fish,5
512,Attack on Titan,3
512,Horimiya,2
512,Mob Psycho 100,2
512,Fullmetal Alchemist: Brotherhood,5
512,Cowboy Bebop,5
512,Vinland Saga,4
512,Neon Genesis Evangelion,5
512,Hunter x Hunter,4
512,Skip and Loafer,2
512,Mushishi,5
513,Banana Fish,4
513,Made in Abyss,5
513,Steins;Gate,4
513,Spy x Family,4
513,Hunter x Hunter,4
513,Haikyu!!,3
513,Neon Genesis Evangelion,4
513,Kuroko's Basketball,3
513,The Apothecary Diaries,5
513,Ranking of Kings,5
513,One-Punch Man,2
513,Skip and Loafer,4
514,Kaguya-sama: Love is War,4
514,Haikyu!!,4
514,Ranking of Kings,4
514,Laid-Back Camp,4
514,Frieren: Beyond Journey's End,4
514,Mushishi,5
514,Mushoku Tensei: Jobless Reincarnation,2
515,Bocchi the Rock!,5
515,Assassination Classroom,4
515,Gintama,5
515,Kaguya-sama: Love is War,5
515,Solo Leveling,2
515,Nichijou - My Ordinary Life,5
515,Spy x Family,5
515,Mob Psycho 100,5
515,Mashle: Magic and Muscles,5
515,KONOSUBA -God's blessing on this wonderful world!,5
515,Dr. Stone,2
515,Made in Abyss,3
515,One-Punch Man,5
515,Odd Taxi,2
515,Frieren: Beyond Journey's End,2
516,Bocchi the Rock!,4
516,Mashle: Magic and Muscles,3
516,Spy x Family,5
516,Log Horizon,2
516,Kaguya-sama: Love is War,4
516,Banana Fish,2
516,Haikyu!!,2
516,Clannad After Story,2
516,Made in Abyss,2
516,One-Punch Man,4
516,Assassination Classroom,4
516,Nichijou - My Ordinary Life,3
516,KONOSUBA -God's blessing on this wonderful world!,4
516,Solo Leveling,2
516,Vinland Saga,2
516,Mob Psycho 100,4
516,Gintama,4
516,Bleach,3
516,Naruto,2
516,Tokyo Ghoul,2
516,Hunter x Hunter,2
516,Chainsaw Man,3
517,Made in Abyss,3
517,Steins;Gate,4
517,The Apothecary Diaries,4
517,Hunter x Hunter,3
517,The Promised Neverland,3
517,Banana Fish,4
517,Neon Genesis Evangelion,3
517,Erased,4
517,Fullmetal Alchemist: Brotherhood,5
517,Death Note,5
518,Dandadan,3
518,Black Clover,4
518,Jujutsu Kaisen,5
518,Tokyo Ghoul,2
518,Wind Breaker,4
518,Erased,2
518,Jojo's Bizarre Adventure,4
518,Kuroko's Basketball,2
518,Bleach,4
518,One Piece,5
518,The Apothecary Diaries,3
518,Dragon Ball Super,3
518,Demon Slayer: Kimetsu no Yaiba,5
518,My Hero Academia,4
518,Hell's Paradise,3
518,Kaiju No. 8,4
518,Naruto Shippuden,5
518,Fire Force,5
519,Haikyu!!,4
519,Fullmetal Alchemist: Brotherhood,3
519,Spy x Family,4
519,Bocchi the Rock!,3
519,Cowboy Bebop,4
519,Frieren: Beyond Journey's End,4
519,Hunter x Hunter,5
519,Nichijou - My Ordinary Life,3
519,Gintama,3
519,Odd Taxi,2
519,Ranking of Kings,3
519,Steins;Gate,3
519,Mushishi,3
519,Banana Fish,3
519,The Apothecary Diaries,5
519,Made in Abyss,4
519,Skip and Loafer,3
519,Laid-Back Camp,4
519,That Time I Got Reincarnated as a Slime,1
519,Jojo's Bizarre Adventure,1
520,Blue Lock,2
520,Frieren: Beyond Journey's End,4
520,Code Geass,3
520,Laid-Back Camp,5
520,Haikyu!!,5
520,That Time I Got Reincarnated as a Slime,4
520,Made in Abyss,3
520,Dr. Stone,5
520,Mushoku Tensei: Jobless Reincarnation,5
521,Skip and Loafer,4
521,Nichijou - My Ordinary Life,5
521,Hunter x Hunter,5
521,Horimiya,3
521,Cowboy Bebop,5
521,Ranking of Kings,5
521,The Apothecary Diaries,3
521,Frieren: Beyond Journey's End,5
521,Made in Abyss,4
521,Haikyu!!,4
521,Spy x Family,5
521,Attack on Titan,5
521,Kaguya-sama: Love is War,2
521,Steins;Gate,5
521,Fullmetal Alchemist: Brotherhood,5
522,Code Geass,4
522,Psycho-Pass,4
522,Attack on Titan,4
522,The Apothecary Diaries,4
522,Death Note,5
522,Erased,5
522,Black Clover,2
522,Banana Fish,4
522,Re:ZERO -Starting Life in Another World-,2
523,Mashle: Magic and Muscles,5
523,My Dress-Up Darling,1
523,Gintama,5
523,KONOSUBA -God's blessing on this wonderful world!,5
523,Nichijou - My Ordinary Life,5
523,Kaguya-sama: Love is War,4
523,Mob Psycho 100,3
523,One-Punch Man,5
523,Bocchi the Rock!,4
523,Assassination Classroom,4
523,Your Lie in April,3
523,Frieren: Beyond Journey's End,3
523,Re:ZERO -Starting Life in Another World-,3
523,The Rising of the Shield Hero,3
523,Haikyu!!,2
523,Spy x Family,5
523,Steins;Gate,3
523,Solo Leveling,2
523,Log Horizon,3
523,Dandadan,1
524,Toradora!,4
524,Spy x Family,4
524,Clannad After Story,4
524,Fruits Basket,4
524,Kaguya-sama: Love is War,4
524,Your Lie in April,4
524,Skip and Loafer,3
524,Horimiya,5
524,My Dress-Up Darling,4
524,Code Geass,2
524,Rascal Does Not Dream of Bunny Girl Senpai,5
524,The Apothecary Diaries,2
524,Dandadan,4
524,The Rising of the Shield Hero,1
524,The Eminence in Shadow,1
524,One-Punch Man,2
524,Attack on Titan,2
525,The Rising of the Shield Hero,4
525,The Promised Neverland,2
525,Sword Art Online,3
525,The Eminence in Shadow,4
525,Mushoku Tensei: Jobless Reincarnation,4
525,Mashle: Magic and Muscles,3
525,Hunter x Hunter,2
525,Log Horizon,3
525,Kaiju No. 8,2
525,Re:ZERO -Starting Life in Another World-,4
525,That Time I Got Reincarnated as a Slime,4
525,Solo Leveling,3
525,Skip and Loafer,2
525,KONOSUBA -God's blessing on this wonderful world!,3
525,Overlord,4
525,Ranking of Kings,3
525,Death Note,1
525,Frieren: Beyond Journey's End,2
525,Black Clover,2
525,Spy x Family,1
525,Jujutsu Kaisen,3
525,Attack on Titan,3
525,Kaguya-sama: Love is War,2
525,Bocchi the Rock!,2
526,Code Geass,3
526,Blue Lock,4
526,Yuri!!! on Ice,3
526,Haikyu!!,5
526,Wind Breaker,5
526,Mob Psycho 100,3
526,Free! - Iwatobi Swim Club,5
526,Clannad After Story,3
526,Fruits Basket,3
526,Jojo's Bizarre Adventure,2
526,Naruto Shippuden,2
526,Kaguya-sama: Love is War,1
526,Kuroko's Basketball,4
526,The Rising of the Shield Hero,2
526,Rascal Does Not Dream of Bunny Girl Senpai,2
526,Chainsaw Man,1
526,Attack on Titan,2
526,Assassination Classroom,4
526,Your Lie in April,2
526,Jujutsu Kaisen,2
527,Skip and Loafer,3
527,Wind Breaker,1
527,Frieren: Beyond Journey's End,5
527,The Apothecary Diaries,4
527,Ranking of Kings,3
527,Nichijou - My Ordinary Life,2
527,Mushishi,3
527,Your Lie in April,2
527,Bocchi the Rock!,3
527,Dr. Stone,4
528,Bocchi the Rock!,3
528,Gintama,4
528,Spy x Family,4
528,Dragon Ball Super,2
528,Fullmetal Alchemist: Brotherhood,2
528,Mashle: Magic and Muscles,5
528,Nichijou - My Ordinary Life,4
528,Kaguya-sama: Love is War,4
528,One-Punch Man,4
528,Made in Abyss,1
528,Mob Psycho 100,4
528,Assassination Classroom,4
528,Psycho-Pass,1
528,Free! - Iwatobi Swim Club,2
528,Hunter x Hunter,2
528,Dr. Stone,2
528,Haikyu!!,2
528,Dandadan,3
528,Steins;Gate,2
528,KONOSUBA -God's blessing on this wonderful world!,4
529,Bocchi the Rock!,3
529,Spy x Family,4
529,Rascal Does Not Dream of Bunny Girl Senpai,2
529,Gintama,5
529,KONOSUBA -God's blessing on this wonderful world!,5
529,Dr. Stone,1
529,Cowboy Bebop,2
529,My Hero Academia,2
529,One-Punch Man,5
529,Jujutsu Kaisen,1
529,Haikyu!!,2
529,Nichijou - My Ordinary Life,2
529,My Dress-Up Darling,2
529,Fire Force,2
529,The Eminence in Shadow,4
529,Banana Fish,2
530,Hell's Paradise,3
530,One Piece,5
530,My Hero Academia,4
530,Chainsaw Man,3
530,Jujutsu Kaisen,4
530,Naruto,3
530,Dandadan,5
530,Dragon Ball Super,4
530,Naruto Shippuden,4
530,Demon Slayer: Kimetsu no Yaiba,4
531,Hunter x Hunter,4
531,Gintama,4
531,Attack on Titan,3
531,Banana Fish,5
531,Steins;Gate,4
531,Fullmetal Alchemist: Brotherhood,5
531,Frieren: Beyond Journey's End,5
532,Mashle: Magic and Muscles,4
532,KONOSUBA -God's blessing on this wonderful world!,3
532,Spy x Family,5
532,Nichijou - My Ordinary Life,4
532,Vinland Saga,4
532,Hunter x Hunter,5
532,Neon Genesis Evangelion,4
532,Attack on Titan,4
532,One Piece,3
532,Assassination Classroom,4
532,Bocchi the Rock!,4
532,Fullmetal Alchemist: Brotherhood,3
532,Frieren: Beyond Journey's End,4
532,Steins;Gate,4
532,Cowboy Bebop,3
533,Kaguya-sama: Love is War,4
533,Your Lie in April,4
533,Dandadan,3
533,The Apothecary Diaries,2
533,Horimiya,4
533,My Dress-Up Darling,5
533,Spy x Family,4
533,Clannad After Story,4
533,Rascal Does Not Dream of Bunny Girl Senpai,3
533,Toradora!,3
533,Fire Force,1
533,Yuri!!! on Ice,2
534,Hunter x Hunter,4
534,Erased,4
534,Steins;Gate,5
534,Code Geass,5
534,Frieren: Beyond Journey's End,4
534,Psycho-Pass,4
534,Vinland Saga,4
534,The Promised Neverland,5
534,Gintama,5
534,Kaiju No. 8,3
534,Death Note,4
534,The Apothecary Diaries,5
534,Banana Fish,5
534,Mushishi,4
534,Attack on Titan,5
534,Odd Taxi,4
534,Cowboy Bebop,5
534,Jujutsu Kaisen,2
534,Made in Abyss,5
534,Free! - Iwatobi Swim Club,3
535,Frieren: Beyond Journey's End,5
535,Mob Psycho 100,4
535,One-Punch Man,4
535,Hunter x Hunter,4
535,Banana Fish,5
535,Cowboy Bebop,5
535,Steins;Gate,4
535,Kaguya-sama: Love is War,4
535,Kaiju No. 8,3
535,Assassination Classroom,4
535,Vinland Saga,4
535,Mashle: Magic and Muscles,4
535,Made in Abyss,4
535,Attack on Titan,5
535,Gintama,4
535,Odd Taxi,4
535,Mushishi,5
535,Fullmetal Alchemist: Brotherhood,4
535,KONOSUBA -God's blessing on this wonderful world!,4
535,Demon Slayer: Kimetsu no Yaiba,3
535,Re:ZERO -Starting Life in Another World-,2
535,Nichijou - My Ordinary Life,5
535,Bocchi the Rock!,5
535,Tokyo Ghoul,1
536,Bocchi the Rock!,4
536,Steins;Gate,3
536,Demon Slayer: Kimetsu no Yaiba,3
536,Mob Psycho 100,4
536,Attack on Titan,2
536,Mashle: Magic and Muscles,4
536,Nichijou - My Ordinary Life,4
536,One-Punch Man,4
536,Erased,2
536,Made in Abyss,2
536,Assassination Classroom,5
536,Horimiya,2
536,Gintama,5
536,Spy x Family,5
536,Bleach,2
536,Your Lie in April,3
536,KONOSUBA -God's blessing on this wonderful world!,4
536,Yuri!!! on Ice,2
536,Frieren: Beyond Journey's End,1
537,The Apothecary Diaries,5
537,Fullmetal Alchemist: Brotherhood,4
537,The Rising of the Shield Hero,5
537,Solo Leveling,4
537,KONOSUBA -God's blessing on this wonderful world!,4
537,Log Horizon,3
537,Steins;Gate,4
537,Psycho-Pass,5
537,Odd Taxi,5
537,Death Note,5
537,Code Geass,5
537,Banana Fish,4
538,Dandadan,5
538,Gintama,3
538,Steins;Gate,5
538,Toradora!,4
538,Kaguya-sama: Love is War,2
538,Vinland Saga,5
538,Fullmetal Alchemist: Brotherhood,4
538,Frieren: Beyond Journey's End,4
538,Log Horizon,1
538,Neon Genesis Evangelion,4
538,Hunter x Hunter,4
538,Banana Fish,4
538,My Dress-Up Darling,4
538,Rascal Does Not Dream of Bunny Girl Senpai,4
538,Horimiya,4
538,Fruits Basket,5
538,Cowboy Bebop,4
538,Attack on Titan,4
538,Mushishi,4
539,Fullmetal Alchemist: Brotherhood,5
539,Erased,4
539,Cowboy Bebop,5
539,Steins;Gate,4
539,Laid-Back Camp,2
539,The Promised Neverland,3
539,Made in Abyss,3
539,Naruto,2
539,Nichijou - My Ordinary Life,2
539,Ranking of Kings,2
539,Odd Taxi,5
539,Frieren: Beyond Journey's End,5
539,The Apothecary Diaries,5
539,Vinland Saga,5
539,Code Geass,4
540,Death Note,5
540,Odd Taxi,4
540,Psycho-Pass,4
540,Nichijou - My Ordinary Life,2
540,Skip and Loafer,2
540,The Apothecary Diaries,5
540,Overlord,1
540,Steins;Gate,4
540,Erased,4
540,Neon Genesis Evangelion,2
540,Code Geass,3
540,Attack on Titan,3
540,The Promised Neverland,4
540,Banana Fish,4
540,One-Punch Man,2
540,Solo Leveling,2
541,Clannad After Story,3
541,Log Horizon,2
541,Nichijou - My Ordinary Life,4
541,Spy x Family,5
541,Laid-Back Camp,3
541,Bocchi the Rock!,4
541,The Apothecary Diaries,5
541,Horimiya,4
541,Rascal Does Not Dream of Bunny Girl Senpai,4
541,Kuroko's Basketball,2
541,Haikyu!!,4
541,Fruits Basket,5
541,Skip and Loafer,4
541,Mushishi,3
541,Kaguya-sama: Love is War,5
541,Dandadan,4
541,Wind Breaker,2
541,Dr. Stone,4
541,Bleach,1
541,Your Lie in April,4
541,Toradora!,4
541,Steins;Gate,2
541,My Dress-Up Darling,5
542,Vinland Saga,5
542,Fullmetal Alchemist: Brotherhood,5
542,Attack on Titan,5
542,Frieren: Beyond Journey's End,5
542,Hunter x Hunter,5
542,Erased,3
542,One Piece,2
542,Banana Fish,5
542,Gintama,5
542,Mushishi,5
542,Neon Genesis Evangelion,5
542,Made in Abyss,5
542,My Dress-Up Darling,4
542,Solo Leveling,3
542,Steins;Gate,5
542,Death Note,2
542,Cowboy Bebop,5
542,Log Horizon,3
542,Kuroko's Basketball,3
543,Spy x Family,4
543,Vinland Saga,5
543,Hunter x Hunter,4
543,Neon Genesis Evangelion,4
543,Death Note,5
543,Made in Abyss,5
543,Frieren: Beyond Journey's End,4
543,The Promised Neverland,4
543,Code Geass,5
543,Banana Fish,4
543,Psycho-Pass,4
543,Erased,5
544,Clannad After Story,2
544,Kaiju No. 8,1
544,Odd Taxi,2
544,Jujutsu Kaisen,2
544,Wind Breaker,3
544,Kuroko's Basketball,4
544,Free! - Iwatobi Swim Club,4
545,Wind Breaker,3
545,Laid-Back Camp,4
545,Skip and Loafer,3
545,Yuri!!! on Ice,4
545,My Hero Academia,2
545,Spy x Family,5
546,My Hero Academia,2
546,Kuroko's Basketball,4
546,Haikyu!!,5
546,Assassination Classroom,4
546,Blue Lock,3
546,Re:ZERO -Starting Life in Another World-,2
546,Wind Breaker,4
546,Yuri!!! on Ice,4
546,Attack on Titan,2
546,One-Punch Man,2
546,Cowboy Bebop,2
546,Jujutsu Kaisen,2
546,The Apothecary Diaries,2
546,Neon Genesis Evangelion,2
546,Free! - Iwatobi Swim Club,4
546,Overlord,2
546,Fruits Basket,1
546,Naruto,2
547,Mushishi,4
547,Neon Genesis Evangelion,5
547,Cowboy Bebop,5
547,Tokyo Ghoul,1
547,Steins;Gate,5
547,Attack on Titan,4
547,Your Lie in April,3
547,Spy x Family,2
547,Hunter x Hunter,4
547,Vinland Saga,5
547,Horimiya,2
547,Re:ZERO -Starting Life in Another World-,2
547,Fullmetal Alchemist: Brotherhood,5
547,Haikyu!!,2
548,Frieren: Beyond Journey's End,4
548,Skip and Loafer,3
548,KONOSUBA -God's blessing on this wonderful world!,4
548,Laid-Back Camp,4
548,The Apothecary Diaries,3
548,Erased,2
548,Bocchi the Rock!,4
548,Solo Leveling,4
548,Mushoku Tensei: Jobless Reincarnation,3
548,Mashle: Magic and Muscles,3
549,The Promised Neverland,5
549,Psycho-Pass,5
549,Death Note,5
549,Code Geass,5
549,The Apothecary Diaries,5
549,Gintama,3
549,Bocchi the Rock!,4
549,Tokyo Ghoul,4
550,Laid-Back Camp,3
550,Haikyu!!,4
550,Solo Leveling,5
550,Re:ZERO -Starting Life in Another World-,4
550,The Eminence in Shadow,4
550,The Rising of the Shield Hero,4
551,Rascal Does Not Dream of Bunny Girl Senpai,5
551,Kaiju No. 8,2
551,Code Geass,4
551,Toradora!,4
551,Fruits Basket,3
551,My Dress-Up Darling,3
551,Kaguya-sama: Love is War,5
551,Haikyu!!,3
551,Overlord,3
551,Your Lie in April,4
551,Dandadan,5
552,Kaguya-sama: Love is War,4
552,Fruits Basket,4
552,My Dress-Up Darling,5
552,Dandadan,4
552,Clannad After Story,4
552,Toradora!,4
553,Laid-Back Camp,5
553,Your Lie in April,2
553,Mushishi,4
553,Haikyu!!,5
553,The Apothecary Diaries,4
553,Bocchi the Rock!,4
553,Skip and Loafer,4
553,Rascal Does Not Dream of Bunny Girl Senpai,3
553,Fruits Basket,3
553,Erased,3
554,Fruits Basket,2
554,Attack on Titan,2
554,Assassination Classroom,3
554,One Piece,2
554,Haikyu!!,4
554,Free! - Iwatobi Swim Club,3
554,Kuroko's Basketball,4
554,Skip and Loafer,1
554,Yuri!!! on Ice,4
554,Blue Lock,3
554,Death Note,1
554,Naruto,2
554,Cowboy Bebop,3
554,Horimiya,2
554,Steins;Gate,2
554,Wind Breaker,3
554,Overlord,1
554,Fullmetal Alchemist: Brotherhood,3
554,Frieren: Beyond Journey's End,1
555,Solo Leveling,5
555,Demon Slayer: Kimetsu no Yaiba,5
555,Dandadan,5
555,Dragon Ball Super,4
555,Black Clover,4
555,Jojo's Bizarre Adventure,4
555,One Piece,5
556,Nichijou - My Ordinary Life,3
556,Wind Breaker,4
556,Yuri!!! on Ice,4
556,Kaguya-sama: Love is War,4
556,Kuroko's Basketball,5
556,Haikyu!!,5
556,Your Lie in April,3
556,One-Punch Man,4
556,Dandadan,2
556,Bocchi the Rock!,5
556,Assassination Classroom,5
556,Mob Psycho 100,4
556,Horimiya,2
556,Free! - Iwatobi Swim Club,4
556,Laid-Back Camp,4
556,Gintama,4
556,Mashle: Magic and Muscles,5
556,Blue Lock,4
556,Cowboy Bebop,3
556,KONOSUBA -God's blessing on this wonderful world!,4
557,Spy x Family,4
557,My Dress-Up Darling,5
557,Kaguya-sama: Love is War,5
557,Clannad After Story,4
557,Fruits Basket,4
557,Your Lie in April,5
557,Toradora!,5
557,Horimiya,4
558,Assassination Classroom,4
558,Code Geass,2
558,Gintama,4
558,Bocchi the Rock!,5
558,Kaguya-sama: Love is War,5
558,Spy x Family,4
558,Mob Psycho 100,5
558,My Dress-Up Darling,2
558,Naruto Shippuden,2
559,Yuri!!! on Ice,4
559,Free! - Iwatobi Swim Club,4
559,Kuroko's Basketball,4
559,Wind Breaker,5
559,Assassination Classroom,4
559,Haikyu!!,4
559,Blue Lock,4
559,Cowboy Bebop,2
559,Frieren: Beyond Journey's End,2
559,Kaiju No. 8,2
560,Hunter x Hunter,5
560,Dandadan,2
560,Bocchi the Rock!,4
560,Vinland Saga,4
560,Steins;Gate,5
560,One Piece,3
560,Attack on Titan,3
560,Gintama,4
560,Neon Genesis Evangelion,3
560,Free! - Iwatobi Swim Club,3
560,Mushishi,3
560,Fullmetal Alchemist: Brotherhood,4
560,Frieren: Beyond Journey's End,4
560,Rascal Does Not Dream of Bunny Girl Senpai,3
560,Assassination Classroom,3
560,Demon Slayer: Kimetsu no Yaiba,2
560,The Eminence in Shadow,1
560,Cowboy Bebop,5
561,Fruits Basket,3
561,Rascal Does Not Dream of Bunny Girl Senpai,5
561,Kaguya-sama: Love is War,5
561,Clannad After Story,5
561,My Dress-Up Darling,5
561,Your Lie in April,4
561,Sword Art Online,2
561,The Promised Neverland,2
561,Toradora!,5
562,Blue Lock,5
562,Haikyu!!,4
562,Wind Breaker,4
562,Skip and Loafer,2
562,Assassination Classroom,5
562,Your Lie in April,2
562,Kuroko's Basketball,5
562,Jojo's Bizarre Adventure,3
562,Free! - Iwatobi Swim Club,4
562,Cowboy Bebop,1
563,Demon Slayer: Kimetsu no Yaiba,5
563,My Dress-Up Darling,4
563,Clannad After Story,5
563,Wind Breaker,4
563,Black Clover,5
563,Fullmetal Alchemist: Brotherhood,3
563,One Piece,5
563,Jojo's Bizarre Adventure,5
563,Dandadan,5
563,Kaguya-sama: Love is War,5
563,Naruto,4
564,My Hero Academia,2
564,Odd Taxi,4
564,Psycho-Pass,5
564,The Apothecary Diaries,4
564,Death Note,5
564,Vinland Saga,3
564,Haikyu!!,3
564,Erased,3
564,Dr. Stone,3
564,Overlord,3
564,Attack on Titan,5
564,Black Clover,1
564,Solo Leveling,4
565,Spy x Family,5
565,The Rising of the Shield Hero,2
565,Clannad After Story,4
565,Your Lie in April,4
565,Rascal Does Not Dream of Bunny Girl Senpai,4
565,Horimiya,4
565,Log Horizon,4
565,That Time I Got Reincarnated as a Slime,4
565,Steins;Gate,3
565,Bocchi the Rock!,2
565,My Dress-Up Darling,4
565,Kaguya-sama: Love is War,5
566,Steins;Gate,4
566,Psycho-Pass,4
566,Death Note,5
566,The Apothecary Diaries,5
566,Cowboy Bebop,3
566,Attack on Titan,5
566,The Promised Neverland,5
566,Erased,4
566,Free! - Iwatobi Swim Club,4
566,Odd Taxi,5
566,Banana Fish,5
566,Chainsaw Man,2
566,That Time I Got Reincarnated as a Slime,3
566,Kaguya-sama: Love is War,3
566,Code Geass,3
567,The Rising of the Shield Hero,2
567,Yuri!!! on Ice,4
567,Wind Breaker,4
567,Blue Lock,5
567,Assassination Classroom,4
567,Kuroko's Basketball,4
567,Haikyu!!,4
567,Jojo's Bizarre Adventure,3
567,Frieren: Beyond Journey's End,2
567,Mashle: Magic and Muscles,1
567,One-Punch Man,3
567,Laid-Back Camp,2
567,Jujutsu Kaisen,3
567,Vinland Saga,2
567,Steins;Gate,1
567,Death Note,1
567,Dandadan,2
567,Solo Leveling,2
567,Free! - Iwatobi Swim Club,5
568,Mob Psycho 100,4
568,Bocchi the Rock!,4
568,Spy x Family,5
568,Mashle: Magic and Muscles,4
568,Made in Abyss,2
568,Kaguya-sama: Love is War,4
568,Steins;Gate,2
568,Rascal Does Not Dream of Bunny Girl Senpai,2
568,Assassination Classroom,4
568,Jujutsu Kaisen,2
568,Gintama,5
568,Toradora!,2
568,One-Punch Man,4
568,Skip and Loafer,2
568,Solo Leveling,3
568,Fruits Basket,2
568,KONOSUBA -God's blessing on this wonderful world!,5
568,Blue Lock,3
569,Vinland Saga,3
569,Erased,3
569,Fruits Basket,1
569,The Apothecary Diaries,4
569,Banana Fish,4
569,KONOSUBA -God's blessing on this wonderful world!,2
569,Naruto Shippuden,2
569,The Promised Neverland,4
570,Dr. Stone,2
570,My Hero Academia,4
570,Jojo's Bizarre Adventure,4
570,Jujutsu Kaisen,5
570,Chainsaw Man,5
570,Kaiju No. 8,3
571,Kuroko's Basketball,3
571,Your Lie in April,5
571,Dr. Stone,2
571,Jujutsu Kaisen,3
571,Dandadan,5
571,Spy x Family,5
571,Psycho-Pass,1
571,Kaguya-sama: Love is War,4
571,Mob Psycho 100,2
571,Rascal Does Not Dream of Bunny Girl Senpai,4
571,Fruits Basket,4
571,Toradora!,5
571,Horimiya,4
571,Mashle: Magic and Muscles,3
571,The Apothecary Diaries,2
571,Mushishi,3
571,Clannad After Story,5
571,Laid-Back Camp,2
571,The Eminence in Shadow,2
571,My Dress-Up Darling,4
571,Erased,3
572,Attack on Titan,3
572,Vinland Saga,4
572,Frieren: Beyond Journey's End,4
572,Steins;Gate,4
572,Yuri!!! on Ice,2
572,Fullmetal Alchemist: Brotherhood,4
572,Mushishi,4
572,Banana Fish,3
572,Cowboy Bebop,3
572,Blue Lock,2
572,Made in Abyss,3
572,Gintama,4
572,Hunter x Hunter,4
572,Naruto Shippuden,1
572,Clannad After Story,2
572,Demon Slayer: Kimetsu no Yaiba,2
572,My Dress-Up Darling,2
572,The Eminence in Shadow,2
572,Tokyo Ghoul,2
572,One-Punch Man,3
572,Chainsaw Man,3
573,Dandadan,4
573,Naruto Shippuden,5
573,My Hero Academia,4
573,Hell's Paradise,3
573,Laid-Back Camp,2
573,One Piece,3
574,Bocchi the Rock!,5
574,Laid-Back Camp,5
574,Spy x Family,5
574,Ranking of Kings,5
574,The Eminence in Shadow,3
574,Tokyo Ghoul,2
574,Frieren: Beyond Journey's End,4
574,Dr. Stone,4
574,Skip and Loafer,5
574,Mushishi,4
574,Haikyu!!,5
574,Kaguya-sama: Love is War,4
574,Fire Force,3
574,Banana Fish,2
574,My Hero Academia,4
574,One Piece,4
574,Hell's Paradise,3
574,Horimiya,4
574,The Apothecary Diaries,5
574,Yuri!!! on Ice,3
574,Your Lie in April,3
574,Attack on Titan,2
574,Overlord,4
575,Mushishi,4
575,The Apothecary Diaries,4
575,Bocchi the Rock!,4
575,Skip and Loafer,4
575,Naruto,1
575,Attack on Titan,2
575,Ranking of Kings,4
575,Spy x Family,4
575,Odd Taxi,3
575,Tokyo Ghoul,2
575,Nichijou - My Ordinary Life,4
575,Laid-Back Camp,5
575,Dr. Stone,4
575,Yuri!!! on Ice,2
575,Frieren: Beyond Journey's End,4
575,Fruits Basket,2
575,The Eminence in Shadow,1
575,Haikyu!!,4
575,Fullmetal Alchemist: Brotherhood,1
576,Demon Slayer: Kimetsu no Yaiba,4
576,One Piece,4
576,Naruto,3
576,Solo Leveling,4
576,Attack on Titan,3
576,Fire Force,3
576,Psycho-Pass,1
576,My Hero Academia,4
576,Hell's Paradise,4
576,The Rising of the Shield Hero,3
576,Black Clover,4
576,Dandadan,4
576,The Apothecary Diaries,3
576,Code Geass,1
576,Wind Breaker,4
576,Death Note,2
577,One Piece,5
577,Chainsaw Man,4
577,Naruto Shippuden,4
577,Black Clover,4
577,My Hero Academia,5
577,Wind Breaker,4
577,Demon Slayer: Kimetsu no Yaiba,4
577,Jujutsu Kaisen,5
577,Naruto,4
577,Neon Genesis Evangelion,1
577,Jojo's Bizarre Adventure,5
577,Dandadan,5
577,Laid-Back Camp,4
577,Fire Force,5
577,Kaiju No. 8,5
577,Bleach,4
577,Assassination Classroom,2
577,Mashle: Magic and Muscles,3
577,Hell's Paradise,4
577,Frieren: Beyond Journey's End,2
578,Attack on Titan,5
578,The Promised Neverland,4
578,Banana Fish,3
578,Kaguya-sama: Love is War,3
578,Bocchi the Rock!,3
578,Made in Abyss,1
578,Fullmetal Alchemist: Brotherhood,3
578,Steins;Gate,5
578,Chainsaw Man,2
578,The Apothecary Diaries,4
579,Gintama,4
579,Bocchi the Rock!,4
579,KONOSUBA -God's blessing on this wonderful world!,4
579,Code Geass,4
579,Psycho-Pass,4
579,The Apothecary Diaries,4
579,Death Note,4
579,One-Punch Man,4
579,Erased,4
579,Steins;Gate,5
579,Dr. Stone,2
579,Odd Taxi,4
579,The Promised Neverland,3
579,Nichijou - My Ordinary Life,3
579,Assassination Classroom,4
579,Mob Psycho 100,4
579,Attack on Titan,5
580,Banana Fish,5
580,Fullmetal Alchemist: Brotherhood,5
580,Attack on Titan,5
580,Hunter x Hunter,5
580,The Promised Neverland,3
580,Made in Abyss,4
580,Frieren: Beyond Journey's End,5
580,Gintama,4
580,My Hero Academia,3
580,Dandadan,4
580,Steins;Gate,5
580,Mushishi,5
580,Cowboy Bebop,5
580,Mob Psycho 100,3
580,Vinland Saga,5
580,Neon Genesis Evangelion,5
580,Skip and Loafer,3
580,Death Note,4
580,Code Geass,4
581,Fruits Basket,4
581,Dandadan,4
581,Spy x Family,4
581,Steins;Gate,1
581,Clannad After Story,4
581,Attack on Titan,1
581,Horimiya,3
581,Rascal Does Not Dream of Bunny Girl Senpai,3
581,Kaguya-sama: Love is War,4
581,Your Lie in April,4
581,Naruto Shippuden,2
581,Toradora!,5
581,Laid-Back Camp,2
581,Hunter x Hunter,2
581,Assassination Classroom,2
581,Black Clover,3
581,Jujutsu Kaisen,2
581,My Dress-Up Darling,4
581,Chainsaw Man,1
582,Laid-Back Camp,5
582,Attack on Titan,3
582,Bocchi the Rock!,4
582,Haikyu!!,5
582,Mushishi,4
582,Dr. Stone,3
582,Spy x Family,4
582,Mob Psycho 100,2
582,The Apothecary Diaries,5
582,Jujutsu Kaisen,3
582,Ranking of Kings,3
582,Naruto Shippuden,3
582,Kaguya-sama: Love is War,3
582,Skip and Loafer,4
582,Black Clover,2
582,Frieren: Beyond Journey's End,5
582,Nichijou - My Ordinary Life,3
582,Toradora!,2
582,Made in Abyss,3
582,Jojo's Bizarre Adventure,2
582,Vinland Saga,3
583,One Piece,2
583,Psycho-Pass,4
583,Death Note,5
583,Mushishi,4
583,Banana Fish,3
583,Made in Abyss,2
583,Odd Taxi,4
583,Spy x Family,3
584,Chainsaw Man,2
584,Erased,4
584,Mushoku Tensei: Jobless Reincarnation,1
584,Code Geass,4
584,Death Note,5
584,The Apothecary Diaries,5
584,Dandadan,2
584,Odd Taxi,5
584,Toradora!,2
584,Bocchi the Rock!,4
584,Psycho-Pass,4
584,Nichijou - My Ordinary Life,2
584,Steins;Gate,4
584,The Promised Neverland,4
584,Rascal Does Not Dream of Bunny Girl Senpai,2
585,Psycho-Pass,4
585,Steins;Gate,5
585,That Time I Got Reincarnated as a Slime,2
585,The Apothecary Diaries,4
585,Erased,4
585,Made in Abyss,1
585,Code Geass,4
585,Banana Fish,5
585,Death Note,4
585,Odd Taxi,5
585,One Piece,2
585,Attack on Titan,4
585,The Promised Neverland,4
585,Your Lie in April,2
585,Hell's Paradise,2
585,Kaiju No. 8,2
585,Skip and Loafer,2
585,Frieren: Beyond Journey's End,2
586,Ranking of Kings,4
586,Frieren: Beyond Journey's End,5
586,Psycho-Pass,4
586,Nichijou - My Ordinary Life,5
586,Erased,5
586,Death Note,5
586,Banana Fish,4
586,Haikyu!!,5
586,Spy x Family,4
586,Laid-Back Camp,4
586,Horimiya,4
586,The Apothecary Diaries,5
586,Made in Abyss,2
586,Kaguya-sama: Love is War,4
586,My Dress-Up Darling,3
586,Dr. Stone,5
586,Attack on Titan,5
586,The Promised Neverland,4
586,Odd Taxi,5
586,Steins;Gate,4
586,Skip and Loafer,4
586,Code Geass,5
587,The Promised Neverland,3
587,The Apothecary Diaries,4
587,Code Geass,3
587,Steins;Gate,5
587,Erased,3
587,Attack on Titan,4
588,Naruto,4
588,Hell's Paradise,4
588,Dandadan,5
588,Chainsaw Man,4
588,One Piece,5
588,Wind Breaker,5
588,Blue Lock,2
589,The Apothecary Diaries,5
589,Bocchi the Rock!,5
589,Haikyu!!,5
589,Frieren: Beyond Journey's End,5
589,Rascal Does Not Dream of Bunny Girl Senpai,3
589,Nichijou - My Ordinary Life,5
589,Dr. Stone,5
589,Horimiya,3
589,One Piece,3
589,Skip and Loafer,4
589,Vinland Saga,3
589,Wind Breaker,3
589,Overlord,3
589,Solo Leveling,3
589,Spy x Family,5
589,Ranking of Kings,5
590,Death Note,4
590,Cowboy Bebop,3
590,Steins;Gate,5
590,Fruits Basket,1
590,Fullmetal Alchemist: Brotherhood,4
590,Gintama,4
590,Psycho-Pass,4
590,Attack on Titan,4
590,Banana Fish,5
590,Erased,4
591,Bocchi the Rock!,5
591,Fullmetal Alchemist: Brotherhood,3
591,My Dress-Up Darling,4
591,Spy x Family,5
591,Kuroko's Basketball,2
591,Mob Psycho 100,5
591,Psycho-Pass,2
591,One-Punch Man,3
591,Jojo's Bizarre Adventure,2
591,Assassination Classroom,5
591,Nichijou - My Ordinary Life,5
591,KONOSUBA -God's blessing on this wonderful world!,4
591,Mashle: Magic and Muscles,5
591,Gintama,5
591,That Time I Got Reincarnated as a Slime,3
591,Kaguya-sama: Love is War,5
591,Odd Taxi,3
591,Erased,2
591,Made in Abyss,3
591,Attack on Titan,4
591,Black Clover,2
591,Dragon Ball Super,2
591,Overlord,2
591,Chainsaw Man,2
591,Demon Slayer: Kimetsu no Yaiba,3
592,Haikyu!!,2
592,Death Note,5
592,Code Geass,5
592,The Apothecary Diaries,4
592,Banana Fish,3
592,Nichijou - My Ordinary Life,1
592,Steins;Gate,5
592,Odd Taxi,5
592,Attack on Titan,4
592,Psycho-Pass,4
592,Chainsaw Man,2
592,Toradora!,3
592,Erased,5
592,Fullmetal Alchemist: Brotherhood,3
592,Free! - Iwatobi Swim Club,3
592,The Promised Neverland,5
593,Vinland Saga,5
593,Hunter x Hunter,4
593,Steins;Gate,4
593,Frieren: Beyond Journey's End,5
593,Cowboy Bebop,4
593,Banana Fish,4
593,Gintama,4
593,Dr. Stone,3
593,Fullmetal Alchemist: Brotherhood,4
593,Neon Genesis Evangelion,4
593,One-Punch Man,2
593,Mushishi,4
593,Jujutsu Kaisen,2
593,Spy x Family,3
593,Laid-Back Camp,4
593,Made in Abyss,5
593,Attack on Titan,5
593,Bocchi the Rock!,2
593,My Hero Academia,4
593,Demon Slayer: Kimetsu no Yaiba,3
593,Mashle: Magic and Muscles,3
593,Wind Breaker,3
593,Clannad After Story,2
593,Skip and Loafer,3
593,Ranking of Kings,3
594,Attack on Titan,5
594,Mushishi,5
594,Banana Fish,4
594,Vinland Saga,5
594,Code Geass,4
594,Free! - Iwatobi Swim Club,3
594,Odd Taxi,4
594,Psycho-Pass,4
594,The Promised Neverland,5
594,Death Note,5
594,The Apothecary Diaries,4
594,Solo Leveling,3
594,The Eminence in Shadow,2
594,Hunter x Hunter,5
594,Gintama,5
594,Erased,5
594,Fullmetal Alchemist: Brotherhood,4
594,Cowboy Bebop,5
594,Dragon Ball Super,3
594,Kuroko's Basketball,3
594,Steins;Gate,5
594,Tokyo Ghoul,2
594,Hell's Paradise,2
594,Made in Abyss,5
595,Free! - Iwatobi Swim Club,4
595,My Hero Academia,4
595,Jujutsu Kaisen,4
595,Bleach,5
595,Kaiju No. 8,4
595,Wind Breaker,5
595,Blue Lock,4
595,Black Clover,4
596,My Hero Academia,4
596,Fruits Basket,5
596,Naruto Shippuden,5
596,Hell's Paradise,5
596,Kaiju No. 8,4
596,Made in Abyss,2
596,Kaguya-sama: Love is War,5
596,One Piece,4
596,Fullmetal Alchemist: Brotherhood,4
596,Jujutsu Kaisen,5
596,Rascal Does Not Dream of Bunny Girl Senpai,4
596,Vinland Saga,2
596,Naruto,4
596,Toradora!,4
596,The Apothecary Diaries,3
596,Horimiya,4
596,Dandadan,5
596,Wind Breaker,5
596,Jojo's Bizarre Adventure,5
597,My Dress-Up Darling,3
597,Fruits Basket,5
597,Rascal Does Not Dream of Bunny Girl Senpai,3
597,Your Lie in April,4
597,Clannad After Story,4
597,Horimiya,4
597,Dandadan,4
597,Kaguya-sama: Love is War,5
597,Nichijou - My Ordinary Life,1
597,Hell's Paradise,2
597,Re:ZERO -Starting Life in Another World-,3
597,Toradora!,3
597,Spy x Family,5
597,Blue Lock,2
597,Steins;Gate,2
597,Dr. Stone,2
597,Cowboy Bebop,3
597,Jojo's Bizarre Adventure,2
597,Death Note,2
597,Mashle: Magic and Muscles,2
597,Made in Abyss,2
597,Naruto,2
598,Jojo's Bizarre Adventure,2
598,Laid-Back Camp,3
598,That Time I Got Reincarnated as a Slime,1
598,Haikyu!!,4
598,Spy x Family,3
598,Bocchi the Rock!,3
598,The Apothecary Diaries,3
598,Nichijou - My Ordinary Life,2
598,Frieren: Beyond Journey's End,4
598,Mushishi,3
598,Ranking of Kings,4
598,One Piece,1
598,Hunter x Hunter,2
598,Dr. Stone,3
598,Assassination Classroom,2
599,Kuroko's Basketball,5
599,Haikyu!!,4
599,Vinland Saga,2
599,Wind Breaker,4
599,Free! - Iwatobi Swim Club,4
599,That Time I Got Reincarnated as a Slime,3
599,Laid-Back Camp,4
599,Skip and Loafer,3
599,Blue Lock,3
599,Ranking of Kings,2
599,Mob Psycho 100,2
599,One Piece,3
599,Dr. Stone,2
599,Yuri!!! on Ice,5
599,Assassination Classroom,3
599,Cowboy Bebop,1
599,Sword Art Online,3
599,Frieren: Beyond Journey's End,3
599,Psycho-Pass,2
599,Naruto Shippuden,2
599,Horimiya,2
599,The Rising of the Shield Hero,2
599,Naruto,1
599,Fullmetal Alchemist: Brotherhood,2
599,Made in Abyss,2
600,Spy x Family,5
600,Horimiya,5
600,Made in Abyss,4
600,That Time I Got Reincarnated as a Slime,1
600,Frieren: Beyond Journey's End,4
600,Mushishi,3
600,Steins;Gate,5
601,Dandadan,5
601,Laid-Back Camp,4
601,Kaiju No. 8,4
601,Mushishi,4
601,Black Clover,3
601,Naruto,3
601,Bocchi the Rock!,4
601,Log Horizon,1
601,Demon Slayer: Kimetsu no Yaiba,5
601,Skip and Loafer,3
601,Hell's Paradise,4
601,Frieren: Beyond Journey's End,5
601,Spy x Family,4
601,One Piece,4
601,Nichijou - My Ordinary Life,4
602,Cowboy Bebop,5
602,Vinland Saga,5
602,Jujutsu Kaisen,3
602,Attack on Titan,5
602,Gintama,5
602,Hunter x Hunter,5
602,Ranking of Kings,4
602,Banana Fish,5
602,Fullmetal Alchemist: Brotherhood,5
602,Made in Abyss,5
602,Mushishi,5
602,Steins;Gate,5
602,Frieren: Beyond Journey's End,5
602,Demon Slayer: Kimetsu no Yaiba,4
602,Toradora!,3
602,Erased,4
602,Neon Genesis Evangelion,5
602,Laid-Back Camp,4
602,Your Lie in April,3
602,Kuroko's Basketball,3
602,Re:ZERO -Starting Life in Another World-,4
602,One-Punch Man,3
602,Dr. Stone,3
603,Bleach,1
603,Haikyu!!,4
603,Dr. Stone,2
603,Cowboy Bebop,2
603,Laid-Back Camp,2
603,Fullmetal Alchemist: Brotherhood,2
603,Death Note,2
603,The Eminence in Shadow,3
603,Your Lie in April,2
603,Free! - Iwatobi Swim Club,4
603,One-Punch Man,2
603,Assassination Classroom,4
603,Chainsaw Man,2
603,Wind Breaker,5
603,Kuroko's Basketball,4
603,Vinland Saga,3
604,Clannad After Story,4
604,Horimiya,4
604,Spy x Family,4
604,Kaiju No. 8,3
604,Haikyu!!,3
604,Dandadan,4
604,Rascal Does Not Dream of Bunny Girl Senpai,5
604,Kaguya-sama: Love is War,5
604,Frieren: Beyond Journey's End,2
604,Your Lie in April,4
604,Toradora!,4
604,Attack on Titan,2
604,Erased,2
604,Fruits Basket,5
604,Re:ZERO -Starting Life in Another World-,2
604,Fire Force,1
604,Made in Abyss,1
604,Fullmetal Alchemist: Brotherhood,2
605,Psycho-Pass,3
605,Mob Psycho 100,4
605,Bocchi the Rock!,5
605,Demon Slayer: Kimetsu no Yaiba,3
605,Kaiju No. 8,4
605,Blue Lock,3
605,KONOSUBA -God's blessing on this wonderful world!,5
605,Kaguya-sama: Love is War,4
605,Fruits Basket,2
605,Laid-Back Camp,4
605,Gintama,4
605,Assassination Classroom,5
605,One-Punch Man,5
605,Wind Breaker,2
605,Spy x Family,5
605,Mashle: Magic and Muscles,5
605,The Apothecary Diaries,3
605,Nichijou - My Ordinary Life,4
605,Hell's Paradise,2
605,Made in Abyss,2
605,That Time I Got Reincarnated as a Slime,3
605,Erased,3
606,Attack on Titan,4
606,Vinland Saga,5
606,Cowboy Bebop,4
606,Gintama,4
606,Mashle: Magic and Muscles,5
606,Steins;Gate,4
606,Sword Art Online,4
606,The Eminence in Shadow,4
606,The Rising of the Shield Hero,4
606,Laid-Back Camp,3
607,Laid-Back Camp,5
607,Spy x Family,5
607,Nichijou - My Ordinary Life,5
607,Dr. Stone,5
607,Fruits Basket,3
607,Demon Slayer: Kimetsu no Yaiba,1
607,Mushishi,5
607,Bocchi the Rock!,4
607,Jujutsu Kaisen,3
607,Haikyu!!,5
607,Chainsaw Man,3
607,Code Geass,2
607,Ranking of Kings,3
607,The Apothecary Diaries,4
608,Overlord,2
608,Kaguya-sama: Love is War,5
608,Blue Lock,2
608,Toradora!,4
608,Clannad After Story,5
608,Fruits Basket,4
608,Spy x Family,5
608,Horimiya,3
608,Rascal Does Not Dream of Bunny Girl Senpai,3
608,Naruto,2
608,My Dress-Up Darling,4
608,Your Lie in April,4
608,Hunter x Hunter,3
608,Dandadan,5
608,Haikyu!!,2
608,Death Note,2
608,Code Geass,2
608,The Eminence in Shadow,2
608,Yuri!!! on Ice,2
608,Bleach,2
608,Free! - Iwatobi Swim Club,2
608,Erased,2
608,Steins;Gate,2
608,The Rising of the Shield Hero,2
609,Mashle: Magic and Muscles,5
609,Frieren: Beyond Journey's End,5
609,Dr. Stone,5
609,Kuroko's Basketball,2
609,Nichijou - My Ordinary Life,5
609,Steins;Gate,3
609,That Time I Got Reincarnated as a Slime,4
609,Skip and Loafer,5
609,The Eminence in Shadow,5
610,Solo Leveling,5
610,Jujutsu Kaisen,5
610,The Apothecary Diaries,3
610,Kaiju No. 8,5
610,One Piece,5
610,Attack on Titan,2
610,Naruto Shippuden,4
610,KONOSUBA -God's blessing on this wonderful world!,2
610,Bleach,5
610,Jojo's Bizarre Adventure,5
610,Naruto,4
610,Tokyo Ghoul,3
610,Demon Slayer: Kimetsu no Yaiba,4
610,Wind Breaker,4
610,My Hero Academia,3
610,Dandadan,5
610,Chainsaw Man,4
610,Dragon Ball Super,5
610,Ranking of Kings,3
611,Log Horizon,3
611,The Promised Neverland,2
611,Fullmetal Alchemist: Brotherhood,3
611,The Eminence in Shadow,5
611,That Time I Got Reincarnated as a Slime,3
611,The Rising of the Shield Hero,4
611,Attack on Titan,2
611,Mushoku Tensei: Jobless Reincarnation,4
611,Yuri!!! on Ice,3
611,Laid-Back Camp,2
611,Overlord,4
611,KONOSUBA -God's blessing on this wonderful world!,5
611,Re:ZERO -Starting Life in Another World-,4
611,Mashle: Magic and Muscles,3
611,Solo Leveling,5
611,Blue Lock,3
611,Odd Taxi,3
611,Ranking of Kings,2
611,Sword Art Online,4
611,Skip and Loafer,4
611,Steins;Gate,3
612,Odd Taxi,5
612,The Apothecary Diaries,4
612,Fruits Basket,3
612,Blue Lock,5
612,Yuri!!! on Ice,4
612,Psycho-Pass,4
612,Haikyu!!,5
612,Banana Fish,4
612,Code Geass,5
612,Death Note,3
612,Steins;Gate,5
612,Skip and Loafer,3
612,Attack on Titan,4
612,Assassination Classroom,4
612,Wind Breaker,5
612,Fire Force,2
612,Cowboy Bebop,3
612,Erased,4
612,Kuroko's Basketball,4
612,Spy x Family,2
612,Solo Leveling,3
613,Steins;Gate,3
613,Made in Abyss,3
613,Vinland Saga,5
613,Solo Leveling,4
613,Hunter x Hunter,4
613,Mushishi,3
613,Gintama,5
613,Sword Art Online,5
613,Cowboy Bebop,5
613,Frieren: Beyond Journey's End,5
613,The Eminence in Shadow,5
613,KONOSUBA -God's blessing on this wonderful world!,5
613,Banana Fish,4
613,That Time I Got Reincarnated as a Slime,3
613,Demon Slayer: Kimetsu no Yaiba,3
613,Attack on Titan,4
614,Dandadan,5
614,Dragon Ball Super,4
614,Jujutsu Kaisen,4
614,Fire Force,5
614,Jojo's Bizarre Adventure,4
614,Kaiju No. 8,5
614,Hell's Paradise,4
614,One Piece,4
614,Naruto,5
614,Chainsaw Man,5
615,Your Lie in April,4
615,Horimiya,3
615,Dr. Stone,3
615,Spy x Family,3
615,Rascal Does Not Dream of Bunny Girl Senpai,5
615,Dandadan,5
616,My Hero Academia,5
616,Chainsaw Man,4
616,Dragon Ball Super,4
616,Dandadan,5
616,Kaiju No. 8,5
616,Wind Breaker,5
616,Black Clover,4
616,Mashle: Magic and Muscles,4
616,One Piece,4
616,Jujutsu Kaisen,5
616,Fire Force,4
616,Rascal Does Not Dream of Bunny Girl Senpai,3
616,Demon Slayer: Kimetsu no Yaiba,5
616,Death Note,3
616,Jojo's Bizarre Adventure,5
616,Naruto,5
616,Hell's Paradise,4
616,My Dress-Up Darling,3
616,Solo Leveling,5
616,Naruto Shippuden,4
616,Bleach,4
617,Wind Breaker,4
617,Nichijou - My Ordinary Life,5
617,Spy x Family,3
617,Free! - Iwatobi Swim Club,4
617,Black Clover,3
617,Bocchi the Rock!,5
617,Mashle: Magic and Muscles,4
618,That Time I Got Reincarnated as a Slime,5
618,Naruto,4
618,Mushoku Tensei: Jobless Reincarnation,4
618,Solo Leveling,5
618,Steins;Gate,3
618,The Eminence in Shadow,5
618,Mashle: Magic and Muscles,5
618,Cowboy Bebop,3
618,Re:ZERO -Starting Life in Another World-,5
618,Jojo's Bizarre Adventure,4
618,Sword Art Online,4
618,Fruits Basket,2
618,Code Geass,2
618,The Rising of the Shield Hero,4
618,Log Horizon,5
618,Mushishi,4
618,Toradora!,2
618,Wind Breaker,3
618,Your Lie in April,3
618,Demon Slayer: Kimetsu no Yaiba,4
618,My Hero Academia,3
619,Rascal Does Not Dream of Bunny Girl Senpai,5
619,Toradora!,4
619,Fruits Basket,5
619,Dandadan,5
619,Your Lie in April,4
619,Clannad After Story,5
619,Kaguya-sama: Love is War,5
619,Neon Genesis Evangelion,3
619,Laid-Back Camp,3
619,My Dress-Up Darling,4
619,The Apothecary Diaries,2
619,Spy x Family,5
619,Horimiya,5
620,Mob Psycho 100,5
620,Jujutsu Kaisen,5
620,Kaguya-sama: Love is War,5
620,Demon Slayer: Kimetsu no Yaiba,5
620,Naruto,4
620,Solo Leveling,5
620,Spy x Family,5
620,Gintama,5
621,Blue Lock,5
621,Banana Fish,4
621,Steins;Gate,5
621,Cowboy Bebop,3
621,Vinland Saga,5
621,Assassination Classroom,4
621,Attack on Titan,5
621,Wind Breaker,4
622,Bleach,1
622,Frieren: Beyond Journey's End,5
622,Steins;Gate,5
622,Attack on Titan,5
622,Hunter x Hunter,5
622,Made in Abyss,5
622,Chainsaw Man,3
622,Fullmetal Alchemist: Brotherhood,5
623,Assassination Classroom,3
623,Wind Breaker,3
623,Kuroko's Basketball,4
623,Mashle: Magic and Muscles,2
623,Code Geass,2
623,Yuri!!! on Ice,4
623,Blue Lock,4
623,Free! - Iwatobi Swim Club,4
623,Haikyu!!,5
623,Rascal Does Not Dream of Bunny Girl Senpai,1
623,Banana Fish,1
623,Kaguya-sama: Love is War,3
623,Black Clover,2
623,Bocchi the Rock!,3
623,Log Horizon,1
623,Spy x Family,2
623,Demon Slayer: Kimetsu no Yaiba,2
623,Chainsaw Man,2
623,Dandadan,2
623,Horimiya,2
623,One-Punch Man,2
624,Mob Psycho 100,3
624,Spy x Family,5
624,Blue Lock,3
624,Skip and Loafer,3
624,Bocchi the Rock!,4
624,One-Punch Man,4
624,KONOSUBA -God's blessing on this wonderful world!,4
624,Kaguya-sama: Love is War,4
624,Demon Slayer: Kimetsu no Yaiba,3
624,That Time I Got Reincarnated as a Slime,2
624,Gintama,4
624,Horimiya,3
624,Steins;Gate,2
624,Assassination Classroom,4
624,Nichijou - My Ordinary Life,3
624,Tokyo Ghoul,2
624,Mashle: Magic and Muscles,4
624,Banana Fish,3
625,Neon Genesis Evangelion,3
625,Frieren: Beyond Journey's End,4
625,That Time I Got Reincarnated as a Slime,3
625,Cowboy Bebop,3
625,Banana Fish,4
625,The Eminence in Shadow,5
626,Bocchi the Rock!,4
626,KONOSUBA -God's blessing on this wonderful world!,2
626,Attack on Titan,2
626,Nichijou - My Ordinary Life,4
626,Frieren: Beyond Journey's End,4
626,That Time I Got Reincarnated as a Slime,2
626,Laid-Back Camp,4
626,Hunter x Hunter,2
626,The Apothecary Diaries,3
626,Skip and Loafer,3
626,Bleach,1
626,Mushishi,4
626,Haikyu!!,5
626,Mob Psycho 100,3
626,Death Note,1
626,Spy x Family,4
626,Your Lie in April,2
626,Log Horizon,1
626,Dandadan,2
626,The Eminence in Shadow,2
626,Steins;Gate,3
626,Dr. Stone,3
626,Odd Taxi,2
626,Ranking of Kings,4
626,Demon Slayer: Kimetsu no Yaiba,1
627,The Apothecary Diaries,5
627,Ranking of Kings,5
627,Made in Abyss,2
627,Haikyu!!,4
627,My Dress-Up Darling,3
627,Mushishi,5
627,Spy x Family,4
627,Tokyo Ghoul,2
627,Dandadan,2
627,Bocchi the Rock!,5
628,Your Lie in April,5
628,Fruits Basket,5
628,Naruto,5
628,Solo Leveling,5
628,Toradora!,5
628,Demon Slayer: Kimetsu no Yaiba,5
628,Clannad After Story,5
628,My Hero Academia,4
628,Dragon Ball Super,5
628,Jujutsu Kaisen,5
628,Black Clover,4
628,Kaguya-sama: Love is War,5
628,Dandadan,5
629,Vinland Saga,5
629,Kuroko's Basketball,4
629,Attack on Titan,4
629,Fullmetal Alchemist: Brotherhood,4
629,Free! - Iwatobi Swim Club,4
629,Fruits Basket,3
629,Gintama,3
629,Mushishi,4
629,Assassination Classroom,4
629,Banana Fish,4
629,Frieren: Beyond Journey's End,5
629,Made in Abyss,5
629,Steins;Gate,3
629,Dr. Stone,3
629,Hunter x Hunter,4
629,Yuri!!! on Ice,4
629,Cowboy Bebop,5
629,Neon Genesis Evangelion,4
629,Spy x Family,2
629,Kaiju No. 8,2
629,Wind Breaker,5
629,Jujutsu Kaisen,3
629,Ranking of Kings,2
629,Blue Lock,4
630,Vinland Saga,4
630,Spy x Family,4
630,Gintama,3
630,Hunter x Hunter,3
630,Haikyu!!,4
630,Skip and Loafer,5
630,Laid-Back Camp,5
630,Mushishi,5
630,Dr. Stone,4
630,One Piece,3
630,Bocchi the Rock!,4
630,Ranking of Kings,4
630,Cowboy Bebop,5
630,Steins;Gate,4
630,Nichijou - My Ordinary Life,5
631,Cowboy Bebop,1
631,Kaguya-sama: Love is War,4
631,Chainsaw Man,3
631,Hunter x Hunter,2
631,KONOSUBA -God's blessing on this wonderful world!,5
631,Bocchi the Rock!,4
631,One-Punch Man,4
631,Nichijou - My Ordinary Life,4
631,Spy x Family,5
631,The Eminence in Shadow,1
631,Haikyu!!,3
631,Mashle: Magic and Muscles,5
631,Assassination Classroom,4
631,Code Geass,2
631,Mob Psycho 100,5
631,Ranking of Kings,2
631,Blue Lock,2
631,Gintama,5
631,Frieren: Beyond Journey's End,2
631,Demon Slayer: Kimetsu no Yaiba,2
631,Erased,3
632,Hunter x Hunter,5
632,Banana Fish,4
632,Neon Genesis Evangelion,3
632,Frieren: Beyond Journey's End,4
632,Gintama,4
632,Vinland Saga,4
632,Demon Slayer: Kimetsu no Yaiba,3
632,Odd Taxi,2
632,Fullmetal Alchemist: Brotherhood,5
632,My Dress-Up Darling,2
633,The Eminence in Shadow,2
633,Psycho-Pass,4
633,Death Note,5
633,The Promised Neverland,5
633,Odd Taxi,5
633,The Apothecary Diaries,4
633,Naruto Shippuden,2
633,Gintama,2
633,Fullmetal Alchemist: Brotherhood,2
633,Dr. Stone,3
633,Code Geass,5
633,Banana Fish,4
633,Erased,5
633,Steins;Gate,4
633,Jojo's Bizarre Adventure,2
634,Dr. Stone,5
634,Laid-Back Camp,3
634,Ranking of Kings,4
634,Haikyu!!,4
634,Mushishi,3
634,Skip and Loafer,3
634,Frieren: Beyond Journey's End,4
634,The Eminence in Shadow,2
634,Dragon Ball Super,2
634,The Apothecary Diaries,5
634,Kaguya-sama: Love is War,1
634,Bocchi the Rock!,4
634,Nichijou - My Ordinary Life,4
634,Spy x Family,4
634,Clannad After Story,2
634,Attack on Titan,1
635,Kaguya-sama: Love is War,4
635,Toradora!,4
635,Death Note,4
635,Clannad After Story,4
635,Psycho-Pass,3
635,Attack on Titan,5
635,One-Punch Man,2
635,Fruits Basket,4
635,Steins;Gate,3
635,Code Geass,5
635,Rascal Does Not Dream of Bunny Girl Senpai,4
635,Spy x Family,4
635,The Apothecary Diaries,4
635,Your Lie in April,5
635,One Piece,2
635,My Dress-Up Darling,3
635,Banana Fish,4
635,Horimiya,4
635,Dandadan,5
636,Frieren: Beyond Journey's End,5
636,Toradora!,3
636,Skip and Loafer,5
636,Sword Art Online,2
636,Mushishi,4
636,Nichijou - My Ordinary Life,5
636,Hunter x Hunter,2
636,Laid-Back Camp,4
636,The Apothecary Diaries,5
636,Spy x Family,4
636,Haikyu!!,4
636,Mob Psycho 100,3
636,Vinland Saga,3
637,KONOSUBA -God's blessing on this wonderful world!,4
637,Nichijou - My Ordinary Life,5
637,Mob Psycho 100,5
637,Jujutsu Kaisen,3
637,Mashle: Magic and Muscles,4
637,Kaguya-sama: Love is War,4
637,Frieren: Beyond Journey's End,3
637,Spy x Family,5
637,One-Punch Man,5
637,Fullmetal Alchemist: Brotherhood,3
637,Bocchi the Rock!,4
637,Assassination Classroom,4
637,Gintama,4
637,Horimiya,2
637,Dandadan,3
637,Hell's Paradise,2
637,The Eminence in Shadow,2
637,Mushoku Tensei: Jobless Reincarnation,3
637,Laid-Back Camp,4
637,Black Clover,2
637,Fruits Basket,3
637,Death Note,2
638,Frieren: Beyond Journey's End,5
638,The Rising of the Shield Hero,1
638,Banana Fish,3
638,Attack on Titan,4
638,Hunter x Hunter,4
638,Steins;Gate,4
638,Mushishi,4
638,Gintama,4
638,Made in Abyss,4
638,Cowboy Bebop,3
638,Fullmetal Alchemist: Brotherhood,4
638,Neon Genesis Evangelion,4
638,Vinland Saga,3
638,Nichijou - My Ordinary Life,1
638,Spy x Family,1
638,My Dress-Up Darling,2
638,Death Note,3
638,Dr. Stone,2
638,Fruits Basket,1
638,Fire Force,2
638,Naruto,1
639,Free! - Iwatobi Swim Club,4
639,That Time I Got Reincarnated as a Slime,1
639,Wind Breaker,5
639,Kuroko's Basketball,4
639,Yuri!!! on Ice,4
639,Haikyu!!,5
639,Assassination Classroom,5
639,Dr. Stone,3
639,Rascal Does Not Dream of Bunny Girl Senpai,3
639,Spy x Family,3
639,My Hero Academia,2
639,Clannad After Story,3
639,Demon Slayer: Kimetsu no Yaiba,2
639,Blue Lock,4
639,Banana Fish,2
639,Psycho-Pass,2
639,Kaguya-sama: Love is War,3
639,Fullmetal Alchemist: Brotherhood,3
639,Frieren: Beyond Journey's End,3
639,Overlord,2
639,Mashle: Magic and Muscles,3
640,Wind Breaker,5
640,Blue Lock,4
640,The Rising of the Shield Hero,2
640,Yuri!!! on Ice,3
640,Kuroko's Basketball,5
640,Haikyu!!,4
640,Assassination Classroom,4
640,Free! - Iwatobi Swim Club,5
640,Mushishi,3
640,Death Note,2
640,One Piece,2
640,Laid-Back Camp,4
640,Fullmetal Alchemist: Brotherhood,4
640,Mushoku Tensei: Jobless Reincarnation,3
640,Rascal Does Not Dream of Bunny Girl Senpai,1
640,Fire Force,3
640,Bleach,2
640,Dragon Ball Super,3
640,Bocchi the Rock!,2
640,Mashle: Magic and Muscles,3
640,Frieren: Beyond Journey's End,2
640,Black Clover,2
640,Demon Slayer: Kimetsu no Yaiba,3
640,Spy x Family,2
640,Jujutsu Kaisen,4
641,Dandadan,4
641,Clannad After Story,5
641,Mashle: Magic and Muscles,3
641,Neon Genesis Evangelion,2
641,Fruits Basket,5
641,Free! - Iwatobi Swim Club,4
641,Your Lie in April,5
641,Bocchi the Rock!,3
641,Wind Breaker,5
641,My Dress-Up Darling,5
641,Kuroko's Basketball,5
641,Haikyu!!,4
641,Rascal Does Not Dream of Bunny Girl Senpai,4
641,Kaguya-sama: Love is War,5
641,Death Note,4
641,Spy x Family,5
641,Toradora!,5
641,Made in Abyss,3
641,Horimiya,5
641,Laid-Back Camp,3
641,Assassination Classroom,5
641,Blue Lock,4
641,The Apothecary Diaries,3
641,Yuri!!! on Ice,5
641,Tokyo Ghoul,3
642,Yuri!!! on Ice,4
642,Wind Breaker,4
642,Dandadan,2
642,Dragon Ball Super,1
642,Kuroko's Basketball,4
642,Mashle: Magic and Muscles,2
642,Free! - Iwatobi Swim Club,3
642,Blue Lock,4
642,Haikyu!!,4
642,Assassination Classroom,4
642,Mushishi,2
642,Re:ZERO -Starting Life in Another World-,2
642,Hunter x Hunter,3
642,Laid-Back Camp,2
642,Jujutsu Kaisen,3
642,Naruto Shippuden,1
642,The Eminence in Shadow,1
642,Overlord,3
642,Dr. Stone,2
642,KONOSUBA -God's blessing on this wonderful world!,2
643,Yuri!!! on Ice,4
643,Assassination Classroom,3
643,Haikyu!!,5
643,One Piece,4
643,Kuroko's Basketball,5
643,Clannad After Story,2
643,Wind Breaker,5
643,Blue Lock,5
643,Toradora!,2
643,Ranking of Kings,2
643,Free! - Iwatobi Swim Club,5
643,Dragon Ball Super,4
643,Demon Slayer: Kimetsu no Yaiba,3
643,Steins;Gate,4
643,Tokyo Ghoul,2
643,Kaguya-sama: Love is War,1
643,Sword Art Online,2
643,Your Lie in April,3
643,Cowboy Bebop,3
643,Skip and Loafer,3
643,Dandadan,3
643,Mushoku Tensei: Jobless Reincarnation,2
643,Spy x Family,3
644,Neon Genesis Evangelion,4
644,Gintama,3
644,Toradora!,4
644,Spy x Family,4
644,Kaguya-sama: Love is War,5
644,Dandadan,4
644,Vinland Saga,4
644,Made in Abyss,4
644,Fullmetal Alchemist: Brotherhood,5
644,Banana Fish,4
644,Horimiya,5
644,Bocchi the Rock!,3
644,Laid-Back Camp,3
644,Cowboy Bebop,4
644,Attack on Titan,5
644,Steins;Gate,5
644,Your Lie in April,5
644,Frieren: Beyond Journey's End,4
645,Dandadan,5
645,Horimiya,5
645,Vinland Saga,4
645,My Dress-Up Darling,4
645,Toradora!,4
645,Cowboy Bebop,5
645,Made in Abyss,5
645,Clannad After Story,5
645,Banana Fish,5
645,Steins;Gate,5
645,Frieren: Beyond Journey's End,5
645,Your Lie in April,5
645,Hunter x Hunter,5
645,Fullmetal Alchemist: Brotherhood,5
645,Kaguya-sama: Love is War,5
645,My Hero Academia,3
645,Attack on Titan,5
645,Spy x Family,5
646,Your Lie in April,4
646,KONOSUBA -God's blessing on this wonderful world!,3
646,Ranking of Kings,3
646,Cowboy Bebop,3
646,Rascal Does Not Dream of Bunny Girl Senpai,4
646,Clannad After Story,3
646,Banana Fish,4
646,Attack on Titan,4
646,Fullmetal Alchemist: Brotherhood,5
646,Toradora!,3
646,Frieren: Beyond Journey's End,3
646,Steins;Gate,4
646,Made in Abyss,3
646,Vinland Saga,4
646,Horimiya,4
647,Banana Fish,3
647,Steins;Gate,3
647,Psycho-Pass,3
647,Erased,5
647,Haikyu!!,2
647,Code Geass,3
647,Bocchi the Rock!,2
647,One Piece,2
647,Odd Taxi,4
647,The Promised Neverland,3
647,Vinland Saga,1
647,Laid-Back Camp,2
647,Death Note,4
647,Jojo's Bizarre Adventure,2
647,Toradora!,1
647,Skip and Loafer,3
647,Assassination Classroom,2
647,Wind Breaker,2
647,Yuri!!! on Ice,1
647,Hell's Paradise,2
647,Demon Slayer: Kimetsu no Yaiba,2
647,Bleach,2
647,The Apothecary Diaries,3
648,Haikyu!!,5
648,Free! - Iwatobi Swim Club,5
648,Dragon Ball Super,3
648,Bocchi the Rock!,3
648,Assassination Classroom,4
648,Death Note,3
648,Yuri!!! on Ice,5
648,Wind Breaker,4
648,One-Punch Man,2
648,Horimiya,3
648,Kaiju No. 8,3
648,Kuroko's Basketball,5
648,Ranking of Kings,3
648,Blue Lock,5
648,Erased,3
648,My Hero Academia,3
648,Gintama,2
648,The Rising of the Shield Hero,3
648,Skip and Loafer,2
648,Kaguya-sama: Love is War,2
649,Fruits Basket,5
649,Gintama,4
649,Attack on Titan,2
649,Rascal Does Not Dream of Bunny Girl Senpai,4
649,Clannad After Story,4
649,KONOSUBA -God's blessing on this wonderful world!,4
649,Toradora!,4
650,Dandadan,4
650,Jujutsu Kaisen,2
650,Overlord,3
650,Mashle: Magic and Muscles,4
650,Wind Breaker,4
650,The Rising of the Shield Hero,4
650,One Piece,3
650,Log Horizon,4
650,Sword Art Online,3
650,Mushoku Tensei: Jobless Reincarnation,4
650,Bleach,2
650,Re:ZERO -Starting Life in Another World-,4
650,My Hero Academia,4
650,Hell's Paradise,4
650,Naruto,4
650,Naruto Shippuden,4
650,Chainsaw Man,4
650,Black Clover,4
650,Fire Force,3
650,KONOSUBA -God's blessing on this wonderful world!,3
650,Kaiju No. 8,4
650,Dragon Ball Super,4
650,Demon Slayer: Kimetsu no Yaiba,4
650,That Time I Got Reincarnated as a Slime,4
651,That Time I Got Reincarnated as a Slime,5
651,KONOSUBA -God's blessing on this wonderful world!,4
651,Solo Leveling,3
651,Mushoku Tensei: Jobless Reincarnation,3
651,Log Horizon,4
651,The Promised Neverland,2
651,Overlord,3
651,Dandadan,2
651,The Eminence in Shadow,4
651,Sword Art Online,4
651,Naruto,2
651,Naruto Shippuden,2
651,Re:ZERO -Starting Life in Another World-,4
651,Mashle: Magic and Muscles,5
651,The Rising of the Shield Hero,3
651,Death Note,2
651,Bocchi the Rock!,2
651,Gintama,3
651,Vinland Saga,2
651,Jojo's Bizarre Adventure,2
651,Steins;Gate,2
651,Code Geass,2
651,Spy x Family,2
652,Attack on Titan,5
652,Hunter x Hunter,4
652,Vinland Saga,4
652,Neon Genesis Evangelion,4
652,Made in Abyss,3
652,Mushishi,4
652,Fullmetal Alchemist: Brotherhood,5
652,Death Note,3
652,Cowboy Bebop,5
652,Steins;Gate,4
652,Gintama,4
652,Banana Fish,5
652,Laid-Back Camp,4
653,Dandadan,5
653,Kaguya-sama: Love is War,3
653,My Dress-Up Darling,5
653,Spy x Family,5
653,Your Lie in April,4
653,Assassination Classroom,3
653,Fruits Basket,5
653,Horimiya,4
653,Bocchi the Rock!,2
653,Attack on Titan,3
653,Kaiju No. 8,3
653,Hell's Paradise,2
653,Clannad After Story,4
653,Rascal Does Not Dream of Bunny Girl Senpai,3
653,Fullmetal Alchemist: Brotherhood,2
653,That Time I Got Reincarnated as a Slime,1
653,Mushoku Tensei: Jobless Reincarnation,2
653,Toradora!,3
653,Kuroko's Basketball,3
653,Banana Fish,3
653,Black Clover,2
653,Made in Abyss,3
653,Jujutsu Kaisen,3
653,Steins;Gate,3
653,Free! - Iwatobi Swim Club,2
654,Mashle: Magic and Muscles,5
654,Solo Leveling,2
654,Mob Psycho 100,5
654,Gintama,4
654,My Dress-Up Darling,1
654,Spy x Family,5
654,Kaguya-sama: Love is War,5
654,Bocchi the Rock!,5
654,Dandadan,4
654,Black Clover,3
654,One-Punch Man,5
654,Assassination Classroom,5
654,Horimiya,2
654,KONOSUBA -God's blessing on this wonderful world!,3
655,Frieren: Beyond Journey's End,5
655,Assassination Classroom,4
655,Mashle: Magic and Muscles,4
655,Made in Abyss,5
655,The Eminence in Shadow,1
655,Cowboy Bebop,3
655,One-Punch Man,4
655,Kaguya-sama: Love is War,4
655,Nichijou - My Ordinary Life,4
655,Spy x Family,5
655,Banana Fish,3
655,KONOSUBA -God's blessing on this wonderful world!,4
655,Mob Psycho 100,4
655,Gintama,4
655,Steins;Gate,4
655,Vinland Saga,4
655,Kuroko's Basketball,2
655,Mushishi,4
655,Hunter x Hunter,5
656,Mushishi,4
656,The Apothecary Diaries,5
656,Dr. Stone,3
656,Spy x Family,4
656,Ranking of Kings,3
656,Bocchi the Rock!,4
656,Gintama,4
656,Assassination Classroom,4
656,Frieren: Beyond Journey's End,3
656,Haikyu!!,4
656,Skip and Loafer,3
656,Kaguya-sama: Love is War,3
656,Mob Psycho 100,4
656,Nichijou - My Ordinary Life,4
656,Mashle: Magic and Muscles,4
656,Demon Slayer: Kimetsu no Yaiba,2
656,My Dress-Up Darling,2
656,Laid-Back Camp,4
656,Fruits Basket,3
656,Wind Breaker,3
656,One-Punch Man,4
657,Log Horizon,3
657,Haikyu!!,2
657,Re:ZERO -Starting Life in Another World-,4
657,Rascal Does Not Dream of Bunny Girl Senpai,2
657,Fruits Basket,1
657,KONOSUBA -God's blessing on this wonderful world!,5
657,That Time I Got Reincarnated as a Slime,3
657,Mashle: Magic and Muscles,5
657,Fullmetal Alchemist: Brotherhood,4
657,Overlord,4
657,The Eminence in Shadow,4
657,Solo Leveling,4
657,Vinland Saga,3
657,The Rising of the Shield Hero,3
657,Skip and Loafer,2
657,Chainsaw Man,3
657,Bocchi the Rock!,2
657,Mushoku Tensei: Jobless Reincarnation,3
657,Wind Breaker,3
657,Jojo's Bizarre Adventure,2
657,Sword Art Online,3
657,Ranking of Kings,3
658,Attack on Titan,4
658,Steins;Gate,3
658,The Promised Neverland,5
658,Death Note,4
658,The Apothecary Diaries,4
658,Dandadan,3
658,Vinland Saga,2
658,Odd Taxi,3
658,Psycho-Pass,3
658,Your Lie in April,3
658,Code Geass,4
658,Erased,5
658,Dr. Stone,2
659,Fruits Basket,4
659,Rascal Does Not Dream of Bunny Girl Senpai,4
659,Nichijou - My Ordinary Life,3
659,Mushishi,4
659,Toradora!,3
659,Laid-Back Camp,4
659,Bocchi the Rock!,4
659,The Apothecary Diaries,5
659,Naruto,2
659,Haikyu!!,3
659,Your Lie in April,4
660,Fruits Basket,5
660,Horimiya,5
660,Spy x Family,4
660,My Dress-Up Darling,5
660,Kaguya-sama: Love is War,4
660,Clannad After Story,5
661,Log Horizon,3
661,Overlord,5
661,Free! - Iwatobi Swim Club,4
661,Assassination Classroom,5
661,Neon Genesis Evangelion,2
661,The Rising of the Shield Hero,4
661,Haikyu!!,4
661,Re:ZERO -Starting Life in Another World-,4
661,Blue Lock,4
661,Sword Art Online,3
661,Bleach,3
661,The Eminence in Shadow,4
661,Solo Leveling,3
661,That Time I Got Reincarnated as a Slime,4
661,KONOSUBA -God's blessing on this wonderful world!,4
661,Yuri!!! on Ice,5
661,Spy x Family,3
661,Mushoku Tensei: Jobless Reincarnation,4
661,Kuroko's Basketball,4
661,Laid-Back Camp,3
662,Laid-Back Camp,2
662,Chainsaw Man,3
662,Mashle: Magic and Muscles,3
662,Assassination Classroom,5
662,Hell's Paradise,1
662,Kaguya-sama: Love is War,5
662,Gintama,4
663,Free! - Iwatobi Swim Club,3
663,Yuri!!! on Ice,5
663,Kuroko's Basketball,3
663,Assassination Classroom,4
663,Wind Breaker,2
663,Blue Lock,3
663,Mob Psycho 100,1
663,Nichijou - My Ordinary Life,2
663,Cowboy Bebop,2
663,Dandadan,1
663,Haikyu!!,4
663,Dragon Ball Super,2
663,Kaiju No. 8,3
663,Black Clover,1
663,The Apothecary Diaries,1
663,Mushoku Tensei: Jobless Reincarnation,1
663,Skip and Loafer,2
663,Bocchi the Rock!,3
664,Kaiju No. 8,5
664,Yuri!!! on Ice,5
664,Wind Breaker,5
664,Chainsaw Man,5
664,Jojo's Bizarre Adventure,5
664,Fire Force,5
664,One Piece,5
664,Dandadan,5
664,Bleach,5
664,Demon Slayer: Kimetsu no Yaiba,5
665,KONOSUBA -God's blessing on this wonderful world!,4
665,One-Punch Man,3
665,Re:ZERO -Starting Life in Another World-,5
665,The Eminence in Shadow,4
665,That Time I Got Reincarnated as a Slime,5
665,Mashle: Magic and Muscles,5
665,Mushoku Tensei: Jobless Reincarnation,4
665,Black Clover,4
665,The Rising of the Shield Hero,5
665,Clannad After Story,2
665,Steins;Gate,3
665,Solo Leveling,5
665,Vinland Saga,2
665,Rascal Does Not Dream of Bunny Girl Senpai,3
665,Log Horizon,5
665,Overlord,5
666,Erased,5
666,Bocchi the Rock!,3
666,Code Geass,5
666,Steins;Gate,4
666,Odd Taxi,5
666,Death Note,4
666,The Apothecary Diaries,5
666,Horimiya,3
666,Chainsaw Man,3
666,Hunter x Hunter,2
666,The Promised Neverland,4
666,Banana Fish,5
666,The Rising of the Shield Hero,4
666,Attack on Titan,4
666,Rascal Does Not Dream of Bunny Girl Senpai,2
666,Black Clover,2
666,Jujutsu Kaisen,4
666,Blue Lock,2
666,Solo Leveling,3
667,Frieren: Beyond Journey's End,5
667,Nichijou - My Ordinary Life,4
667,The Apothecary Diaries,4
667,Haikyu!!,4
667,Dr. Stone,3
667,Skip and Loafer,4
667,Laid-Back Camp,4
667,Mashle: Magic and Muscles,3
667,Bocchi the Rock!,4
667,Death Note,1
667,Ranking of Kings,5
667,Mushishi,4
667,Spy x Family,5
668,Free! - Iwatobi Swim Club,1
668,Demon Slayer: Kimetsu no Yaiba,4
668,Nichijou - My Ordinary Life,2
668,Jujutsu Kaisen,4
668,Hell's Paradise,3
668,Naruto Shippuden,3
668,One Piece,3
668,My Hero Academia,3
668,Dandadan,2
668,Jojo's Bizarre Adventure,2
668,Solo Leveling,4
668,Code Geass,3
668,Attack on Titan,2
668,Black Clover,3
668,Kuroko's Basketball,1
668,Naruto,3
668,Frieren: Beyond Journey's End,2
668,Bleach,4
668,Fire Force,4
668,Dragon Ball Super,4
668,Gintama,3
668,Fruits Basket,1
668,Kaiju No. 8,5
668,Chainsaw Man,2
668,My Dress-Up Darling,1
669,Wind Breaker,4
669,My Hero Academia,4
669,Jojo's Bizarre Adventure,3
669,One Piece,4
669,Erased,3
669,Death Note,2
669,Naruto,3
669,Neon Genesis Evangelion,2
669,Demon Slayer: Kimetsu no Yaiba,4
669,Naruto Shippuden,3
669,Jujutsu Kaisen,3
669,Bleach,4
669,Solo Leveling,4
669,Black Clover,5
670,Toradora!,2
670,Fruits Basket,4
670,Wind Breaker,2
670,Horimiya,3
670,Dandadan,5
670,Kaguya-sama: Love is War,4
670,Spy x Family,4
670,Kaiju No. 8,2
670,My Dress-Up Darling,4
670,Clannad After Story,5
670,Bocchi the Rock!,2
670,Free! - Iwatobi Swim Club,2
671,My Hero Academia,4
671,Jojo's Bizarre Adventure,5
671,Solo Leveling,3
671,Blue Lock,4
671,Assassination Classroom,5
671,Kuroko's Basketball,5
671,Naruto,3
671,Black Clover,5
671,Kaiju No. 8,5
671,Hell's Paradise,4
671,Free! - Iwatobi Swim Club,3
671,One Piece,5
671,Demon Slayer: Kimetsu no Yaiba,5
671,Chainsaw Man,4
671,Clannad After Story,3
671,Fire Force,4
671,Dragon Ball Super,5
671,Dandadan,5
671,Fullmetal Alchemist: Brotherhood,3
671,Wind Breaker,5
671,The Apothecary Diaries,4
671,Bleach,5
672,Dandadan,4
672,Your Lie in April,4
672,Hunter x Hunter,4
672,Fruits Basket,5
672,Clannad After Story,5
672,Rascal Does Not Dream of Bunny Girl Senpai,4
672,Bleach,3
672,Spy x Family,5
672,My Dress-Up Darling,4
672,Toradora!,5
672,Haikyu!!,2
672,My Hero Academia,3
672,Laid-Back Camp,4
672,Neon Genesis Evangelion,2
672,Horimiya,4
672,Kaguya-sama: Love is War,5
672,Kaiju No. 8,2
672,Blue Lock,3
672,Re:ZERO -Starting Life in Another World-,3
672,Chainsaw Man,2
673,The Apothecary Diaries,5
673,Attack on Titan,5
673,Vinland Saga,4
673,Frieren: Beyond Journey's End,5
673,Fullmetal Alchemist: Brotherhood,5
673,Psycho-Pass,4
673,Erased,4
673,Mashle: Magic and Muscles,3
673,Steins;Gate,5
673,Odd Taxi,5
673,Made in Abyss,3
674,Laid-Back Camp,5
674,Bocchi the Rock!,5
674,Fullmetal Alchemist: Brotherhood,5
674,Nichijou - My Ordinary Life,5
674,The Apothecary Diaries,3
674,Haikyu!!,5
674,Cowboy Bebop,4
674,Frieren: Beyond Journey's End,5
675,Kuroko's Basketball,5
675,Free! - Iwatobi Swim Club,3
675,Banana Fish,2
675,Wind Breaker,4
675,Assassination Classroom,4
675,Fire Force,2
675,Haikyu!!,5
675,Black Clover,2
675,Yuri!!! on Ice,2
675,Odd Taxi,2
675,Blue Lock,5
675,Kaguya-sama: Love is War,2
675,Mob Psycho 100,1
676,Bocchi the Rock!,2
676,Re:ZERO -Starting Life in Another World-,2
676,Fruits Basket,2
676,Death Note,5
676,Attack on Titan,5
676,Steins;Gate,4
677,Mob Psycho 100,4
677,Kaguya-sama: Love is War,5
677,The Rising of the Shield Hero,4
677,Log Horizon,4
677,Overlord,4
677,Haikyu!!,3
677,KONOSUBA -God's blessing on this wonderful world!,5
677,Mashle: Magic and Muscles,5
677,The Eminence in Shadow,5
677,Mushoku Tensei: Jobless Reincarnation,5
677,One-Punch Man,5
677,Fullmetal Alchemist: Brotherhood,2
677,Bocchi the Rock!,4
678,Steins;Gate,5
678,Kaguya-sama: Love is War,2
678,Odd Taxi,3
678,Fullmetal Alchemist: Brotherhood,4
678,Naruto Shippuden,2
678,Mushishi,4
678,Frieren: Beyond Journey's End,4
678,Made in Abyss,3
678,Cowboy Bebop,5
678,Neon Genesis Evangelion,4
678,Attack on Titan,5
678,My Dress-Up Darling,2
678,Gintama,3
678,The Promised Neverland,2
678,Banana Fish,4
678,Re:ZERO -Starting Life in Another World-,2
678,Hunter x Hunter,3
678,One-Punch Man,2
678,Vinland Saga,4
678,Fruits Basket,2
679,Free! - Iwatobi Swim Club,4
679,Spy x Family,4
679,Kaguya-sama: Love is War,5
679,Horimiya,4
679,Wind Breaker,4
679,My Dress-Up Darling,4
679,Fruits Basket,3
679,Re:ZERO -Starting Life in Another World-,2
679,Rascal Does Not Dream of Bunny Girl Senpai,4
679,Toradora!,3
679,Your Lie in April,4
680,Assassination Classroom,5
680,Blue Lock,4
680,Free! - Iwatobi Swim Club,4
680,Wind Breaker,4
680,Cowboy Bebop,2
680,Kaiju No. 8,2
680,Naruto,2
680,Black Clover,2
680,Haikyu!!,4
680,Mashle: Magic and Muscles,1
680,Yuri!!! on Ice,4
680,Your Lie in April,3
680,The Eminence in Shadow,3
680,Bocchi the Rock!,2
680,Clannad After Story,4
680,The Apothecary Diaries,2
680,Vinland Saga,2
680,Kuroko's Basketball,3
680,Psycho-Pass,2
681,Fruits Basket,4
681,Horimiya,5
681,Dandadan,5
681,Your Lie in April,4
681,Spy x Family,5
681,Odd Taxi,2
681,Rascal Does Not Dream of Bunny Girl Senpai,5
681,My Dress-Up Darling,5
681,Kaguya-sama: Love is War,5
682,Fire Force,3
682,The Apothecary Diaries,2
682,Chainsaw Man,3
682,Solo Leveling,4
682,Demon Slayer: Kimetsu no Yaiba,4
682,One Piece,4
682,Wind Breaker,4
682,Kaiju No. 8,4
682,Naruto,5
682,Dandadan,4
683,Gintama,5
683,Spy x Family,4
683,The Eminence in Shadow,5
683,Re:ZERO -Starting Life in Another World-,5
683,Sword Art Online,4
683,Log Horizon,4
683,Kaguya-sama: Love is War,5
683,Mushoku Tensei: Jobless Reincarnation,4
683,The Rising of the Shield Hero,4
683,Overlord,3
683,KONOSUBA -God's blessing on this wonderful world!,5
683,The Apothecary Diaries,3
683,Bocchi the Rock!,5
683,Assassination Classroom,5
683,One-Punch Man,5
683,Mob Psycho 100,5
683,That Time I Got Reincarnated as a Slime,4
683,Vinland Saga,3
684,Made in Abyss,2
684,Frieren: Beyond Journey's End,5
684,Mushishi,3
684,Erased,4
684,Code Geass,4
684,Death Note,4
684,Spy x Family,5
684,Dr. Stone,4
685,Assassination Classroom,5
685,Hunter x Hunter,4
685,Kuroko's Basketball,4
685,Wind Breaker,4
685,Clannad After Story,2
685,Log Horizon,1
685,Fullmetal Alchemist: Brotherhood,3
685,Haikyu!!,5
685,Yuri!!! on Ice,3
685,Tokyo Ghoul,2
685,Blue Lock,4
685,Your Lie in April,2
685,Code Geass,2
685,Naruto Shippuden,3
686,Clannad After Story,3
686,Wind Breaker,5
686,Yuri!!! on Ice,5
686,Free! - Iwatobi Swim Club,5
686,Haikyu!!,5
686,Mashle: Magic and Muscles,3
686,Mushoku Tensei: Jobless Reincarnation,4
686,Jojo's Bizarre Adventure,3
686,Assassination Classroom,5
686,Blue Lock,5
686,Tokyo Ghoul,2
686,Demon Slayer: Kimetsu no Yaiba,3
686,Frieren: Beyond Journey's End,4
686,Kaguya-sama: Love is War,3
686,Erased,1
686,The Eminence in Shadow,3
687,Death Note,4
687,The Rising of the Shield Hero,4
687,Banana Fish,5
687,Code Geass,4
687,Odd Taxi,4
687,Erased,3
687,Log Horizon,3
687,Steins;Gate,3
687,Solo Leveling,5
687,Toradora!,2
687,KONOSUBA -God's blessing on this wonderful world!,5
687,The Apothecary Diaries,5
687,The Promised Neverland,3
687,Psycho-Pass,4
688,Demon Slayer: Kimetsu no Yaiba,5
688,Naruto Shippuden,5
688,Wind Breaker,4
688,The Apothecary Diaries,4
688,Hunter x Hunter,2
688,Erased,4
688,Kuroko's Basketball,3
688,Steins;Gate,5
688,Blue Lock,3
688,Kaiju No. 8,4
688,Banana Fish,3
688,Jojo's Bizarre Adventure,4
688,Psycho-Pass,4
688,Attack on Titan,5
688,Naruto,3
688,One Piece,5
689,Attack on Titan,4
689,Overlord,1
689,My Dress-Up Darling,2
689,Banana Fish,4
689,Gintama,4
689,Made in Abyss,4
689,Fullmetal Alchemist: Brotherhood,4
689,Cowboy Bebop,4
689,Vinland Saga,4
689,The Eminence in Shadow,2
689,Hunter x Hunter,4
689,Frieren: Beyond Journey's End,4
690,Ranking of Kings,4
690,Mushishi,5
690,Bocchi the Rock!,5
690,Haikyu!!,5
690,The Apothecary Diaries,5
690,Jujutsu Kaisen,2
690,Nichijou - My Ordinary Life,4
690,Laid-Back Camp,5
690,Spy x Family,5
691,Attack on Titan,5
691,Log Horizon,4
691,Mashle: Magic and Muscles,5
691,Code Geass,4
691,Re:ZERO -Starting Life in Another World-,4
691,Psycho-Pass,5
691,Steins;Gate,5
691,Overlord,5
691,Blue Lock,4
691,Sword Art Online,4
691,Death Note,5
691,Erased,5
691,The Rising of the Shield Hero,5
692,Spy x Family,3
692,Dandadan,4
692,Toradora!,4
692,Rascal Does Not Dream of Bunny Girl Senpai,3
692,My Dress-Up Darling,5
692,Your Lie in April,4
692,Fruits Basket,3
692,Kaguya-sama: Love is War,4
692,Clannad After Story,3
692,Jojo's Bizarre Adventure,2
692,Bocchi the Rock!,1
692,Haikyu!!,1
692,Horimiya,4
692,Bleach,1
692,One Piece,3
692,Mob Psycho 100,1
692,Kuroko's Basketball,1
692,Re:ZERO -Starting Life in Another World-,1
692,Kaiju No. 8,3
693,Assassination Classroom,3
693,Kaguya-sama: Love is War,3
693,Erased,2
693,Chainsaw Man,2
693,Haikyu!!,4
693,Yuri!!! on Ice,4
693,Kuroko's Basketball,4
693,Horimiya,1
693,That Time I Got Reincarnated as a Slime,2
693,Wind Breaker,4
693,Blue Lock,4
693,Jujutsu Kaisen,3
693,Re:ZERO -Starting Life in Another World-,2
693,Spy x Family,3
693,Bocchi the Rock!,2
693,Log Horizon,2
693,Bleach,2
693,Death Note,2
693,Free! - Iwatobi Swim Club,3
693,Ranking of Kings,1
693,One-Punch Man,1
693,Frieren: Beyond Journey's End,2
694,Jujutsu Kaisen,4
694,Dragon Ball Super,4
694,Demon Slayer: Kimetsu no Yaiba,3
694,Fire Force,3
694,One Piece,4
694,Solo Leveling,3
694,Jojo's Bizarre Adventure,3
694,Steins;Gate,2
694,Chainsaw Man,3
694,Black Clover,4
694,Hell's Paradise,2
694,Dandadan,3
694,Wind Breaker,4
694,Naruto,2
694,Banana Fish,1
694,Bleach,4
694,Naruto Shippuden,4
694,My Hero Academia,3
695,Erased,4
695,The Apothecary Diaries,5
695,Gintama,3
695,Banana Fish,5
695,Vinland Saga,4
695,One-Punch Man,2
695,Made in Abyss,3
695,Cowboy Bebop,4
695,Steins;Gate,4
695,Frieren: Beyond Journey's End,5
695,Odd Taxi,4
695,Hunter x Hunter,5
695,Code Geass,4
695,Psycho-Pass,4
695,Mushishi,5
695,Attack on Titan,5
695,The Promised Neverland,3
695,KONOSUBA -God's blessing on this wonderful world!,2
695,Jujutsu Kaisen,3
696,Free! - Iwatobi Swim Club,5
696,Horimiya,3
696,Frieren: Beyond Journey's End,4
696,Haikyu!!,5
696,Overlord,3
696,Attack on Titan,4
696,Cowboy Bebop,3
696,Yuri!!! on Ice,3
696,Mob Psycho 100,2
696,Fullmetal Alchemist: Brotherhood,4
696,Kuroko's Basketball,4
696,Bocchi the Rock!,2
696,Assassination Classroom,4
697,Kaguya-sama: Love is War,5
697,Assassination Classroom,5
697,KONOSUBA -God's blessing on this wonderful world!,4
697,Bocchi the Rock!,5
697,Vinland Saga,3
697,Nichijou - My Ordinary Life,4
697,Gintama,4
697,Mashle: Magic and Muscles,4
697,Mob Psycho 100,4
698,Dandadan,4
698,Your Lie in April,3
698,Spy x Family,3
698,Attack on Titan,2
698,Clannad After Story,5
698,Chainsaw Man,2
698,Fruits Basket,3
698,Bocchi the Rock!,3
698,Rascal Does Not Dream of Bunny Girl Senpai,3
698,Toradora!,4
699,Banana Fish,5
699,Attack on Titan,4
699,Rascal Does Not Dream of Bunny Girl Senpai,3
699,Fullmetal Alchemist: Brotherhood,5
699,Made in Abyss,4
699,Frieren: Beyond Journey's End,5
699,Vinland Saga,5
699,Gintama,5
699,Steins;Gate,5
699,Mushishi,5
699,Hunter x Hunter,5
699,Naruto,3
699,Hell's Paradise,3
699,Neon Genesis Evangelion,4
699,Kuroko's Basketball,2
699,Cowboy Bebop,5
699,KONOSUBA -God's blessing on this wonderful world!,4
699,That Time I Got Reincarnated as a Slime,3
699,Overlord,3
699,Dr. Stone,4
699,Haikyu!!,3
699,Fruits Basket,4
699,Erased,2
699,Death Note,4
700,Code Geass,3
700,Bocchi the Rock!,5
700,Mob Psycho 100,4
700,Assassination Classroom,5
700,Kaguya-sama: Love is War,4
700,Wind Breaker,3
700,KONOSUBA -God's blessing on this wonderful world!,4
701,Erased,3
701,Dandadan,4
701,Naruto Shippuden,4
701,Jujutsu Kaisen,5
701,Demon Slayer: Kimetsu no Yaiba,5
701,Chainsaw Man,4
701,The Apothecary Diaries,4
701,Fire Force,4
701,Solo Leveling,5
701,Wind Breaker,5
701,Death Note,5
701,Steins;Gate,4
701,Naruto,4
701,Attack on Titan,5
701,Dragon Ball Super,4
701,Tokyo Ghoul,1
701,My Hero Academia,4
702,Hunter x Hunter,2
702,Odd Taxi,4
702,Attack on Titan,4
702,Wind Breaker,2
702,Erased,5
702,Psycho-Pass,3
702,Steins;Gate,4
702,Mob Psycho 100,3
702,Black Clover,3
702,Death Note,5
703,Assassination Classroom,4
703,Dandadan,3
703,Mob Psycho 100,3
703,One-Punch Man,4
703,Kaguya-sama: Love is War,5
703,Nichijou - My Ordinary Life,3
703,Black Clover,3
703,KONOSUBA -God's blessing on this wonderful world!,4
703,Bocchi the Rock!,5
703,Mashle: Magic and Muscles,4
704,My Hero Academia,5
704,Naruto Shippuden,5
704,Bleach,4
704,The Apothecary Diaries,3
704,Fire Force,5
704,One Piece,5
704,Black Clover,5
704,Wind Breaker,5
704,Hell's Paradise,5
704,Jojo's Bizarre Adventure,5
704,Jujutsu Kaisen,5
704,Demon Slayer: Kimetsu no Yaiba,4
704,Dandadan,4
704,Kaiju No. 8,4
704,Solo Leveling,4
704,Steins;Gate,2
704,Death Note,2
704,Dragon Ball Super,5
704,Haikyu!!,3
704,Naruto,3
704,Bocchi the Rock!,2
704,Chainsaw Man,5
704,Fruits Basket,3
705,Vinland Saga,4
705,Hunter x Hunter,4
705,Demon Slayer: Kimetsu no Yaiba,1
705,Attack on Titan,5
705,Fullmetal Alchemist: Brotherhood,5
705,Mushishi,5
706,Demon Slayer: Kimetsu no Yaiba,5
706,Wind Breaker,4
706,Kuroko's Basketball,2
706,The Rising of the Shield Hero,2
706,Black Clover,4
706,Jujutsu Kaisen,3
706,Dragon Ball Super,3
707,Erased,4
707,Gintama,2
707,Code Geass,4
707,Steins;Gate,4
707,One-Punch Man,2
707,Attack on Titan,5
707,Odd Taxi,4
707,That Time I Got Reincarnated as a Slime,3
707,Toradora!,1
707,Kaguya-sama: Love is War,2
707,Free! - Iwatobi Swim Club,3
707,The Promised Neverland,3
707,Skip and Loafer,2
708,The Apothecary Diaries,4
708,Frieren: Beyond Journey's End,3
708,Cowboy Bebop,4
708,Hunter x Hunter,4
708,Attack on Titan,4
708,Erased,3
708,Steins;Gate,5
708,Code Geass,5
708,Gintama,4
708,Re:ZERO -Starting Life in Another World-,2
708,The Promised Neverland,4
708,Made in Abyss,4
708,Mushishi,4
708,Psycho-Pass,4
708,Vinland Saga,5
708,Mashle: Magic and Muscles,3
709,Spy x Family,5
709,Mashle: Magic and Muscles,4
709,Frieren: Beyond Journey's End,4
709,KONOSUBA -God's blessing on this wonderful world!,4
709,Tokyo Ghoul,1
709,That Time I Got Reincarnated as a Slime,2
709,The Promised Neverland,4
710,Death Note,4
710,Banana Fish,4
710,Spy x Family,5
710,Gintama,5
710,Erased,4
710,Bocchi the Rock!,5
710,Psycho-Pass,3
710,Attack on Titan,5
710,Odd Taxi,4
710,KONOSUBA -God's blessing on this wonderful world!,5
710,Mashle: Magic and Muscles,5
710,One-Punch Man,4
710,Mob Psycho 100,4
711,Fruits Basket,5
711,Mob Psycho 100,4
711,Clannad After Story,5
711,Kaguya-sama: Love is War,5
711,Rascal Does Not Dream of Bunny Girl Senpai,5
711,My Dress-Up Darling,5
711,Naruto Shippuden,1
711,Dandadan,5
711,Spy x Family,5
711,Blue Lock,2
711,Your Lie in April,4
711,Steins;Gate,3
711,Fullmetal Alchemist: Brotherhood,2
711,Horimiya,5
711,Assassination Classroom,3
711,Toradora!,3
711,Fire Force,2
711,Mushishi,3
711,One Piece,3
711,Frieren: Beyond Journey's End,2
711,Attack on Titan,3
711,Black Clover,3
712,Odd Taxi,5
712,Death Note,5
712,Code Geass,5
712,Banana Fish,5
712,The Promised Neverland,4
712,Psycho-Pass,5
712,The Apothecary Diaries,4
712,Attack on Titan,4
712,Spy x Family,2
712,Wind Breaker,2
712,Erased,5
712,One-Punch Man,2
713,Bocchi the Rock!,5
713,Assassination Classroom,4
713,Yuri!!! on Ice,3
713,Mob Psycho 100,5
713,Kaguya-sama: Love is War,5
713,Mashle: Magic and Muscles,4
713,KONOSUBA -God's blessing on this wonderful world!,5
713,Dr. Stone,3
713,Cowboy Bebop,3
713,My Hero Academia,3
713,Gintama,5
713,Hunter x Hunter,3
713,Nichijou - My Ordinary Life,5
713,Steins;Gate,3
713,Demon Slayer: Kimetsu no Yaiba,3
713,One Piece,3
713,Spy x Family,5
713,Toradora!,2
713,Skip and Loafer,4
713,Neon Genesis Evangelion,1
713,Re:ZERO -Starting Life in Another World-,3
713,Free! - Iwatobi Swim Club,2
713,Fullmetal Alchemist: Brotherhood,2
714,Odd Taxi,4
714,Bocchi the Rock!,3
714,Laid-Back Camp,5
714,Nichijou - My Ordinary Life,4
714,Attack on Titan,5
714,Dr. Stone,4
714,Steins;Gate,5
714,Spy x Family,5
714,The Apothecary Diaries,5
714,Banana Fish,5
714,Chainsaw Man,1
714,Psycho-Pass,4
714,Mushishi,5
715,The Apothecary Diaries,4
715,Gintama,3
715,Spy x Family,5
715,Ranking of Kings,5
715,Mushishi,5
715,Mashle: Magic and Muscles,5
715,Dandadan,3
715,Assassination Classroom,4
715,Mob Psycho 100,5
715,KONOSUBA -God's blessing on this wonderful world!,4
715,Kaguya-sama: Love is War,5
715,Frieren: Beyond Journey's End,5
715,Haikyu!!,4
715,Dr. Stone,4
715,Blue Lock,2
715,Bocchi the Rock!,4
715,Nichijou - My Ordinary Life,4
715,Skip and Loafer,5
716,Wind Breaker,3
716,One Piece,3
716,Kuroko's Basketball,3
716,Haikyu!!,4
716,Assassination Classroom,3
716,Dr. Stone,2
716,Skip and Loafer,2
716,Blue Lock,3
716,Code Geass,1
717,Blue Lock,4
717,Made in Abyss,2
717,Yuri!!! on Ice,5
717,Wind Breaker,5
717,Psycho-Pass,2
717,Kuroko's Basketball,4
717,Jujutsu Kaisen,3
717,Hell's Paradise,2
717,Haikyu!!,4
717,Assassination Classroom,5
717,Free! - Iwatobi Swim Club,4
717,Laid-Back Camp,3
717,Mob Psycho 100,1
717,Code Geass,2
717,My Hero Academia,3
717,Rascal Does Not Dream of Bunny Girl Senpai,2
717,Dandadan,3
718,Steins;Gate,4
718,Death Note,4
718,Code Geass,4
718,The Apothecary Diaries,5
718,Banana Fish,4
718,The Promised Neverland,4
718,Odd Taxi,4
718,Kaguya-sama: Love is War,2
718,The Eminence in Shadow,3
718,Fruits Basket,2
718,Erased,3
718,Kaiju No. 8,2
718,Attack on Titan,4
718,My Dress-Up Darling,2
718,Wind Breaker,3
718,Ranking of Kings,2
718,Gintama,2
718,Skip and Loafer,2
719,One-Punch Man,4
719,Spy x Family,4
719,Mashle: Magic and Muscles,4
719,Steins;Gate,4
719,Banana Fish,4
719,KONOSUBA -God's blessing on this wonderful world!,4
719,Nichijou - My Ordinary Life,4
719,Psycho-Pass,1
719,Fullmetal Alchemist: Brotherhood,4
719,Vinland Saga,4
719,Bocchi the Rock!,5
720,Banana Fish,5
720,Death Note,5
720,Fullmetal Alchemist: Brotherhood,4
720,Odd Taxi,4
720,Erased,5
720,One-Punch Man,3
720,The Apothecary Diaries,5
720,Laid-Back Camp,2
720,Steins;Gate,5
720,Bleach,3
720,The Promised Neverland,5
720,Code Geass,4
720,Vinland Saga,3
720,Attack on Titan,5
720,Free! - Iwatobi Swim Club,3
720,Psycho-Pass,4
721,Dandadan,4
721,Overlord,1
721,Hell's Paradise,4
721,My Hero Academia,4
721,Chainsaw Man,5
721,Naruto Shippuden,5
721,Bleach,4
721,Solo Leveling,5
721,Dragon Ball Super,4
721,Demon Slayer: Kimetsu no Yaiba,5
721,Kaiju No. 8,3
721,Jujutsu Kaisen,4
721,Jojo's Bizarre Adventure,3
721,Fire Force,5
721,Mushishi,1
721,Assassination Classroom,2
721,Naruto,4
722,Bocchi the Rock!,4
722,Nichijou - My Ordinary Life,4
722,Haikyu!!,2
722,Hunter x Hunter,5
722,Spy x Family,5
722,Mushishi,5
722,Attack on Titan,4
722,Mob Psycho 100,5
722,Fullmetal Alchemist: Brotherhood,5
722,Dandadan,2
722,Steins;Gate,5
722,KONOSUBA -God's blessing on this wonderful world!,4
722,Assassination Classroom,5
722,Frieren: Beyond Journey's End,5
722,Banana Fish,5
722,Kaguya-sama: Love is War,4
722,Your Lie in April,2
722,Gintama,5
722,Black Clover,2
722,Made in Abyss,4
722,The Eminence in Shadow,2
722,Mashle: Magic and Muscles,5
722,Jujutsu Kaisen,2
722,Tokyo Ghoul,3
722,One-Punch Man,4
723,Chainsaw Man,4
723,One Piece,5
723,Naruto,4
723,Solo Leveling,5
723,Dandadan,5
723,Re:ZERO -Starting Life in Another World-,2
723,Kaiju No. 8,4
723,Demon Slayer: Kimetsu no Yaiba,5
723,Dragon Ball Super,4
723,Jujutsu Kaisen,5
723,My Hero Academia,4
723,Black Clover,4
723,My Dress-Up Darling,2
723,Rascal Does Not Dream of Bunny Girl Senpai,3
723,Fire Force,5
723,Dr. Stone,2
723,The Rising of the Shield Hero,3
723,Hell's Paradise,5
723,Yuri!!! on Ice,3
723,Cowboy Bebop,3
723,Ranking of Kings,4
724,Haikyu!!,3
724,Mashle: Magic and Muscles,4
724,Bocchi the Rock!,4
724,Spy x Family,3
724,Clannad After Story,3
724,Nichijou - My Ordinary Life,4
724,Fullmetal Alchemist: Brotherhood,1
724,That Time I Got Reincarnated as a Slime,5
724,Log Horizon,4
724,Overlord,4
724,Solo Leveling,4
724,The Eminence in Shadow,4
724,Sword Art Online,3
724,Gintama,4
724,Jujutsu Kaisen,4
724,Re:ZERO -Starting Life in Another World-,5
725,Gintama,5
725,Kuroko's Basketball,5
725,Free! - Iwatobi Swim Club,4
725,Haikyu!!,5
725,One-Punch Man,5
725,Spy x Family,5
725,Nichijou - My Ordinary Life,4
725,Mashle: Magic and Muscles,5
725,Mob Psycho 100,5
725,Blue Lock,5
725,Kaguya-sama: Love is War,5
725,Hunter x Hunter,3
725,That Time I Got Reincarnated as a Slime,3
725,Yuri!!! on Ice,5
725,Bocchi the Rock!,5
725,Assassination Classroom,4
725,Tokyo Ghoul,2
725,Wind Breaker,5
725,One Piece,3
725,Your Lie in April,2
725,KONOSUBA -God's blessing on this wonderful world!,4
725,Clannad After Story,2
725,Fire Force,2
725,Dragon Ball Super,2
725,Ranking of Kings,3
726,Rascal Does Not Dream of Bunny Girl Senpai,5
726,Fruits Basket,3
726,Horimiya,5
726,Your Lie in April,5
726,Blue Lock,4
726,Assassination Classroom,5
726,Haikyu!!,5
726,Clannad After Story,5
726,Kaguya-sama: Love is War,5
726,Free! - Iwatobi Swim Club,4
727,Fullmetal Alchemist: Brotherhood,4
727,Made in Abyss,3
727,My Hero Academia,2
727,That Time I Got Reincarnated as a Slime,3
727,Log Horizon,3
727,Attack on Titan,4
727,Steins;Gate,4
727,Mushishi,4
727,Gintama,4
727,One Piece,2
727,The Eminence in Shadow,4
727,Vinland Saga,4
727,Kaiju No. 8,2
727,KONOSUBA -God's blessing on this wonderful world!,3
727,Spy x Family,1
727,The Rising of the Shield Hero,3
728,Neon Genesis Evangelion,3
728,Steins;Gate,5
728,Attack on Titan,5
728,Cowboy Bebop,4
728,The Apothecary Diaries,5
728,Frieren: Beyond Journey's End,4
728,Odd Taxi,3
728,Code Geass,5
728,Banana Fish,4
728,Gintama,3
728,Made in Abyss,3
728,Vinland Saga,5
728,Mushishi,3
728,Your Lie in April,3
728,Death Note,4
729,Re:ZERO -Starting Life in Another World-,1
729,Dandadan,4
729,Hell's Paradise,4
729,Dragon Ball Super,4
729,Chainsaw Man,5
729,Naruto,5
729,Fire Force,3
729,Demon Slayer: Kimetsu no Yaiba,4
729,Wind Breaker,5
729,One Piece,4
729,Jujutsu Kaisen,4
729,Spy x Family,3
729,Hunter x Hunter,2
729,Solo Leveling,5
729,Naruto Shippuden,4
729,Cowboy Bebop,2
729,Fullmetal Alchemist: Brotherhood,3
729,Jojo's Bizarre Adventure,4
729,Kaiju No. 8,4
729,Death Note,1
729,Fruits Basket,2
730,Wind Breaker,4
730,Assassination Classroom,5
730,Blue Lock,3
730,Kuroko's Basketball,5
730,Free! - Iwatobi Swim Club,4
730,Chainsaw Man,3
731,One Piece,4
731,My Hero Academia,5
731,Black Clover,3
731,Fire Force,3
731,Chainsaw Man,3
731,Dandadan,4
731,Jujutsu Kaisen,4
731,Mushoku Tensei: Jobless Reincarnation,1
731,Demon Slayer: Kimetsu no Yaiba,4
731,Solo Leveling,4
731,Naruto,3
731,Hell's Paradise,3
731,Toradora!,3
731,Jojo's Bizarre Adventure,5
731,Wind Breaker,5
731,Log Horizon,1
731,Skip and Loafer,3
731,Rascal Does Not Dream of Bunny Girl Senpai,3
731,Kaiju No. 8,3
732,Fruits Basket,5
732,Rascal Does Not Dream of Bunny Girl Senpai,3
732,Kaguya-sama: Love is War,4
732,Spy x Family,4
732,Wind Breaker,2
732,Death Note,3
733,Chainsaw Man,1
733,Kaguya-sama: Love is War,3
733,Spy x Family,5
733,Gintama,4
733,Nichijou - My Ordinary Life,3
733,Mob Psycho 100,4
733,Re:ZERO -Starting Life in Another World-,3
733,Assassination Classroom,5
733,One-Punch Man,5
733,Mashle: Magic and Muscles,5
733,Dandadan,2
733,Bocchi the Rock!,5
733,KONOSUBA -God's blessing on this wonderful world!,5
733,Vinland Saga,3
733,Fruits Basket,3
733,Dragon Ball Super,3
733,Made in Abyss,2
733,Steins;Gate,3
733,Yuri!!! on Ice,3
733,Attack on Titan,3
733,Death Note,4
733,Erased,2
733,Hunter x Hunter,2
733,Code Geass,2
733,Demon Slayer: Kimetsu no Yaiba,3
734,Laid-Back Camp,5
734,Bocchi the Rock!,4
734,Nichijou - My Ordinary Life,4
734,Mushishi,3
734,Spy x Family,5
734,Frieren: Beyond Journey's End,5
734,Assassination Classroom,3
734,Ranking of Kings,4
734,Haikyu!!,5
734,Fullmetal Alchemist: Brotherhood,4
734,Attack on Titan,3
734,Dr. Stone,5
734,Kaiju No. 8,2
734,Mashle: Magic and Muscles,2
734,Made in Abyss,3
734,Banana Fish,2
734,Skip and Loafer,5
734,Dandadan,3
734,Tokyo Ghoul,2
735,Fruits Basket,3
735,Death Note,4
735,Attack on Titan,4
735,The Apothecary Diaries,3
735,Steins;Gate,4
735,Rascal Does Not Dream of Bunny Girl Senpai,4
735,Naruto Shippuden,3
735,Odd Taxi,3
735,Kaguya-sama: Love is War,4
735,Dandadan,5
735,Toradora!,4
735,Psycho-Pass,4
735,Spy x Family,5
735,Naruto,1
735,My Hero Academia,2
735,Cowboy Bebop,3
736,Bocchi the Rock!,4
736,Assassination Classroom,3
736,Gintama,3
736,One-Punch Man,3
736,Mashle: Magic and Muscles,4
736,Wind Breaker,1
736,Solo Leveling,3
736,Kaguya-sama: Love is War,4
736,Vinland Saga,2
736,Overlord,2
736,Kaiju No. 8,1
736,Mob Psycho 100,4
736,KONOSUBA -God's blessing on this wonderful world!,4
737,Clannad After Story,4
737,Dandadan,5
737,Fruits Basket,5
737,Your Lie in April,4
737,Rascal Does Not Dream of Bunny Girl Senpai,4
737,Toradora!,4
737,My Dress-Up Darling,3
737,Mushoku Tensei: Jobless Reincarnation,2
737,Assassination Classroom,3
737,Spy x Family,4
737,Attack on Titan,4
737,Demon Slayer: Kimetsu no Yaiba,2
737,Horimiya,5
737,Mushishi,3
737,Steins;Gate,4
737,Kaguya-sama: Love is War,5
737,Code Geass,2
737,The Apothecary Diaries,3
738,Bleach,3
738,The Apothecary Diaries,2
738,Naruto Shippuden,3
738,Kaguya-sama: Love is War,2
738,Haikyu!!,4
738,My Hero Academia,4
738,That Time I Got Reincarnated as a Slime,2
738,Black Clover,3
738,Yuri!!! on Ice,4
738,Wind Breaker,4
738,Demon Slayer: Kimetsu no Yaiba,4
738,One Piece,4
738,Chainsaw Man,3
738,My Dress-Up Darling,1
738,KONOSUBA -God's blessing on this wonderful world!,1
738,Free! - Iwatobi Swim Club,4
738,Fire Force,3
738,Jojo's Bizarre Adventure,4
738,Solo Leveling,5
738,Kuroko's Basketball,4
738,Dandadan,4
738,Hunter x Hunter,2
738,Assassination Classroom,4
739,Made in Abyss,4
739,Steins;Gate,5
739,Hunter x Hunter,3
739,Death Note,4
739,Frieren: Beyond Journey's End,4
739,Banana Fish,5
739,Erased,4
739,The Promised Neverland,3
739,The Apothecary Diaries,4
739,Odd Taxi,5
739,Vinland Saga,4
739,Cowboy Bebop,4
739,Fullmetal Alchemist: Brotherhood,4
739,Assassination Classroom,3
740,Fruits Basket,5
740,Gintama,5
740,Mushishi,5
740,Rascal Does Not Dream of Bunny Girl Senpai,4
740,Clannad After Story,5
740,Hunter x Hunter,5
740,Kaguya-sama: Love is War,5
740,Vinland Saga,4
740,Frieren: Beyond Journey's End,5
740,Your Lie in April,5
740,Dandadan,5
740,Naruto Shippuden,4
740,Odd Taxi,4
740,Fullmetal Alchemist: Brotherhood,5
741,Frieren: Beyond Journey's End,5
741,Laid-Back Camp,5
741,Spy x Family,5
741,Skip and Loafer,5
741,The Apothecary Diaries,5
741,Bocchi the Rock!,5
742,Frieren: Beyond Journey's End,2
742,Gintama,4
742,Spy x Family,4
742,Clannad After Story,2
742,One-Punch Man,4
742,Mob Psycho 100,5
742,Re:ZERO -Starting Life in Another World-,2
743,Haikyu!!,4
743,Kuroko's Basketball,2
743,Spy x Family,4
743,Re:ZERO -Starting Life in Another World-,4
743,Log Horizon,3
743,Ranking of Kings,4
743,KONOSUBA -God's blessing on this wonderful world!,5
743,Bocchi the Rock!,4
743,The Eminence in Shadow,5
743,The Apothecary Diaries,3
743,Steins;Gate,1
743,That Time I Got Reincarnated as a Slime,5
743,Mushoku Tensei: Jobless Reincarnation,5
743,Laid-Back Camp,4
743,Death Note,4
743,Frieren: Beyond Journey's End,4
743,Sword Art Online,3
744,Erased,5
744,The Apothecary Diaries,4
744,Death Note,5
744,Attack on Titan,5
744,The Promised Neverland,4
744,Psycho-Pass,5
744,Nichijou - My Ordinary Life,3
744,Steins;Gate,4
744,Code Geass,4
744,Jojo's Bizarre Adventure,2
745,One Piece,4
745,Kuroko's Basketball,2
745,Bleach,4
745,Demon Slayer: Kimetsu no Yaiba,4
745,Dragon Ball Super,5
745,Black Clover,3
745,Hunter x Hunter,1
745,Wind Breaker,4
745,Kaiju No. 8,3
745,Code Geass,2
745,Overlord,1
745,Dandadan,4
745,Hell's Paradise,3
745,Naruto Shippuden,5
745,Solo Leveling,4
745,Chainsaw Man,5
746,Haikyu!!,1
746,Code Geass,4
746,Erased,3
746,Clannad After Story,1
746,The Apothecary Diaries,3
746,Overlord,1
746,Kaiju No. 8,1
746,Odd Taxi,3
746,Attack on Titan,3
746,Steins;Gate,3
746,Dr. Stone,3
746,The Promised Neverland,3
746,Fruits Basket,2
746,That Time I Got Reincarnated as a Slime,1
746,Death Note,3
746,Banana Fish,3
746,Dandadan,2
746,Fire Force,1
746,Cowboy Bebop,1
746,Frieren: Beyond Journey's End,1
746,Psycho-Pass,4
746,Vinland Saga,1
746,Toradora!,2
746,Hell's Paradise,2
746,One-Punch Man,1
747,The Promised Neverland,1
747,Assassination Classroom,4
747,Kuroko's Basketball,4
747,Haikyu!!,4
747,That Time I Got Reincarnated as a Slime,2
747,My Dress-Up Darling,1
747,Jujutsu Kaisen,3
747,Blue Lock,4
747,Free! - Iwatobi Swim Club,4
747,Black Clover,3
747,Yuri!!! on Ice,4
747,Bocchi the Rock!,2
747,Wind Breaker,4
747,Ranking of Kings,3
748,Hell's Paradise,4
748,Neon Genesis Evangelion,4
748,Psycho-Pass,2
748,Hunter x Hunter,5
748,Fruits Basket,1
748,Dandadan,4
748,Chainsaw Man,4
748,Vinland Saga,3
748,Attack on Titan,4
748,Re:ZERO -Starting Life in Another World-,2
748,Naruto,4
748,Banana Fish,4
749,Haikyu!!,4
749,Mob Psycho 100,4
749,Spy x Family,4
749,Mashle: Magic and Muscles,4
749,Yuri!!! on Ice,4
749,Kaguya-sama: Love is War,5
749,One-Punch Man,5
749,Bocchi the Rock!,5
749,The Promised Neverland,1
749,Steins;Gate,1
749,KONOSUBA -God's blessing on this wonderful world!,5
749,Assassination Classroom,5
749,Made in Abyss,2
749,Kuroko's Basketball,4
749,Free! - Iwatobi Swim Club,5
749,Nichijou - My Ordinary Life,4
749,Fullmetal Alchemist: Brotherhood,3
749,Blue Lock,3
750,Fruits Basket,5
750,Your Lie in April,5
750,Rascal Does Not Dream of Bunny Girl Senpai,5
750,Frieren: Beyond Journey's End,5
750,Horimiya,5
750,The Apothecary Diaries,5
750,Laid-Back Camp,4
750,Dr. Stone,5
750,Toradora!,4
750,Spy x Family,4
750,Mushishi,4
751,Mushishi,4
751,Vinland Saga,5
751,Neon Genesis Evangelion,5
751,Attack on Titan,5
751,Gintama,4
751,Kaiju No. 8,3
751,Banana Fish,4
751,Bleach,3
751,Mob Psycho 100,4
751,Dragon Ball Super,3
751,Cowboy Bebop,4
751,Kaguya-sama: Love is War,3
751,Hunter x Hunter,5
751,Free! - Iwatobi Swim Club,3
751,Frieren: Beyond Journey's End,5
751,One Piece,4
751,Fullmetal Alchemist: Brotherhood,5
752,Hunter x Hunter,5
752,Spy x Family,4
752,Neon Genesis Evangelion,4
752,Toradora!,3
752,Made in Abyss,5
752,Assassination Classroom,5
752,Kaguya-sama: Love is War,5
752,Nichijou - My Ordinary Life,4
752,Log Horizon,2
752,Banana Fish,4
752,Cowboy Bebop,5
752,Steins;Gate,4
752,Mushishi,4
752,Jojo's Bizarre Adventure,3
752,Bocchi the Rock!,5
752,Attack on Titan,5
752,Vinland Saga,5
752,Gintama,5
752,Mashle: Magic and Muscles,4
752,Fullmetal Alchemist: Brotherhood,5
752,Mob Psycho 100,4
753,KONOSUBA -God's blessing on this wonderful world!,3
753,My Dress-Up Darling,2
753,Hunter x Hunter,2
753,Mushoku Tensei: Jobless Reincarnation,4
753,Blue Lock,1
753,That Time I Got Reincarnated as a Slime,4
753,Re:ZERO -Starting Life in Another World-,4
753,Log Horizon,3
753,The Rising of the Shield Hero,3
753,Kaguya-sama: Love is War,2
753,Dandadan,2
753,Mashle: Magic and Muscles,4
753,Clannad After Story,2
753,Overlord,5
753,Solo Leveling,3
753,Sword Art Online,4
753,The Eminence in Shadow,3
754,Mashle: Magic and Muscles,5
754,Erased,4
754,The Rising of the Shield Hero,5
754,Attack on Titan,3
754,Steins;Gate,4
754,That Time I Got Reincarnated as a Slime,5
754,KONOSUBA -God's blessing on this wonderful world!,5
754,Your Lie in April,3
754,One-Punch Man,3
754,Jojo's Bizarre Adventure,3
754,Re:ZERO -Starting Life in Another World-,4
754,The Eminence in Shadow,5
754,Solo Leveling,5
754,Banana Fish,3
754,Log Horizon,5
754,Spy x Family,3
754,Mushoku Tensei: Jobless Reincarnation,4
754,Yuri!!! on Ice,3
754,Sword Art Online,5
754,Overlord,5
755,Kaiju No. 8,2
755,Vinland Saga,5
755,Steins;Gate,5
755,Gintama,5
755,Mushoku Tensei: Jobless Reincarnation,5
755,Overlord,4
755,Free! - Iwatobi Swim Club,3
755,Hunter x Hunter,4
755,Solo Leveling,4
755,Log Horizon,4
755,Made in Abyss,5
755,Frieren: Beyond Journey's End,4
755,Neon Genesis Evangelion,3
755,Kuroko's Basketball,2
755,Wind Breaker,3
755,KONOSUBA -God's blessing on this wonderful world!,4
755,Fullmetal Alchemist: Brotherhood,5
755,Attack on Titan,5
755,Sword Art Online,3
755,Re:ZERO -Starting Life in Another World-,4
755,Mushishi,5
755,Cowboy Bebop,4
755,Black Clover,3
756,Fruits Basket,5
756,The Rising of the Shield Hero,3
756,Kaguya-sama: Love is War,5
756,Clannad After Story,4
756,One Piece,3
756,Haikyu!!,4
756,Kuroko's Basketball,4
756,Free! - Iwatobi Swim Club,4
756,Horimiya,5
756,Jojo's Bizarre Adventure,2
756,Dandadan,4
756,One-Punch Man,1
756,Mushishi,2
756,Wind Breaker,4
756,Assassination Classroom,5
756,Yuri!!! on Ice,3
756,Naruto,2
756,KONOSUBA -God's blessing on this wonderful world!,1
756,Spy x Family,4
756,Mob Psycho 100,2
756,My Dress-Up Darling,4
756,Your Lie in April,4
756,Attack on Titan,3
756,Bocchi the Rock!,4
756,Steins;Gate,3
757,Toradora!,4
757,Horimiya,5
757,Fruits Basket,4
757,Your Lie in April,5
757,Clannad After Story,3
757,Spy x Family,5
757,Laid-Back Camp,3
757,Rascal Does Not Dream of Bunny Girl Senpai,5
757,Kaguya-sama: Love is War,4
757,Nichijou - My Ordinary Life,2
757,Kuroko's Basketball,2
757,Mushishi,2
757,Dandadan,5
758,Solo Leveling,3
758,The Eminence in Shadow,4
758,Log Horizon,4
758,KONOSUBA -God's blessing on this wonderful world!,4
758,The Rising of the Shield Hero,3
758,Naruto Shippuden,2
758,Mushoku Tensei: Jobless Reincarnation,4
758,Overlord,4
758,Attack on Titan,2
758,That Time I Got Reincarnated as a Slime,4
758,Assassination Classroom,3
758,Mashle: Magic and Muscles,4
758,Fruits Basket,2
758,Re:ZERO -Starting Life in Another World-,5
758,Jujutsu Kaisen,2
758,Frieren: Beyond Journey's End,2
758,The Apothecary Diaries,2
758,One-Punch Man,2
758,Psycho-Pass,1
758,Fire Force,2
758,My Dress-Up Darling,2
758,Sword Art Online,4
759,Naruto,3
759,Odd Taxi,5
759,Black Clover,3
759,Code Geass,5
759,Banana Fish,4
759,Jojo's Bizarre Adventure,4
759,Jujutsu Kaisen,3
759,The Promised Neverland,3
759,Wind Breaker,4
759,The Apothecary Diaries,4
759,Toradora!,3
760,Erased,3
760,Bleach,3
760,Mashle: Magic and Muscles,3
760,Death Note,5
760,Attack on Titan,5
760,Jujutsu Kaisen,3
760,Black Clover,3
760,Demon Slayer: Kimetsu no Yaiba,3
760,Banana Fish,4
760,Blue Lock,3
760,Odd Taxi,4
760,The Apothecary Diaries,5
760,Steins;Gate,5
760,My Dress-Up Darling,4
760,The Promised Neverland,5
760,Mushishi,3
761,Code Geass,4
761,Banana Fish,4
761,Steins;Gate,3
761,Attack on Titan,4
761,Death Note,3
761,The Apothecary Diaries,4
761,Psycho-Pass,3
761,Erased,3
761,Odd Taxi,4
761,Your Lie in April,2
761,Gintama,2
761,Rascal Does Not Dream of Bunny Girl Senpai,1
761,Laid-Back Camp,2
761,Kaguya-sama: Love is War,2
761,Haikyu!!,1
761,The Eminence in Shadow,2
761,Dr. Stone,1
761,My Dress-Up Darling,1
762,Fruits Basket,4
762,Laid-Back Camp,4
762,Dr. Stone,4
762,Frieren: Beyond Journey's End,3
762,Nichijou - My Ordinary Life,4
762,Kaguya-sama: Love is War,3
762,Spy x Family,3
762,Toradora!,4
762,Dandadan,4
762,Haikyu!!,3
762,Skip and Loafer,3
762,My Dress-Up Darling,3
762,The Apothecary Diaries,3
762,Your Lie in April,4
762,Horimiya,4
762,Mushishi,3
762,Rascal Does Not Dream of Bunny Girl Senpai,4
762,Clannad After Story,4
762,Tokyo Ghoul,1
762,Bocchi the Rock!,3
762,Ranking of Kings,4
762,Mob Psycho 100,1
762,Kaiju No. 8,2
763,Kaguya-sama: Love is War,5
763,Re:ZERO -Starting Life in Another World-,5
763,That Time I Got Reincarnated as a Slime,3
763,Solo Leveling,5
763,Mob Psycho 100,4
763,Bocchi the Rock!,4
763,Nichijou - My Ordinary Life,4
763,Mashle: Magic and Muscles,4
763,One-Punch Man,4
763,Overlord,3
763,KONOSUBA -God's blessing on this wonderful world!,4
763,Sword Art Online,3
763,Spy x Family,5
764,Free! - Iwatobi Swim Club,3
764,Yuri!!! on Ice,5
764,Bocchi the Rock!,5
764,Kuroko's Basketball,4
764,Nichijou - My Ordinary Life,5
764,Re:ZERO -Starting Life in Another World-,4
764,Steins;Gate,2
764,Clannad After Story,3
764,Wind Breaker,5
764,One-Punch Man,5
764,Haikyu!!,5
764,Fullmetal Alchemist: Brotherhood,3
764,Mashle: Magic and Muscles,4
764,Mob Psycho 100,5
765,Gintama,4
765,Vinland Saga,5
765,Dandadan,5
765,Horimiya,4
765,Erased,4
765,Frieren: Beyond Journey's End,5
765,Fruits Basket,4
765,Banana Fish,5
765,Attack on Titan,5
765,Kaguya-sama: Love is War,5
765,Rascal Does Not Dream of Bunny Girl Senpai,4
765,The Rising of the Shield Hero,2
765,My Dress-Up Darling,3
765,Hunter x Hunter,5
765,Fullmetal Alchemist: Brotherhood,5
765,Spy x Family,5
765,Clannad After Story,5
765,Steins;Gate,5
766,Jujutsu Kaisen,4
766,Banana Fish,5
766,Attack on Titan,4
766,Dandadan,5
766,One Piece,4
766,Hunter x Hunter,3
766,Neon Genesis Evangelion,4
766,Kaiju No. 8,4
766,Bocchi the Rock!,3
766,Cowboy Bebop,4
766,Jojo's Bizarre Adventure,5
766,Black Clover,5
766,Wind Breaker,4
766,Made in Abyss,4
766,Solo Leveling,4
766,My Hero Academia,5
766,Gintama,5
766,Dragon Ball Super,5
766,Fire Force,4
766,Fullmetal Alchemist: Brotherhood,5
766,Steins;Gate,4
766,Naruto Shippuden,4
767,Wind Breaker,5
767,Black Clover,5
767,Dandadan,5
767,Fire Force,4
767,Bleach,4
767,Dragon Ball Super,4
767,Chainsaw Man,4
767,Jojo's Bizarre Adventure,5
767,Jujutsu Kaisen,5
767,My Hero Academia,5
767,Gintama,3
767,Demon Slayer: Kimetsu no Yaiba,3
767,Naruto Shippuden,5
768,Mashle: Magic and Muscles,5
768,Horimiya,3
768,Dandadan,5
768,Rascal Does Not Dream of Bunny Girl Senpai,4
768,Log Horizon,4
768,Toradora!,5
768,That Time I Got Reincarnated as a Slime,5
768,Neon Genesis Evangelion,1
768,My Dress-Up Darling,5
768,Spy x Family,5
768,Fruits Basket,5
768,The Eminence in Shadow,3
768,Solo Leveling,4
768,Sword Art Online,4
768,Re:ZERO -Starting Life in Another World-,5
768,Attack on Titan,2
768,Odd Taxi,2
768,KONOSUBA -God's blessing on this wonderful world!,5
768,Overlord,5
768,Kaguya-sama: Love is War,5
768,Mushoku Tensei: Jobless Reincarnation,5
768,Jojo's Bizarre Adventure,3
768,The Rising of the Shield Hero,5
768,Your Lie in April,5
769,Attack on Titan,4
769,Kaguya-sama: Love is War,4
769,Hunter x Hunter,5
769,Cowboy Bebop,4
769,Vinland Saga,4
769,Steins;Gate,4
769,Gintama,5
769,Banana Fish,5
769,Fullmetal Alchemist: Brotherhood,5
769,My Hero Academia,2
769,Mushishi,4
769,Made in Abyss,5
770,My Dress-Up Darling,4
770,Clannad After Story,3
770,Your Lie in April,4
770,Kaguya-sama: Love is War,4
770,Yuri!!! on Ice,2
770,Rascal Does Not Dream of Bunny Girl Senpai,5
770,Steins;Gate,2
770,Made in Abyss,1
770,Dr. Stone,2
770,One Piece,2
771,Spy x Family,5
771,Frieren: Beyond Journey's End,4
771,Haikyu!!,5
771,Nichijou - My Ordinary Life,4
771,Mob Psycho 100,3
771,Bocchi the Rock!,4
771,The Apothecary Diaries,5
771,Ranking of Kings,4
771,Black Clover,1
771,Mashle: Magic and Muscles,4
771,Skip and Loafer,3
771,KONOSUBA -God's blessing on this wonderful world!,5
771,Assassination Classroom,5
771,Laid-Back Camp,5
771,Fire Force,2
771,Kuroko's Basketball,3
771,One-Punch Man,5
771,Gintama,4
771,Dr. Stone,5
771,Death Note,2
772,Spy x Family,4
772,Haikyu!!,4
772,Skip and Loafer,4
772,Attack on Titan,3
772,Frieren: Beyond Journey's End,4
772,Laid-Back Camp,4
772,Wind Breaker,2
772,Jujutsu Kaisen,3
772,The Apothecary Diaries,4
772,Ranking of Kings,5
772,Nichijou - My Ordinary Life,4
772,Bocchi the Rock!,5
772,Made in Abyss,2
772,Your Lie in April,2
772,Death Note,1
772,Dragon Ball Super,1
772,Dr. Stone,5
772,Clannad After Story,3
772,Mushishi,5
772,Steins;Gate,1
772,Gintama,2
772,Kuroko's Basketball,1
772,Naruto Shippuden,2
772,Fullmetal Alchemist: Brotherhood,2
772,Free! - Iwatobi Swim Club,2
773,Log Horizon,3
773,Rascal Does Not Dream of Bunny Girl Senpai,3
773,Mashle: Magic and Muscles,3
773,One Piece,2
773,Re:ZERO -Starting Life in Another World-,2
773,My Dress-Up Darling,3
773,Overlord,4
773,Fruits Basket,4
773,Dandadan,4
773,KONOSUBA -God's blessing on this wonderful world!,4
774,Frieren: Beyond Journey's End,5
774,Odd Taxi,2
774,The Apothecary Diaries,5
774,Yuri!!! on Ice,3
774,Bleach,2
774,Haikyu!!,5
774,Nichijou - My Ordinary Life,4
775,Steins;Gate,4
775,Odd Taxi,4
775,Code Geass,4
775,Vinland Saga,5
775,Erased,4
775,Hunter x Hunter,3
775,Gintama,4
775,Cowboy Bebop,4
775,Fullmetal Alchemist: Brotherhood,4
776,Rascal Does Not Dream of Bunny Girl Senpai,3
776,Assassination Classroom,3
776,Jujutsu Kaisen,5
776,Black Clover,4
776,Bleach,5
776,My Hero Academia,4
776,Demon Slayer: Kimetsu no Yaiba,5
776,Naruto Shippuden,5
776,One Piece,4
776,Made in Abyss,2
776,Hell's Paradise,4
776,Dragon Ball Super,5
777,Spy x Family,4
777,Neon Genesis Evangelion,3
777,Mashle: Magic and Muscles,5
777,Frieren: Beyond Journey's End,4
777,Fullmetal Alchemist: Brotherhood,5
777,Vinland Saga,4
777,Attack on Titan,4
777,Kaguya-sama: Love is War,4
777,Made in Abyss,3
777,Nichijou - My Ordinary Life,4
778,Cowboy Bebop,2
778,Odd Taxi,3
778,Psycho-Pass,4
778,Death Note,3
778,Banana Fish,4
778,Code Geass,3
778,The Apothecary Diaries,2
778,Steins;Gate,4
778,Rascal Does Not Dream of Bunny Girl Senpai,2
778,Solo Leveling,1
778,Attack on Titan,4
778,Erased,4
778,Bocchi the Rock!,2
778,The Promised Neverland,4
778,The Eminence in Shadow,2
778,Toradora!,1
778,One Piece,2
778,Bleach,1
778,Overlord,1
778,Kaguya-sama: Love is War,3
779,Erased,5
779,Cowboy Bebop,2
779,Steins;Gate,4
779,Fullmetal Alchemist: Brotherhood,3
779,The Promised Neverland,4
779,The Apothecary Diaries,3
779,Banana Fish,4
779,Code Geass,4
779,Kaguya-sama: Love is War,3
779,Psycho-Pass,4
779,Hunter x Hunter,2
779,Kuroko's Basketball,3
779,Odd Taxi,4
779,Attack on Titan,5
779,That Time I Got Reincarnated as a Slime,2
779,Death Note,4
779,Mashle: Magic and Muscles,3
779,Kaiju No. 8,3
779,Vinland Saga,2
779,My Dress-Up Darling,3
780,One Piece,1
780,Vinland Saga,3
780,KONOSUBA -God's blessing on this wonderful world!,3
780,Fullmetal Alchemist: Brotherhood,3
780,Steins;Gate,4
780,Chainsaw Man,2
780,Kaguya-sama: Love is War,4
780,Laid-Back Camp,3
780,Log Horizon,2
780,Bocchi the Rock!,3
780,Mushishi,4
780,Demon Slayer: Kimetsu no Yaiba,1
780,Mashle: Magic and Muscles,2
780,Banana Fish,4
780,Neon Genesis Evangelion,4
781,Haikyu!!,5
781,Blue Lock,5
781,Naruto Shippuden,4
781,Wind Breaker,5
781,Yuri!!! on Ice,5
781,The Apothecary Diaries,2
781,Kuroko's Basketball,4
781,Assassination Classroom,5
781,Frieren: Beyond Journey's End,3
781,Erased,3
781,Mob Psycho 100,3
781,Dandadan,3
781,Bocchi the Rock!,2
781,Overlord,3
781,My Hero Academia,3
781,Your Lie in April,3
781,Free! - Iwatobi Swim Club,4
781,Mashle: Magic and Muscles,2
781,Skip and Loafer,2
782,Odd Taxi,4
782,KONOSUBA -God's blessing on this wonderful world!,2
782,Banana Fish,5
782,Erased,5
782,Steins;Gate,4
782,Death Note,5
782,Dragon Ball Super,1
782,The Apothecary Diaries,5
782,Code Geass,4
782,That Time I Got Reincarnated as a Slime,3
783,Solo Leveling,5
783,Overlord,4
783,Yuri!!! on Ice,1
783,That Time I Got Reincarnated as a Slime,4
783,Mashle: Magic and Muscles,5
783,The Rising of the Shield Hero,4
783,Haikyu!!,3
783,Sword Art Online,3
783,Kaguya-sama: Love is War,3
783,The Eminence in Shadow,4
783,Re:ZERO -Starting Life in Another World-,4
783,KONOSUBA -God's blessing on this wonderful world!,4
783,Mushoku Tensei: Jobless Reincarnation,4
783,Log Horizon,3
783,Toradora!,1
783,Psycho-Pass,2
784,Kaguya-sama: Love is War,4
784,Dandadan,5
784,Clannad After Story,5
784,Spy x Family,5
784,The Apothecary Diaries,4
784,One Piece,2
784,Fruits Basket,4
784,Rascal Does Not Dream of Bunny Girl Senpai,5
784,Toradora!,5
784,My Dress-Up Darling,5
784,Your Lie in April,4
784,Vinland Saga,3
784,Dr. Stone,3
784,Horimiya,4
784,Banana Fish,2
784,Neon Genesis Evangelion,2
784,Naruto,2
784,Re:ZERO -Starting Life in Another World-,4
784,Made in Abyss,2
785,One Piece,4
785,Solo Leveling,4
785,Re:ZERO -Starting Life in Another World-,5
785,Demon Slayer: Kimetsu no Yaiba,5
785,Horimiya,2
785,The Eminence in Shadow,4
786,Overlord,5
786,The Rising of the Shield Hero,4
786,Mashle: Magic and Muscles,5
786,KONOSUBA -God's blessing on this wonderful world!,4
786,Made in Abyss,4
786,Cowboy Bebop,5
786,Clannad After Story,2
786,Vinland Saga,4
786,Fullmetal Alchemist: Brotherhood,5
786,Naruto Shippuden,3
786,Attack on Titan,5
787,Horimiya,4
787,Dr. Stone,4
787,Spy x Family,4
787,Nichijou - My Ordinary Life,3
787,Dandadan,4
787,Psycho-Pass,1
787,Your Lie in April,5
787,Kaguya-sama: Love is War,5
787,Frieren: Beyond Journey's End,5
787,Clannad After Story,4
787,Fruits Basket,5
787,Haikyu!!,5
787,Toradora!,4
788,Banana Fish,5
788,Code Geass,4
788,Steins;Gate,4
788,Hunter x Hunter,3
788,The Apothecary Diaries,5
788,Fire Force,2
788,Attack on Titan,3
788,Naruto,3
789,Attack on Titan,5
789,Overlord,3
789,Hunter x Hunter,3
789,Steins;Gate,5
789,Banana Fish,4
789,Psycho-Pass,4
789,Vinland Saga,3
789,The Apothecary Diaries,4
789,Odd Taxi,3
789,Death Note,5
789,Code Geass,5
789,Wind Breaker,2
789,Frieren: Beyond Journey's End,3
789,Erased,5
789,The Promised Neverland,5
789,Kaiju No. 8,2
789,Haikyu!!,3
789,Tokyo Ghoul,2
789,Demon Slayer: Kimetsu no Yaiba,3
789,Jujutsu Kaisen,2
789,That Time I Got Reincarnated as a Slime,1
789,Mushoku Tensei: Jobless Reincarnation,2
790,Kaguya-sama: Love is War,4
790,Horimiya,5
790,Fruits Basket,5
790,Dandadan,4
790,Clannad After Story,4
790,Rascal Does Not Dream of Bunny Girl Senpai,5
790,Toradora!,4
790,Steins;Gate,2
790,The Eminence in Shadow,2
790,Your Lie in April,4
790,My Dress-Up Darling,4
790,Demon Slayer: Kimetsu no Yaiba,3
790,Vinland Saga,2
790,My Hero Academia,2
790,Code Geass,3
790,Spy x Family,5
790,Mashle: Magic and Muscles,2
790,Naruto Shippuden,2
790,Gintama,3
790,Chainsaw Man,2
790,Ranking of Kings,2
790,Skip and Loafer,2
790,Kaiju No. 8,3
791,Fire Force,2
791,Steins;Gate,2
791,Yuri!!! on Ice,5
791,Wind Breaker,4
791,Haikyu!!,4
791,Assassination Classroom,4
791,Dragon Ball Super,1
791,Tokyo Ghoul,3
791,Kuroko's Basketball,5
791,Naruto,3
791,Odd Taxi,2
791,Blue Lock,3
791,Free! - Iwatobi Swim Club,4
791,Bocchi the Rock!,2
791,Jojo's Bizarre Adventure,2
791,One-Punch Man,3
791,Black Clover,3
791,Erased,2
791,One Piece,1
792,Spy x Family,4
792,The Apothecary Diaries,5
792,Dragon Ball Super,1
792,Ranking of Kings,3
792,Laid-Back Camp,4
792,Cowboy Bebop,2
792,Mushishi,2
792,Hunter x Hunter,3
792,Frieren: Beyond Journey's End,5
792,Dr. Stone,4
792,The Rising of the Shield Hero,2
792,Nichijou - My Ordinary Life,4
792,Bocchi the Rock!,4
792,Banana Fish,3
792,Skip and Loafer,4
792,Chainsaw Man,2
792,Hell's Paradise,2
792,Kuroko's Basketball,3
792,Fullmetal Alchemist: Brotherhood,2
792,Haikyu!!,4
792,Dandadan,3
792,Mob Psycho 100,2
792,Psycho-Pass,2
792,One-Punch Man,2
792,Black Clover,2
793,Bocchi the Rock!,4
793,Steins;Gate,3
793,That Time I Got Reincarnated as a Slime,5
793,Overlord,4
793,Re:ZERO -Starting Life in Another World-,5
793,Attack on Titan,4
793,One Piece,2
793,KONOSUBA -God's blessing on this wonderful world!,3
793,The Rising of the Shield Hero,5
793,Log Horizon,5
793,Nichijou - My Ordinary Life,2
793,The Eminence in Shadow,5
793,Mashle: Magic and Muscles,3
793,Your Lie in April,3
793,Mushoku Tensei: Jobless Reincarnation,4
793,Ranking of Kings,3
793,Solo Leveling,5
793,Sword Art Online,2
793,Code Geass,3
793,Clannad After Story,3
793,Haikyu!!,3
793,Bleach,2
793,Fullmetal Alchemist: Brotherhood,3
793,Frieren: Beyond Journey's End,3
793,Tokyo Ghoul,2
794,Mob Psycho 100,3
794,Assassination Classroom,3
794,Spy x Family,3
794,Bocchi the Rock!,4
794,Kaguya-sama: Love is War,4
794,Hunter x Hunter,2
794,Mushishi,1
794,Nichijou - My Ordinary Life,4
794,Death Note,2
794,Cowboy Bebop,2
794,Naruto Shippuden,2
794,Mushoku Tensei: Jobless Reincarnation,1
794,KONOSUBA -God's blessing on this wonderful world!,4
794,One-Punch Man,5
794,Fruits Basket,1
794,That Time I Got Reincarnated as a Slime,1
794,Toradora!,1
794,Laid-Back Camp,2
794,Mashle: Magic and Muscles,4
794,Dr. Stone,1
794,Gintama,4
794,Solo Leveling,2
794,Haikyu!!,2
794,Naruto,2
794,Dragon Ball Super,1
795,Dandadan,4
795,Horimiya,5
795,The Eminence in Shadow,3
795,The Rising of the Shield Hero,4
795,Mushoku Tensei: Jobless Reincarnation,5
795,Fruits Basket,5
795,My Dress-Up Darling,5
795,Spy x Family,4
795,Mashle: Magic and Muscles,4
795,Erased,3
795,Kaguya-sama: Love is War,5
795,Solo Leveling,5
795,Clannad After Story,5
795,Log Horizon,4
795,Dragon Ball Super,3
795,Fullmetal Alchemist: Brotherhood,3
795,Blue Lock,2
795,That Time I Got Reincarnated as a Slime,3
795,Nichijou - My Ordinary Life,3
795,Toradora!,5
795,KONOSUBA -God's blessing on this wonderful world!,4
795,Your Lie in April,3
795,Kuroko's Basketball,3
795,Overlord,4
796,Assassination Classroom,5
796,Yuri!!! on Ice,5
796,Attack on Titan,5
796,Erased,5
796,Mashle: Magic and Muscles,2
796,Blue Lock,4
796,The Promised Neverland,4
796,Kaguya-sama: Love is War,1
796,Haikyu!!,4
796,Odd Taxi,3
796,Wind Breaker,4
796,Steins;Gate,3
796,The Apothecary Diaries,4
796,Kuroko's Basketball,4
796,Death Note,3
796,Fruits Basket,3
796,Code Geass,4
796,Banana Fish,4
796,Free! - Iwatobi Swim Club,3
796,Psycho-Pass,5
796,That Time I Got Reincarnated as a Slime,2
796,Mob Psycho 100,2
796,Naruto Shippuden,1
797,Bocchi the Rock!,4
797,Kuroko's Basketball,5
797,Death Note,4
797,Wind Breaker,5
797,Kaguya-sama: Love is War,5
797,One-Punch Man,4
797,Haikyu!!,5
797,Nichijou - My Ordinary Life,5
797,Free! - Iwatobi Swim Club,4
797,Spy x Family,5
797,Mashle: Magic and Muscles,4
797,Gintama,5
797,Bleach,2
797,Yuri!!! on Ice,4
797,Tokyo Ghoul,2
797,Erased,3
797,Fruits Basket,2
797,Chainsaw Man,2
797,KONOSUBA -God's blessing on this wonderful world!,3
797,Odd Taxi,2
798,Code Geass,4
798,One Piece,4
798,Naruto Shippuden,3
798,Solo Leveling,4
798,Dragon Ball Super,3
798,Chainsaw Man,4
798,Gintama,2
798,The Rising of the Shield Hero,2
798,Fire Force,4
798,Demon Slayer: Kimetsu no Yaiba,3
798,KONOSUBA -God's blessing on this wonderful world!,3
798,Bleach,4
798,Jojo's Bizarre Adventure,5
798,Hell's Paradise,4
798,Dandadan,4
798,Odd Taxi,4
798,Kaiju No. 8,4
798,Naruto,5
798,The Promised Neverland,4
798,The Apothecary Diaries,5
798,Death Note,4
798,Wind Breaker,5
798,My Dress-Up Darling,1
799,My Dress-Up Darling,4
799,Clannad After Story,4
799,Neon Genesis Evangelion,3
799,Bocchi the Rock!,5
799,Fire Force,2
799,Kaguya-sama: Love is War,5
799,Toradora!,5
799,Banana Fish,3
799,One-Punch Man,5
800,Fruits Basket,4
800,Kaguya-sama: Love is War,5
800,My Dress-Up Darling,4
800,Clannad After Story,4
800,Dr. Stone,2
800,Attack on Titan,3
801,Kaguya-sama: Love is War,5
801,Mob Psycho 100,5
801,Steins;Gate,4
801,The Promised Neverland,4
801,Dandadan,3
801,Spy x Family,5
801,Attack on Titan,4
801,Banana Fish,3
801,Code Geass,4
801,Bocchi the Rock!,4
801,Mashle: Magic and Muscles,3
801,One-Punch Man,4
801,Horimiya,2
801,The Apothecary Diaries,5
801,KONOSUBA -God's blessing on this wonderful world!,4
801,Psycho-Pass,4
801,Odd Taxi,4
801,Assassination Classroom,4
801,Gintama,4
801,Blue Lock,2
801,Naruto Shippuden,1
801,Death Note,4
802,Fullmetal Alchemist: Brotherhood,5
802,Gintama,3
802,Hunter x Hunter,4
802,Frieren: Beyond Journey's End,4
802,Attack on Titan,3
802,Cowboy Bebop,4
802,Banana Fish,4
802,Made in Abyss,5
802,Mushoku Tensei: Jobless Reincarnation,2
802,Vinland Saga,4
802,Chainsaw Man,2
802,Rascal Does Not Dream of Bunny Girl Senpai,2
802,Assassination Classroom,3
802,Mashle: Magic and Muscles,3
802,Neon Genesis Evangelion,3
802,Mushishi,5
802,Tokyo Ghoul,1
802,Haikyu!!,2
802,Black Clover,3
802,Laid-Back Camp,3
802,Steins;Gate,4
803,My Dress-Up Darling,3
803,Demon Slayer: Kimetsu no Yaiba,2
803,Assassination Classroom,5
803,Mashle: Magic and Muscles,3
803,Bocchi the Rock!,5
803,Kaguya-sama: Love is War,4
803,One-Punch Man,4
803,Haikyu!!,3
803,Re:ZERO -Starting Life in Another World-,1
803,KONOSUBA -God's blessing on this wonderful world!,4
803,Spy x Family,4
803,Mob Psycho 100,4
804,My Hero Academia,4
804,Fire Force,4
804,Neon Genesis Evangelion,3
804,Black Clover,4
804,Code Geass,2
804,Kaiju No. 8,4
804,One Piece,4
804,Jujutsu Kaisen,5
804,Naruto Shippuden,4
804,Dragon Ball Super,4
804,Laid-Back Camp,3
804,Chainsaw Man,4
804,Bleach,5
804,Psycho-Pass,3
804,Demon Slayer: Kimetsu no Yaiba,5
804,Dandadan,4
805,Steins;Gate,2
805,Kaguya-sama: Love is War,3
805,The Rising of the Shield Hero,1
805,Yuri!!! on Ice,4
805,Kuroko's Basketball,3
805,Solo Leveling,2
805,Vinland Saga,2
805,Assassination Classroom,4
805,Sword Art Online,1
805,Haikyu!!,4
806,Free! - Iwatobi Swim Club,3
806,Solo Leveling,5
806,Steins;Gate,3
806,KONOSUBA -God's blessing on this wonderful world!,5
806,Assassination Classroom,3
806,Mushoku Tensei: Jobless Reincarnation,5
806,One-Punch Man,3
806,Overlord,4
806,Cowboy Bebop,2
806,Kaguya-sama: Love is War,3
806,That Time I Got Reincarnated as a Slime,5
806,My Dress-Up Darling,2
806,The Apothecary Diaries,4
807,Rascal Does Not Dream of Bunny Girl Senpai,4
807,Death Note,3
807,Fruits Basket,5
807,Dandadan,5
807,Kaguya-sama: Love is War,5
807,Your Lie in April,5
807,Toradora!,5
807,Clannad After Story,5
807,Horimiya,5
807,Odd Taxi,3
807,Black Clover,2
808,Frieren: Beyond Journey's End,5
808,Jujutsu Kaisen,4
808,Vinland Saga,4
808,Made in Abyss,5
808,Steins;Gate,5
808,Jojo's Bizarre Adventure,3
808,Cowboy Bebop,4
808,Attack on Titan,4
809,Kaguya-sama: Love is War,4
809,Fullmetal Alchemist: Brotherhood,3
809,Gintama,5
809,Nichijou - My Ordinary Life,4
809,Dr. Stone,2
809,Fruits Basket,3
809,Bocchi the Rock!,4
809,KONOSUBA -God's blessing on this wonderful world!,3
809,Chainsaw Man,1
809,That Time I Got Reincarnated as a Slime,2
809,Tokyo Ghoul,2
809,Assassination Classroom,4
809,One-Punch Man,4
809,Ranking of Kings,3
809,Spy x Family,5
809,Mob Psycho 100,4
809,Dragon Ball Super,2
809,Jojo's Bizarre Adventure,2
809,Banana Fish,2
809,Clannad After Story,1
809,Mashle: Magic and Muscles,5
809,Psycho-Pass,2
810,Dandadan,3
810,Solo Leveling,3
810,Rascal Does Not Dream of Bunny Girl Senpai,3
810,Clannad After Story,4
810,Mushoku Tensei: Jobless Reincarnation,3
810,Horimiya,3
810,Toradora!,3
810,Kaguya-sama: Love is War,3
810,KONOSUBA -God's blessing on this wonderful world!,3
810,Free! - Iwatobi Swim Club,1
810,Black Clover,2
810,Fruits Basket,3
810,The Eminence in Shadow,3
810,Mashle: Magic and Muscles,3
810,The Rising of the Shield Hero,3
810,Overlord,3
810,Sword Art Online,2
810,Spy x Family,4
810,Cowboy Bebop,2
810,Bleach,1
810,Re:ZERO -Starting Life in Another World-,4
810,Laid-Back Camp,2
810,Log Horizon,3
810,That Time I Got Reincarnated as a Slime,4
810,Your Lie in April,3
811,Demon Slayer: Kimetsu no Yaiba,3
811,Bocchi the Rock!,3
811,Mashle: Magic and Muscles,4
811,Mob Psycho 100,4
811,Assassination Classroom,4
811,Fruits Basket,2
811,KONOSUBA -God's blessing on this wonderful world!,4
811,Blue Lock,2
811,Your Lie in April,2
811,Gintama,4
811,Nichijou - My Ordinary Life,4
811,Kaguya-sama: Love is War,5
811,Spy x Family,5
811,Erased,2
811,One-Punch Man,4
811,Laid-Back Camp,2
811,Mushoku Tensei: Jobless Reincarnation,2
811,My Hero Academia,2
811,One Piece,2
811,Horimiya,2
811,Code Geass,2
812,Odd Taxi,5
812,Steins;Gate,4
812,Attack on Titan,5
812,The Promised Neverland,5
812,The Apothecary Diaries,5
812,Your Lie in April,4
812,Erased,5
812,Death Note,5
812,Code Geass,4
812,Dr. Stone,2
812,Psycho-Pass,5
812,Banana Fish,5
812,One-Punch Man,3
812,Hell's Paradise,3
812,My Hero Academia,3
812,Black Clover,3
812,Haikyu!!,3
812,One Piece,3
812,Vinland Saga,4
812,Yuri!!! on Ice,3
812,Overlord,3
812,Chainsaw Man,4
812,Gintama,5
812,Skip and Loafer,3
813,Assassination Classroom,4
813,Mashle: Magic and Muscles,4
813,Mob Psycho 100,4
813,Rascal Does Not Dream of Bunny Girl Senpai,2
813,My Hero Academia,3
813,Gintama,5
813,Spy x Family,5
813,Psycho-Pass,2
813,Kaguya-sama: Love is War,5
813,Hunter x Hunter,2
813,That Time I Got Reincarnated as a Slime,3
813,One-Punch Man,5
813,Horimiya,3
813,Made in Abyss,3
813,Nichijou - My Ordinary Life,5
813,KONOSUBA -God's blessing on this wonderful world!,5
813,Wind Breaker,2
814,Kaiju No. 8,5
814,Free! - Iwatobi Swim Club,2
814,Dandadan,5
814,Dr. Stone,2
814,Black Clover,4
814,Jojo's Bizarre Adventure,5
814,Jujutsu Kaisen,5
814,My Hero Academia,4
814,Naruto Shippuden,5
814,Tokyo Ghoul,1
814,Solo Leveling,4
814,One Piece,5
814,Wind Breaker,5
814,Demon Slayer: Kimetsu no Yaiba,5
814,Frieren: Beyond Journey's End,3
814,Bleach,4
814,Fire Force,3
814,Your Lie in April,2
814,Dragon Ball Super,5
814,Chainsaw Man,5
815,Bocchi the Rock!,4
815,Dr. Stone,4
815,Fire Force,2
815,The Apothecary Diaries,5
815,Laid-Back Camp,4
815,Mushishi,4
815,Fullmetal Alchemist: Brotherhood,2
815,Erased,2
816,Kaiju No. 8,5
816,My Hero Academia,5
816,Black Clover,5
816,Dandadan,4
816,Gintama,3
816,Jojo's Bizarre Adventure,5
816,Demon Slayer: Kimetsu no Yaiba,4
816,Chainsaw Man,5
816,One Piece,5
816,Haikyu!!,4
816,Solo Leveling,5
816,Dragon Ball Super,4
816,Naruto,4
816,Hell's Paradise,4
817,Attack on Titan,3
817,Haikyu!!,3
817,Psycho-Pass,3
817,Bocchi the Rock!,4
817,Skip and Loafer,4
817,Erased,3
817,The Apothecary Diaries,4
817,Frieren: Beyond Journey's End,4
817,The Promised Neverland,3
817,Spy x Family,3
817,Steins;Gate,5
817,Death Note,4
817,Laid-Back Camp,4
817,Ranking of Kings,4
817,Mushishi,4
817,Odd Taxi,4
817,Demon Slayer: Kimetsu no Yaiba,2
817,Code Geass,5
817,Dr. Stone,3
817,The Rising of the Shield Hero,2
817,Mashle: Magic and Muscles,1
817,Your Lie in April,1
817,Fullmetal Alchemist: Brotherhood,3
818,Solo Leveling,5
818,The Rising of the Shield Hero,3
818,The Eminence in Shadow,5
818,Spy x Family,5
818,Your Lie in April,5
818,Mashle: Magic and Muscles,5
819,Frieren: Beyond Journey's End,4
819,Naruto,3
819,Wind Breaker,5
819,Chainsaw Man,4
819,Dragon Ball Super,3
819,Solo Leveling,5
819,Gintama,4
819,Mushishi,3
819,One Piece,5
819,Naruto Shippuden,3
819,Jujutsu Kaisen,4
819,Fullmetal Alchemist: Brotherhood,4
819,Jojo's Bizarre Adventure,3
819,Hell's Paradise,3
819,Made in Abyss,4
819,Cowboy Bebop,3
819,Dandadan,5
819,Neon Genesis Evangelion,4
819,Demon Slayer: Kimetsu no Yaiba,4
819,My Hero Academia,3
819,Attack on Titan,5
820,Attack on Titan,5
820,Jujutsu Kaisen,3
820,Fullmetal Alchemist: Brotherhood,5
820,Cowboy Bebop,4
820,Banana Fish,4
820,Gintama,5
820,Mushishi,4
820,Frieren: Beyond Journey's End,4
820,Psycho-Pass,3
820,Neon Genesis Evangelion,4
820,Sword Art Online,2
820,Steins;Gate,4
820,Horimiya,4
820,Kaguya-sama: Love is War,3
820,Mushoku Tensei: Jobless Reincarnation,3
820,Hunter x Hunter,4
820,Wind Breaker,3
821,Spy x Family,4
821,One-Punch Man,4
821,Death Note,2
821,Bocchi the Rock!,4
821,Hell's Paradise,2
821,Kaguya-sama: Love is War,4
821,Mob Psycho 100,4
821,Hunter x Hunter,2
821,Assassination Classroom,3
821,Nichijou - My Ordinary Life,4
821,Black Clover,2
821,Gintama,4
821,Fruits Basket,2
821,KONOSUBA -God's blessing on this wonderful world!,4
821,Toradora!,3
821,Jujutsu Kaisen,2
821,My Hero Academia,2
821,Odd Taxi,2
821,Skip and Loafer,2
821,Mashle: Magic and Muscles,5
821,The Promised Neverland,3
821,Free! - Iwatobi Swim Club,2
821,Blue Lock,2
821,Banana Fish,2
821,Frieren: Beyond Journey's End,2
822,My Dress-Up Darling,5
822,Your Lie in April,3
822,Clannad After Story,4
822,Fruits Basket,4
822,Vinland Saga,3
822,Mushishi,2
822,Spy x Family,3
822,Toradora!,3
822,Solo Leveling,2
822,Mob Psycho 100,2
822,Neon Genesis Evangelion,1
822,Rascal Does Not Dream of Bunny Girl Senpai,3
822,Horimiya,4
822,The Eminence in Shadow,3
822,Kaguya-sama: Love is War,4
822,Made in Abyss,3
822,The Apothecary Diaries,2
822,Jojo's Bizarre Adventure,2
822,Dandadan,5
823,Naruto Shippuden,1
823,The Apothecary Diaries,4
823,Mashle: Magic and Muscles,4
823,Odd Taxi,3
823,Haikyu!!,1
823,Rascal Does Not Dream of Bunny Girl Senpai,1
823,Erased,4
823,Attack on Titan,4
823,That Time I Got Reincarnated as a Slime,3
823,Dragon Ball Super,2
823,Laid-Back Camp,2
823,Death Note,4
823,Made in Abyss,1
824,That Time I Got Reincarnated as a Slime,3
824,Your Lie in April,2
824,Attack on Titan,5
824,Steins;Gate,3
824,Hunter x Hunter,3
824,Mushoku Tensei: Jobless Reincarnation,4
824,Vinland Saga,3
824,Banana Fish,3
824,Solo Leveling,4
824,Log Horizon,3
824,Mushishi,3
824,Cowboy Bebop,5
824,Gintama,3
824,Fullmetal Alchemist: Brotherhood,3
824,Re:ZERO -Starting Life in Another World-,5
824,The Rising of the Shield Hero,4
824,The Eminence in Shadow,4
824,Overlord,3
825,The Promised Neverland,4
825,Solo Leveling,5
825,Mashle: Magic and Muscles,5
825,Dragon Ball Super,2
825,KONOSUBA -God's blessing on this wonderful world!,5
825,The Rising of the Shield Hero,5
825,Log Horizon,4
825,The Eminence in Shadow,5
825,Dr. Stone,3
825,Code Geass,3
825,Overlord,4
825,Sword Art Online,4
825,Re:ZERO -Starting Life in Another World-,5
825,That Time I Got Reincarnated as a Slime,5
825,Tokyo Ghoul,1
825,Mushoku Tensei: Jobless Reincarnation,4
825,Hunter x Hunter,3
825,Bocchi the Rock!,2
825,One-Punch Man,2
825,Fullmetal Alchemist: Brotherhood,3
825,Naruto Shippuden,3
825,Cowboy Bebop,2
825,Wind Breaker,3
825,Toradora!,3
826,Jujutsu Kaisen,3
826,KONOSUBA -God's blessing on this wonderful world!,5
826,Mushoku Tensei: Jobless Reincarnation,5
826,Frieren: Beyond Journey's End,2
826,Re:ZERO -Starting Life in Another World-,5
826,Fire Force,2
826,Log Horizon,4
826,The Apothecary Diaries,2
826,Sword Art Online,5
826,The Rising of the Shield Hero,3
827,Overlord,4
827,Mashle: Magic and Muscles,5
827,The Rising of the Shield Hero,4
827,Kuroko's Basketball,2
827,Solo Leveling,4
827,Rascal Does Not Dream of Bunny Girl Senpai,3
827,Re:ZERO -Starting Life in Another World-,4
827,That Time I Got Reincarnated as a Slime,5
827,The Eminence in Shadow,4
828,Kuroko's Basketball,4
828,Wind Breaker,4
828,Haikyu!!,5
828,One Piece,3
828,Yuri!!! on Ice,5
828,Blue Lock,5
828,Attack on Titan,3
828,Black Clover,3
828,Assassination Classroom,4
828,Clannad After Story,5
828,Free! - Iwatobi Swim Club,3
828,Horimiya,2
828,The Promised Neverland,2
828,Mushoku Tensei: Jobless Reincarnation,4
828,Mushishi,2
828,Dr. Stone,3
828,Banana Fish,2
828,Fire Force,2
828,Mob Psycho 100,3
828,Fruits Basket,2
828,Bleach,2
828,One-Punch Man,3
828,Skip and Loafer,4
828,Death Note,2
828,Made in Abyss,2
829,Spy x Family,4
829,Skip and Loafer,3
829,Code Geass,4
829,Nichijou - My Ordinary Life,3
829,Steins;Gate,4
829,Banana Fish,5
829,Laid-Back Camp,4
829,The Apothecary Diaries,3
829,Erased,4
829,Demon Slayer: Kimetsu no Yaiba,2
830,Laid-Back Camp,4
830,Mushishi,4
830,Ranking of Kings,5
830,Skip and Loafer,4
830,Frieren: Beyond Journey's End,4
830,Bocchi the Rock!,4
830,Nichijou - My Ordinary Life,4
830,Dr. Stone,4
830,The Apothecary Diaries,4
830,Spy x Family,3
830,Haikyu!!,3
830,Dandadan,3
830,Fullmetal Alchemist: Brotherhood,2
830,Naruto Shippuden,1
830,Clannad After Story,3
830,Toradora!,3
830,Wind Breaker,2
830,Free! - Iwatobi Swim Club,2
830,Code Geass,2
830,Fruits Basket,1
830,Odd Taxi,3
830,Steins;Gate,3
831,Banana Fish,4
831,One Piece,4
831,Code Geass,5
831,Psycho-Pass,3
831,Erased,4
831,Steins;Gate,5
832,KONOSUBA -God's blessing on this wonderful world!,3
832,Fullmetal Alchemist: Brotherhood,4
832,Mushishi,5
832,Mashle: Magic and Muscles,5
832,Hunter x Hunter,5
832,Kaguya-sama: Love is War,4
832,Mob Psycho 100,5
832,Vinland Saga,5
832,Frieren: Beyond Journey's End,4
832,Gintama,4
832,Nichijou - My Ordinary Life,5
832,Neon Genesis Evangelion,3
832,Steins;Gate,4
832,Kuroko's Basketball,2
832,Banana Fish,3
832,Spy x Family,4
832,Bleach,2
832,Wind Breaker,3
832,One-Punch Man,5
832,The Eminence in Shadow,3
833,Yuri!!! on Ice,3
833,Assassination Classroom,4
833,Hunter x Hunter,3
833,Haikyu!!,4
833,Bocchi the Rock!,2
833,Blue Lock,3
833,Jujutsu Kaisen,2
833,Wind Breaker,3
833,Skip and Loafer,1
833,The Eminence in Shadow,1
834,Fullmetal Alchemist: Brotherhood,5
834,Yuri!!! on Ice,5
834,Made in Abyss,5
834,Mushishi,5
834,Banana Fish,5
834,Neon Genesis Evangelion,5
834,Haikyu!!,5
834,Laid-Back Camp,3
834,Spy x Family,3
834,Attack on Titan,5
835,Hunter x Hunter,4
835,KONOSUBA -God's blessing on this wonderful world!,5
835,Steins;Gate,4
835,Fullmetal Alchemist: Brotherhood,3
835,Bocchi the Rock!,4
835,Assassination Classroom,4
835,Mob Psycho 100,3
835,Cowboy Bebop,3
835,Nichijou - My Ordinary Life,3
835,Mushishi,3
835,Frieren: Beyond Journey's End,4
835,Kaguya-sama: Love is War,3
835,Spy x Family,4
835,Attack on Titan,4
835,One-Punch Man,3
835,Naruto Shippuden,2
836,One-Punch Man,5
836,Kaguya-sama: Love is War,4
836,Gintama,4
836,Mashle: Magic and Muscles,3
836,That Time I Got Reincarnated as a Slime,3
836,Nichijou - My Ordinary Life,5
836,Ranking of Kings,2
836,KONOSUBA -God's blessing on this wonderful world!,4
836,Mob Psycho 100,3
836,Spy x Family,5
836,Overlord,2
836,Sword Art Online,1
836,Bocchi the Rock!,5
836,Neon Genesis Evangelion,1
836,Vinland Saga,2
836,Assassination Classroom,4
837,Spy x Family,5
837,One-Punch Man,5
837,Assassination Classroom,5
837,Bocchi the Rock!,5
837,Gintama,5
837,Naruto Shippuden,4
837,KONOSUBA -God's blessing on this wonderful world!,5
837,Mashle: Magic and Muscles,5
837,Nichijou - My Ordinary Life,5
837,Mob Psycho 100,5
837,Kaguya-sama: Love is War,5
837,Chainsaw Man,4
837,Attack on Titan,5
837,Kaiju No. 8,4
837,That Time I Got Reincarnated as a Slime,4
837,Yuri!!! on Ice,4
837,Wind Breaker,4
837,Cowboy Bebop,5
837,Your Lie in April,4
837,Demon Slayer: Kimetsu no Yaiba,4
837,The Rising of the Shield Hero,4
837,Jujutsu Kaisen,4
837,Dandadan,4
837,Death Note,4
838,One-Punch Man,2
838,KONOSUBA -God's blessing on this wonderful world!,4
838,Mashle: Magic and Muscles,3
838,Overlord,4
838,Gintama,4
838,Fullmetal Alchemist: Brotherhood,4
838,Re:ZERO -Starting Life in Another World-,4
838,Cowboy Bebop,4
838,Solo Leveling,4
838,Hunter x Hunter,4
838,Vinland Saga,4
838,Banana Fish,3
838,Steins;Gate,5
839,Demon Slayer: Kimetsu no Yaiba,2
839,Fruits Basket,4
839,Horimiya,4
839,My Dress-Up Darling,4
839,Toradora!,3
839,Bocchi the Rock!,2
839,Your Lie in April,4
839,Kaguya-sama: Love is War,5
839,Cowboy Bebop,1
839,Spy x Family,5
839,Dandadan,4
840,Wind Breaker,4
840,Toradora!,4
840,My Dress-Up Darling,5
840,Spy x Family,4
840,Horimiya,4
840,Clannad After Story,5
840,Fruits Basket,5
840,Haikyu!!,4
840,Your Lie in April,4
840,Yuri!!! on Ice,5
840,Kuroko's Basketball,5
840,Dandadan,4
841,Overlord,3
841,Dr. Stone,2
841,Mushoku Tensei: Jobless Reincarnation,3
841,Bleach,1
841,Mashle: Magic and Muscles,3
841,Solo Leveling,4
842,Fire Force,5
842,Dragon Ball Super,4
842,Kaiju No. 8,4
842,Demon Slayer: Kimetsu no Yaiba,5
842,Jojo's Bizarre Adventure,4
842,Naruto,4
842,Solo Leveling,5
842,Bleach,5
842,Dandadan,5
842,Wind Breaker,5
842,My Hero Academia,5
842,Jujutsu Kaisen,4
842,Black Clover,5
842,Bocchi the Rock!,3
843,Mashle: Magic and Muscles,3
843,Blue Lock,2
843,Free! - Iwatobi Swim Club,4
843,Haikyu!!,4
843,Assassination Classroom,4
843,Kuroko's Basketball,4
843,Yuri!!! on Ice,5
843,Wind Breaker,5
843,Steins;Gate,3
843,Kaiju No. 8,2
843,Erased,4
843,Bleach,2
843,Dandadan,3
843,Vinland Saga,4
843,Psycho-Pass,2
844,Laid-Back Camp,5
844,Bocchi the Rock!,5
844,Kaguya-sama: Love is War,4
844,Jujutsu Kaisen,3
844,Assassination Classroom,4
844,Mashle: Magic and Muscles,4
844,Nichijou - My Ordinary Life,3
844,Haikyu!!,5
844,Dr. Stone,5
844,Spy x Family,4
844,Skip and Loafer,5
844,KONOSUBA -God's blessing on this wonderful world!,5
844,The Apothecary Diaries,4
844,One Piece,1
844,Cowboy Bebop,3
844,Jojo's Bizarre Adventure,2
844,Mushishi,4
844,Ranking of Kings,4
844,That Time I Got Reincarnated as a Slime,2
844,Frieren: Beyond Journey's End,5
844,Naruto Shippuden,2
844,Chainsaw Man,3
844,Gintama,5
844,One-Punch Man,5
844,Mob Psycho 100,5
845,Bocchi the Rock!,3
845,Dandadan,5
845,Rascal Does Not Dream of Bunny Girl Senpai,4
845,Spy x Family,4
845,Your Lie in April,4
845,One-Punch Man,4
845,Toradora!,4
845,Assassination Classroom,5
845,Fruits Basket,3
845,Mob Psycho 100,4
845,Mashle: Magic and Muscles,4
845,My Dress-Up Darling,4
845,Jujutsu Kaisen,3
845,Skip and Loafer,3
845,Gintama,4
845,Kaguya-sama: Love is War,4
845,KONOSUBA -God's blessing on this wonderful world!,4
845,The Apothecary Diaries,3
845,Horimiya,4
845,Clannad After Story,3
846,KONOSUBA -God's blessing on this wonderful world!,5
846,Mushoku Tensei: Jobless Reincarnation,4
846,Solo Leveling,4
846,Gintama,2
846,The Rising of the Shield Hero,4
846,Mushishi,4
846,Fullmetal Alchemist: Brotherhood,3
846,Re:ZERO -Starting Life in Another World-,5
846,That Time I Got Reincarnated as a Slime,5
846,Mashle: Magic and Muscles,5
846,Dr. Stone,2
846,Log Horizon,5
846,One-Punch Man,2
846,Skip and Loafer,3
846,Naruto Shippuden,3
847,Haikyu!!,4
847,Steins;Gate,4
847,Laid-Back Camp,5
847,Skip and Loafer,3
847,Banana Fish,3
847,Death Note,4
847,Dr. Stone,4
847,Nichijou - My Ordinary Life,4
847,Odd Taxi,4
847,Fruits Basket,3
847,Psycho-Pass,3
847,Code Geass,3
847,Spy x Family,4
847,Frieren: Beyond Journey's End,4
848,Fruits Basket,4
848,Clannad After Story,4
848,My Dress-Up Darling,4
848,Spy x Family,4
848,Horimiya,3
848,Dandadan,4
848,Kaguya-sama: Love is War,4
848,Your Lie in April,3
848,Toradora!,4
848,Jojo's Bizarre Adventure,1
848,Rascal Does Not Dream of Bunny Girl Senpai,3
848,Haikyu!!,2
848,Demon Slayer: Kimetsu no Yaiba,2
848,Fullmetal Alchemist: Brotherhood,2
848,Re:ZERO -Starting Life in Another World-,1
848,Yuri!!! on Ice,2
848,Mushishi,2
849,The Promised Neverland,3
849,Mashle: Magic and Muscles,5
849,Bocchi the Rock!,5
849,Code Geass,4
849,Kaguya-sama: Love is War,3
849,Mob Psycho 100,4
849,Erased,5
849,Assassination Classroom,4
849,Banana Fish,4
849,Psycho-Pass,4
849,Nichijou - My Ordinary Life,4
849,Steins;Gate,4
849,That Time I Got Reincarnated as a Slime,3
849,Death Note,5
849,Spy x Family,4
849,The Apothecary Diaries,5
849,The Eminence in Shadow,3
849,Attack on Titan,5
849,Odd Taxi,5
849,Hell's Paradise,2
849,Gintama,5
850,Rascal Does Not Dream of Bunny Girl Senpai,5
850,Mushoku Tensei: Jobless Reincarnation,4
850,Kaguya-sama: Love is War,5
850,That Time I Got Reincarnated as a Slime,5
850,Spy x Family,5
850,Clannad After Story,4
850,Overlord,4
850,Fruits Basket,5
850,Sword Art Online,5
850,Re:ZERO -Starting Life in Another World-,5
850,Your Lie in April,5
850,My Dress-Up Darling,4
850,Gintama,2
850,Laid-Back Camp,4
850,One-Punch Man,2
850,Toradora!,4
850,Dandadan,5
850,KONOSUBA -God's blessing on this wonderful world!,5
850,Erased,2
850,Mashle: Magic and Muscles,5
851,Haikyu!!,4
851,Spy x Family,5
851,Fullmetal Alchemist: Brotherhood,2
851,Frieren: Beyond Journey's End,5
851,Skip and Loafer,4
851,The Rising of the Shield Hero,4
851,That Time I Got Reincarnated as a Slime,5
851,Fruits Basket,3
851,Mushoku Tensei: Jobless Reincarnation,4
851,Nichijou - My Ordinary Life,4
851,Dr. Stone,5
852,Mushishi,4
852,Frieren: Beyond Journey's End,3
852,Fullmetal Alchemist: Brotherhood,3
852,Cowboy Bebop,3
852,Attack on Titan,4
852,Gintama,5
853,Steins;Gate,5
853,Spy x Family,2
853,Haikyu!!,5
853,Assassination Classroom,4
853,Odd Taxi,4
853,Kuroko's Basketball,5
854,Chainsaw Man,4
854,My Hero Academia,4
854,Hunter x Hunter,4
854,Spy x Family,2
854,Hell's Paradise,4
854,Fullmetal Alchemist: Brotherhood,5
854,Dandadan,4
854,Cowboy Bebop,4
854,Jojo's Bizarre Adventure,5
854,Made in Abyss,3
854,Vinland Saga,5
854,Neon Genesis Evangelion,3
854,Attack on Titan,5
854,Jujutsu Kaisen,4
854,Demon Slayer: Kimetsu no Yaiba,4
854,Gintama,5
854,Naruto,4
854,Mushishi,4
855,Kaguya-sama: Love is War,4
855,Naruto Shippuden,2
855,One-Punch Man,1
855,Toradora!,3
855,Blue Lock,2
855,Kaiju No. 8,1
855,Your Lie in April,4
855,Dandadan,4
855,Horimiya,4
855,Spy x Family,3
855,My Dress-Up Darling,4
855,Sword Art Online,1
855,Steins;Gate,2
855,Fruits Basket,3
855,Rascal Does Not Dream of Bunny Girl Senpai,4
855,Death Note,1
855,That Time I Got Reincarnated as a Slime,2
855,Log Horizon,2
855,Jujutsu Kaisen,3
855,Frieren: Beyond Journey's End,1
855,Odd Taxi,1
855,Black Clover,2
855,Clannad After Story,4
855,The Apothecary Diaries,2
855,Gintama,1
856,Jujutsu Kaisen,5
856,Dandadan,4
856,Naruto Shippuden,5
856,Mashle: Magic and Muscles,2
856,Kaiju No. 8,4
856,Dragon Ball Super,3
856,Code Geass,1
856,One Piece,3
856,Solo Leveling,4
856,Demon Slayer: Kimetsu no Yaiba,4
856,Skip and Loafer,1
856,My Hero Academia,4
856,Black Clover,4
856,Naruto,4
856,Haikyu!!,2
856,Jojo's Bizarre Adventure,4
856,Fire Force,3
856,Wind Breaker,4
856,Hell's Paradise,4
856,Chainsaw Man,4
856,Frieren: Beyond Journey's End,3
856,Bleach,4
856,Fruits Basket,2
856,Steins;Gate,2
856,Erased,2
857,The Apothecary Diaries,5
857,Code Geass,4
857,Death Note,5
857,Attack on Titan,4
857,The Promised Neverland,5
857,Ranking of Kings,3
857,Steins;Gate,4
857,Kuroko's Basketball,3
857,Erased,5
858,Steins;Gate,2
858,Mob Psycho 100,4
858,One Piece,4
858,Spy x Family,4
858,Naruto Shippuden,4
858,Jujutsu Kaisen,4
858,Kaiju No. 8,3
858,Dandadan,4
858,Mashle: Magic and Muscles,4
858,One-Punch Man,3
858,Wind Breaker,3
858,Black Clover,4
858,KONOSUBA -God's blessing on this wonderful world!,4
859,One-Punch Man,2
859,Spy x Family,3
859,Ranking of Kings,4
859,Nichijou - My Ordinary Life,4
859,The Apothecary Diaries,5
859,Kaguya-sama: Love is War,2
859,Skip and Loafer,4
859,Haikyu!!,4
859,Dr. Stone,4
859,Wind Breaker,1
859,Frieren: Beyond Journey's End,4
859,Toradora!,2
859,Bocchi the Rock!,3
859,Laid-Back Camp,5
860,Spy x Family,4
860,Skip and Loafer,4
860,The Apothecary Diaries,5
860,Re:ZERO -Starting Life in Another World-,1
860,Toradora!,2
860,Laid-Back Camp,4
860,Code Geass,2
860,Steins;Gate,2
860,Bocchi the Rock!,4
860,Mushoku Tensei: Jobless Reincarnation,3
860,Frieren: Beyond Journey's End,4
860,Dr. Stone,4
860,Haikyu!!,5
860,Your Lie in April,2
860,Solo Leveling,2
860,Mushishi,4
860,One-Punch Man,2
860,Ranking of Kings,3
860,Nichijou - My Ordinary Life,3
860,Fullmetal Alchemist: Brotherhood,2
860,Jojo's Bizarre Adventure,2
860,One Piece,3
860,Rascal Does Not Dream of Bunny Girl Senpai,1
860,Clannad After Story,1
861,Assassination Classroom,4
861,Demon Slayer: Kimetsu no Yaiba,3
861,Re:ZERO -Starting Life in Another World-,1
861,Bocchi the Rock!,4
861,One-Punch Man,3
861,Gintama,4
862,Jujutsu Kaisen,5
862,Dragon Ball Super,5
862,Fire Force,5
862,Hell's Paradise,5
862,The Apothecary Diaries,5
862,Odd Taxi,4
862,Code Geass,5
862,Kaguya-sama: Love is War,2
862,Death Note,4
862,The Rising of the Shield Hero,1
862,Steins;Gate,5
862,Chainsaw Man,5
862,Black Clover,5
862,Wind Breaker,4
862,Banana Fish,5
862,Naruto Shippuden,5
863,Bocchi the Rock!,4
863,One-Punch Man,3
863,Solo Leveling,4
863,That Time I Got Reincarnated as a Slime,5
863,Assassination Classroom,4
863,Sword Art Online,3
863,The Eminence in Shadow,4
863,Log Horizon,4
863,Nichijou - My Ordinary Life,4
863,KONOSUBA -God's blessing on this wonderful world!,4
863,Mashle: Magic and Muscles,3
864,Vinland Saga,5
864,Cowboy Bebop,5
864,Steins;Gate,5
864,Haikyu!!,4
864,Wind Breaker,5
864,Frieren: Beyond Journey's End,5
864,Attack on Titan,4
864,Fullmetal Alchemist: Brotherhood,3
864,Free! - Iwatobi Swim Club,4
864,Made in Abyss,3
864,Hunter x Hunter,4
864,Blue Lock,4
864,Kuroko's Basketball,4
864,Banana Fish,5
864,The Eminence in Shadow,2
864,Assassination Classroom,4
865,Nichijou - My Ordinary Life,4
865,Spy x Family,4
865,That Time I Got Reincarnated as a Slime,2
865,Assassination Classroom,4
865,Neon Genesis Evangelion,4
865,Mushishi,4
865,Attack on Titan,4
865,Frieren: Beyond Journey's End,5
865,The Apothecary Diaries,2
865,Bocchi the Rock!,5
865,Mashle: Magic and Muscles,4
866,Haikyu!!,5
866,Dr. Stone,5
866,Mushishi,4
866,Spy x Family,5
866,Nichijou - My Ordinary Life,4
866,Bocchi the Rock!,5
866,The Apothecary Diaries,5
866,Psycho-Pass,2
866,Frieren: Beyond Journey's End,5
866,Overlord,3
866,Laid-Back Camp,5
866,Erased,3
866,One Piece,3
866,Ranking of Kings,5
866,Skip and Loafer,5
867,Spy x Family,4
867,Mashle: Magic and Muscles,4
867,My Hero Academia,1
867,KONOSUBA -God's blessing on this wonderful world!,4
867,Mob Psycho 100,5
867,One-Punch Man,5
868,The Apothecary Diaries,5
868,Code Geass,4
868,Erased,4
868,Made in Abyss,2
868,Attack on Titan,5
868,Kaiju No. 8,2
868,That Time I Got Reincarnated as a Slime,5
868,Solo Leveling,5
868,The Promised Neverland,3
868,One Piece,3
868,Mashle: Magic and Muscles,4
868,The Rising of the Shield Hero,3
868,Mushoku Tensei: Jobless Reincarnation,4
868,Overlord,4
869,Mushoku Tensei: Jobless Reincarnation,4
869,Mashle: Magic and Muscles,4
869,Re:ZERO -Starting Life in Another World-,4
869,Steins;Gate,4
869,Dr. Stone,2
869,KONOSUBA -God's blessing on this wonderful world!,3
869,Solo Leveling,4
869,Overlord,4
869,The Eminence in Shadow,4
869,Log Horizon,3
869,The Promised Neverland,2
869,Made in Abyss,3
869,The Rising of the Shield Hero,4
869,That Time I Got Reincarnated as a Slime,4
869,Nichijou - My Ordinary Life,2
869,Sword Art Online,4
870,The Eminence in Shadow,3
870,Dr. Stone,4
870,Ranking of Kings,4
870,Frieren: Beyond Journey's End,3
870,Mushoku Tensei: Jobless Reincarnation,4
870,Spy x Family,4
870,Jujutsu Kaisen,2
870,That Time I Got Reincarnated as a Slime,3
870,Odd Taxi,2
870,The Apothecary Diaries,5
870,Overlord,4
870,Laid-Back Camp,5
870,Log Horizon,3
870,Skip and Loafer,4
870,Kuroko's Basketball,2
870,Haikyu!!,3
871,Kaguya-sama: Love is War,4
871,Dandadan,4
871,Naruto,3
871,Jujutsu Kaisen,4
871,Black Clover,4
871,Solo Leveling,5
871,Chainsaw Man,4
871,Kaiju No. 8,5
871,My Dress-Up Darling,4
871,Rascal Does Not Dream of Bunny Girl Senpai,4
871,Spy x Family,5
871,One Piece,5
871,Fruits Basket,5
871,Demon Slayer: Kimetsu no Yaiba,4
871,Wind Breaker,5
871,Fire Force,4
871,Hell's Paradise,3
872,Naruto,4
872,Jojo's Bizarre Adventure,3
872,Overlord,1
872,Naruto Shippuden,4
872,Dragon Ball Super,2
872,Jujutsu Kaisen,3
872,Bleach,2
872,One Piece,4
872,Wind Breaker,4
873,Cowboy Bebop,3
873,Free! - Iwatobi Swim Club,2
873,Steins;Gate,4
873,Made in Abyss,4
873,Assassination Classroom,3
873,Jojo's Bizarre Adventure,2
873,Hunter x Hunter,4
873,Fullmetal Alchemist: Brotherhood,3
873,Neon Genesis Evangelion,4
873,Attack on Titan,4
873,Mushishi,4
873,Fruits Basket,2
873,Banana Fish,4
873,Solo Leveling,4
873,Frieren: Beyond Journey's End,4
873,Naruto Shippuden,2
873,Gintama,3
873,Kaiju No. 8,3
874,Dandadan,4
874,Clannad After Story,4
874,Toradora!,5
874,The Eminence in Shadow,2
874,Spy x Family,4
874,Your Lie in April,5
874,Psycho-Pass,4
874,Kaguya-sama: Love is War,5
874,Chainsaw Man,2
874,One Piece,2
874,My Dress-Up Darling,5
874,Rascal Does Not Dream of Bunny Girl Senpai,5
874,Horimiya,4
874,Erased,2
874,Neon Genesis Evangelion,2
874,Blue Lock,2
874,Frieren: Beyond Journey's End,2
874,Bleach,2
874,Fruits Basket,5
875,Assassination Classroom,4
875,Kaguya-sama: Love is War,5
875,Gintama,3
875,One-Punch Man,4
875,Mob Psycho 100,5
875,Spy x Family,5
875,Wind Breaker,1
876,Solo Leveling,4
876,Overlord,4
876,Mushoku Tensei: Jobless Reincarnation,4
876,KONOSUBA -God's blessing on this wonderful world!,4
876,Re:ZERO -Starting Life in Another World-,4
876,Sword Art Online,4
876,The Rising of the Shield Hero,5
876,Hunter x Hunter,2
876,Ranking of Kings,1
876,Laid-Back Camp,5
876,Dragon Ball Super,3
876,Frieren: Beyond Journey's End,3
876,The Eminence in Shadow,5
876,Bocchi the Rock!,3
876,Log Horizon,4
876,Mashle: Magic and Muscles,5
877,Assassination Classroom,5
877,Banana Fish,3
877,Blue Lock,5
877,Haikyu!!,5
877,Yuri!!! on Ice,4
877,Bleach,2
877,Kuroko's Basketball,5
877,The Eminence in Shadow,3
877,Wind Breaker,5
877,Clannad After Story,2
877,Free! - Iwatobi Swim Club,4
877,The Promised Neverland,2
877,Mob Psycho 100,4
877,Spy x Family,3
878,Kaguya-sama: Love is War,5
878,Mashle: Magic and Muscles,4
878,Bocchi the Rock!,5
878,Spy x Family,5
878,Clannad After Story,3
878,KONOSUBA -God's blessing on this wonderful world!,5
878,Nichijou - My Ordinary Life,3
878,The Eminence in Shadow,3
878,One-Punch Man,5
878,Assassination Classroom,5
878,Laid-Back Camp,2
879,Spy x Family,3
879,Mashle: Magic and Muscles,5
879,Mushoku Tensei: Jobless Reincarnation,4
879,Code Geass,1
879,Overlord,3
879,Haikyu!!,3
880,My Dress-Up Darling,3
880,Gintama,5
880,Re:ZERO -Starting Life in Another World-,3
880,Kaguya-sama: Love is War,5
880,Bocchi the Rock!,5
880,Mashle: Magic and Muscles,5
880,KONOSUBA -God's blessing on this wonderful world!,5
880,One-Punch Man,5
880,Haikyu!!,4
880,Mob Psycho 100,5
880,Assassination Classroom,5
880,Clannad After Story,3
880,Ranking of Kings,2
880,Psycho-Pass,2
880,Neon Genesis Evangelion,3
880,Spy x Family,5
880,Jujutsu Kaisen,4
880,Steins;Gate,3
880,Nichijou - My Ordinary Life,5
880,The Promised Neverland,3
880,Black Clover,2
880,Skip and Loafer,3
880,Demon Slayer: Kimetsu no Yaiba,4
881,KONOSUBA -God's blessing on this wonderful world!,4
881,Gintama,3
881,Mob Psycho 100,4
881,Vinland Saga,3
881,Kaguya-sama: Love is War,4
881,The Promised Neverland,2
881,Assassination Classroom,3
881,Death Note,3
881,One-Punch Man,4
881,Nichijou - My Ordinary Life,5
881,Bocchi the Rock!,4
881,Spy x Family,4
881,Re:ZERO -Starting Life in Another World-,2
881,Dr. Stone,3
881,Mashle: Magic and Muscles,5
881,Fruits Basket,4
881,Frieren: Beyond Journey's End,3
881,Chainsaw Man,3
882,Skip and Loafer,4
882,Ranking of Kings,4
882,Overlord,4
882,Code Geass,2
882,Naruto Shippuden,2
882,Frieren: Beyond Journey's End,4
882,KONOSUBA -God's blessing on this wonderful world!,3
882,Spy x Family,4
882,Re:ZERO -Starting Life in Another World-,4
882,Bocchi the Rock!,4
882,The Apothecary Diaries,5
882,Dr. Stone,4
882,The Rising of the Shield Hero,3
882,Mushoku Tensei: Jobless Reincarnation,4
882,Odd Taxi,2
882,The Eminence in Shadow,5
882,That Time I Got Reincarnated as a Slime,4
882,Laid-Back Camp,4
882,Log Horizon,4
882,Mashle: Magic and Muscles,4
882,Solo Leveling,4
882,Steins;Gate,4
882,Nichijou - My Ordinary Life,4
883,Kaguya-sama: Love is War,5
883,Nichijou - My Ordinary Life,4
883,Mushishi,4
883,Assassination Classroom,5
883,Bocchi the Rock!,5
883,Dr. Stone,4
883,Gintama,5
883,Wind Breaker,3
884,Gintama,5
884,Fullmetal Alchemist: Brotherhood,5
884,Cowboy Bebop,5
884,Banana Fish,4
884,Steins;Gate,5
884,Attack on Titan,5
885,Yuri!!! on Ice,5
885,Overlord,2
885,Bleach,1
885,Gintama,5
885,Mashle: Magic and Muscles,3
885,Bocchi the Rock!,5
885,Kuroko's Basketball,5
885,My Hero Academia,2
885,Haikyu!!,5
885,The Rising of the Shield Hero,1
885,Kaguya-sama: Love is War,3
885,Nichijou - My Ordinary Life,3
885,Assassination Classroom,5
885,Wind Breaker,4
885,KONOSUBA -God's blessing on this wonderful world!,4
885,Blue Lock,3
886,Jojo's Bizarre Adventure,3
886,Steins;Gate,5
886,Death Note,5
886,Your Lie in April,4
886,The Apothecary Diaries,5
886,Kaguya-sama: Love is War,5
886,Attack on Titan,5
886,Fruits Basket,5
886,Demon Slayer: Kimetsu no Yaiba,3
886,Toradora!,4
886,Laid-Back Camp,4
886,Rascal Does Not Dream of Bunny Girl Senpai,5
886,Jujutsu Kaisen,3
886,Erased,5
886,Psycho-Pass,5
887,The Apothecary Diaries,5
887,Frieren: Beyond Journey's End,5
887,Skip and Loafer,3
887,Steins;Gate,2
887,Dragon Ball Super,2
887,Laid-Back Camp,4
887,Ranking of Kings,4
887,Naruto Shippuden,2
887,Spy x Family,3
887,Dr. Stone,4
887,Toradora!,2
888,Steins;Gate,5
888,Skip and Loafer,2
888,Frieren: Beyond Journey's End,5
888,Made in Abyss,5
888,Attack on Titan,4
888,Mushishi,4
888,Mashle: Magic and Muscles,3
888,Vinland Saga,5
888,Naruto Shippuden,2
888,Overlord,2
888,Gintama,5
888,Mob Psycho 100,2
888,Banana Fish,5
889,Bocchi the Rock!,4
889,Banana Fish,4
889,Kaguya-sama: Love is War,4
889,Psycho-Pass,5
889,Frieren: Beyond Journey's End,2
889,Nichijou - My Ordinary Life,5
889,Mob Psycho 100,4
889,Erased,5
889,Dandadan,3
889,Mushoku Tensei: Jobless Reincarnation,2
890,Yuri!!! on Ice,4
890,Haikyu!!,5
890,Free! - Iwatobi Swim Club,5
890,Naruto,3
890,Assassination Classroom,4
890,Blue Lock,4
890,Wind Breaker,5
890,Kuroko's Basketball,5
890,That Time I Got Reincarnated as a Slime,3
890,Banana Fish,2
890,Solo Leveling,2
891,Ranking of Kings,3
891,Black Clover,4
891,My Hero Academia,5
891,Naruto Shippuden,3
891,Hell's Paradise,4
891,Solo Leveling,5
891,Dandadan,5
891,Jojo's Bizarre Adventure,4
891,Demon Slayer: Kimetsu no Yaiba,4
891,Haikyu!!,4
891,Jujutsu Kaisen,4
891,That Time I Got Reincarnated as a Slime,3
891,Chainsaw Man,4
891,Kaiju No. 8,4
891,Naruto,4
891,Bocchi the Rock!,4
891,Bleach,5
891,Attack on Titan,4
891,Vinland Saga,2
891,The Rising of the Shield Hero,1
892,KONOSUBA -God's blessing on this wonderful world!,5
892,Odd Taxi,4
892,The Promised Neverland,4
892,Black Clover,3
892,Banana Fish,5
892,That Time I Got Reincarnated as a Slime,5
892,Death Note,5
892,Overlord,3
892,Jujutsu Kaisen,3
892,Bocchi the Rock!,3
892,Solo Leveling,5
892,Steins;Gate,4
892,The Rising of the Shield Hero,5
892,Log Horizon,5
892,Psycho-Pass,4
892,Mushoku Tensei: Jobless Reincarnation,5
892,The Eminence in Shadow,4
893,Attack on Titan,4
893,Erased,4
893,The Eminence in Shadow,3
893,Odd Taxi,4
893,Banana Fish,4
893,Clannad After Story,3
893,Death Note,4
894,Gintama,3
894,Spy x Family,4
894,The Apothecary Diaries,5
894,Skip and Loafer,4
894,Rascal Does Not Dream of Bunny Girl Senpai,2
894,Naruto Shippuden,2
894,Mashle: Magic and Muscles,4
894,Haikyu!!,5
894,Dragon Ball Super,3
894,Laid-Back Camp,5
894,Frieren: Beyond Journey's End,5
894,KONOSUBA -God's blessing on this wonderful world!,4
895,Solo Leveling,5
895,Wind Breaker,4
895,Assassination Classroom,4
895,Naruto,4
895,Sword Art Online,1
895,Jujutsu Kaisen,4
895,Bleach,5
895,Hell's Paradise,5
895,Fruits Basket,3
895,Fire Force,4
895,Dr. Stone,3
895,Yuri!!! on Ice,5
895,My Hero Academia,4
895,Jojo's Bizarre Adventure,5
895,Gintama,2
895,Chainsaw Man,4
895,Mushoku Tensei: Jobless Reincarnation,3
895,Naruto Shippuden,5
895,One Piece,3
896,Spy x Family,4
896,Haikyu!!,5
896,Bocchi the Rock!,5
896,Free! - Iwatobi Swim Club,3
896,Frieren: Beyond Journey's End,5
896,Wind Breaker,4
896,Ranking of Kings,3
896,Chainsaw Man,3
896,Skip and Loafer,3
896,Nichijou - My Ordinary Life,5
896,Kuroko's Basketball,4
896,Dr. Stone,3
896,Yuri!!! on Ice,5
896,Laid-Back Camp,3
896,Blue Lock,4
896,Death Note,2
896,Jujutsu Kaisen,2
896,The Apothecary Diaries,5
896,Vinland Saga,3
896,Steins;Gate,3
896,Mushishi,4
896,Dandadan,2
897,Mushishi,3
897,Skip and Loafer,5
897,Wind Breaker,4
897,Ranking of Kings,5
897,Bocchi the Rock!,5
897,Assassination Classroom,4
897,The Apothecary Diaries,5
897,Dr. Stone,5
897,Laid-Back Camp,5
897,Yuri!!! on Ice,5
897,Frieren: Beyond Journey's End,5
897,Haikyu!!,4
897,Free! - Iwatobi Swim Club,4
897,Spy x Family,4
897,Nichijou - My Ordinary Life,5
897,Fullmetal Alchemist: Brotherhood,2
897,Erased,2
897,Cowboy Bebop,2
897,Kuroko's Basketball,5
898,Death Note,3
898,Fruits Basket,5
898,One Piece,3
898,Toradora!,4
898,Bleach,3
898,Dandadan,4
898,Kaguya-sama: Love is War,4
898,Your Lie in April,4
898,Rascal Does Not Dream of Bunny Girl Senpai,4
898,Clannad After Story,5
898,Horimiya,4
898,Spy x Family,5
898,Black Clover,2
898,My Dress-Up Darling,5
898,Mob Psycho 100,2
898,Banana Fish,4
898,Steins;Gate,2
898,Demon Slayer: Kimetsu no Yaiba,2
898,Made in Abyss,2
899,Spy x Family,5
899,Psycho-Pass,3
899,Your Lie in April,4
899,Log Horizon,3
899,Toradora!,4
899,Rascal Does Not Dream of Bunny Girl Senpai,5
899,Made in Abyss,5
899,Dandadan,5
900,Your Lie in April,4
900,Fruits Basket,5
900,My Dress-Up Darling,5
900,Bocchi the Rock!,2
900,Toradora!,3
900,Clannad After Story,5
900,Mob Psycho 100,2
900,Skip and Loafer,3
900,Dandadan,5
900,Spy x Family,5
900,Neon Genesis Evangelion,2
900,Cowboy Bebop,3
900,Horimiya,5
900,Laid-Back Camp,3
900,Free! - Iwatobi Swim Club,3
900,Wind Breaker,3
900,Kaguya-sama: Love is War,5
900,Re:ZERO -Starting Life in Another World-,3
901,One-Punch Man,1
901,Death Note,4
901,The Apothecary Diaries,4
901,Neon Genesis Evangelion,1
901,Erased,4
901,Horimiya,2
901,Vinland Saga,3
901,The Promised Neverland,3
901,Code Geass,4
901,Kaguya-sama: Love is War,3
901,Odd Taxi,4
901,Steins;Gate,5
901,Attack on Titan,5
901,Psycho-Pass,5
901,Mob Psycho 100,2
901,Mushishi,3
901,Chainsaw Man,2
901,Log Horizon,3
901,Banana Fish,4
901,My Dress-Up Darling,2
902,Death Note,3
902,Frieren: Beyond Journey's End,4
902,Bocchi the Rock!,3
902,Laid-Back Camp,3
902,Banana Fish,3
902,Steins;Gate,4
902,Psycho-Pass,2
903,Attack on Titan,5
903,Banana Fish,5
903,Log Horizon,2
903,Haikyu!!,5
903,Yuri!!! on Ice,5
903,Vinland Saga,5
903,Neon Genesis Evangelion,5
903,Wind Breaker,5
903,Dr. Stone,4
903,Fullmetal Alchemist: Brotherhood,5
903,Frieren: Beyond Journey's End,5
903,Steins;Gate,4
903,Cowboy Bebop,4
903,Demon Slayer: Kimetsu no Yaiba,4
903,Kuroko's Basketball,5
903,Blue Lock,5
903,Hunter x Hunter,5
903,Jujutsu Kaisen,2
903,Assassination Classroom,4
903,Gintama,5
903,Mushishi,4
903,Mashle: Magic and Muscles,1
903,Ranking of Kings,4
903,The Eminence in Shadow,2
903,Sword Art Online,3
904,The Apothecary Diaries,5
904,Solo Leveling,3
904,Frieren: Beyond Journey's End,5
904,Dr. Stone,4
904,Laid-Back Camp,5
904,Cowboy Bebop,2
904,Bocchi the Rock!,5
904,Nichijou - My Ordinary Life,3
904,Spy x Family,4
904,Ranking of Kings,5
904,Chainsaw Man,2
904,Haikyu!!,4
904,Steins;Gate,3
904,Mushishi,4
904,Skip and Loafer,3
904,Hunter x Hunter,3
904,Erased,2
904,Odd Taxi,3
904,Fruits Basket,2
905,Spy x Family,3
905,Jojo's Bizarre Adventure,2
905,Kaguya-sama: Love is War,3
905,Mashle: Magic and Muscles,4
905,Fruits Basket,4
905,Horimiya,4
905,Dandadan,4
905,Sword Art Online,3
905,Re:ZERO -Starting Life in Another World-,5
905,Rascal Does Not Dream of Bunny Girl Senpai,3
905,Your Lie in April,5
905,Mob Psycho 100,2
905,KONOSUBA -God's blessing on this wonderful world!,3
905,Toradora!,5
905,Clannad After Story,5
905,My Dress-Up Darling,4
905,That Time I Got Reincarnated as a Slime,4
905,The Eminence in Shadow,4
905,Made in Abyss,2
906,Banana Fish,5
906,Made in Abyss,5
906,Mushishi,5
906,Fullmetal Alchemist: Brotherhood,5
906,Toradora!,5
906,Kaguya-sama: Love is War,5
906,Spy x Family,5
907,Haikyu!!,5
907,Mushishi,5
907,Ranking of Kings,5
907,Black Clover,2
907,Mushoku Tensei: Jobless Reincarnation,4
907,Overlord,5
907,The Rising of the Shield Hero,4
907,Laid-Back Camp,5
907,The Apothecary Diaries,5
907,Mashle: Magic and Muscles,5
908,Kaguya-sama: Love is War,2
908,Black Clover,3
908,Jujutsu Kaisen,3
908,One Piece,3
908,Spy x Family,1
908,My Hero Academia,3
909,Bocchi the Rock!,4
909,Cowboy Bebop,4
909,One-Punch Man,4
909,That Time I Got Reincarnated as a Slime,1
909,Mashle: Magic and Muscles,4
909,KONOSUBA -God's blessing on this wonderful world!,3
909,Kaguya-sama: Love is War,4
909,Mob Psycho 100,4
909,Solo Leveling,2
910,Dandadan,5
910,Kaiju No. 8,5
910,Dragon Ball Super,5
910,One Piece,4
910,Black Clover,5
910,Jojo's Bizarre Adventure,5
910,Solo Leveling,5
910,Fullmetal Alchemist: Brotherhood,3
911,Yuri!!! on Ice,3
911,Wind Breaker,5
911,Jujutsu Kaisen,3
911,Bocchi the Rock!,4
911,KONOSUBA -God's blessing on this wonderful world!,5
911,Blue Lock,3
911,One-Punch Man,4
911,Nichijou - My Ordinary Life,4
911,Gintama,5
911,Free! - Iwatobi Swim Club,4
911,Kaguya-sama: Love is War,4
911,Mashle: Magic and Muscles,5
911,One Piece,1
911,Haikyu!!,5
911,Kuroko's Basketball,4
911,Assassination Classroom,4
911,My Hero Academia,2
912,Jojo's Bizarre Adventure,5
912,My Hero Academia,5
912,Bleach,4
912,Your Lie in April,4
912,Dandadan,5
912,Death Note,4
912,One Piece,5
912,Kaiju No. 8,5
912,Fire Force,5
912,Skip and Loafer,3
912,Solo Leveling,5
912,Naruto Shippuden,5
912,Steins;Gate,3
912,Jujutsu Kaisen,5
912,Psycho-Pass,3
912,Wind Breaker,4
912,Dragon Ball Super,4
912,Chainsaw Man,5
912,Odd Taxi,2
912,Mushishi,4
912,Naruto,5
912,Black Clover,5
912,Code Geass,4
912,One-Punch Man,3
912,Vinland Saga,3
913,Overlord,4
913,Mushoku Tensei: Jobless Reincarnation,4
913,Solo Leveling,4
913,Laid-Back Camp,2
913,Tokyo Ghoul,1
913,Mashle: Magic and Muscles,3
913,Bocchi the Rock!,1
913,Death Note,2
913,Log Horizon,2
913,The Eminence in Shadow,3
913,My Dress-Up Darling,2
913,Re:ZERO -Starting Life in Another World-,3
914,That Time I Got Reincarnated as a Slime,4
914,Kaguya-sama: Love is War,5
914,Horimiya,5
914,Re:ZERO -Starting Life in Another World-,5
914,Spy x Family,4
914,Mushoku Tensei: Jobless Reincarnation,5
914,My Dress-Up Darling,5
914,Chainsaw Man,4
914,Clannad After Story,5
914,Dandadan,5
915,Solo Leveling,2
915,Laid-Back Camp,2
915,Haikyu!!,4
915,Kuroko's Basketball,4
915,Assassination Classroom,5
915,Fruits Basket,3
915,Attack on Titan,4
915,Yuri!!! on Ice,4
915,Mob Psycho 100,2
915,Wind Breaker,4
915,Mushoku Tensei: Jobless Reincarnation,2
915,Blue Lock,4
915,That Time I Got Reincarnated as a Slime,2
915,Mashle: Magic and Muscles,3
916,Death Note,2
916,Assassination Classroom,3
916,Haikyu!!,3
916,Wind Breaker,4
916,Yuri!!! on Ice,4
916,Free! - Iwatobi Swim Club,4
916,Ranking of Kings,2
916,Your Lie in April,2
916,Blue Lock,3
916,The Apothecary Diaries,2
916,Jujutsu Kaisen,2
916,Bocchi the Rock!,3
916,Kuroko's Basketball,4
916,Mushishi,1
916,One Piece,3
916,Spy x Family,2
916,Laid-Back Camp,1
916,Hunter x Hunter,1
916,Neon Genesis Evangelion,2
916,Fullmetal Alchemist: Brotherhood,1
917,That Time I Got Reincarnated as a Slime,3
917,Overlord,4
917,The Eminence in Shadow,4
917,KONOSUBA -God's blessing on this wonderful world!,4
917,Log Horizon,3
917,Solo Leveling,5
917,Mashle: Magic and Muscles,4
917,Re:ZERO -Starting Life in Another World-,5
917,Dandadan,1
917,Mushoku Tensei: Jobless Reincarnation,4
917,Sword Art Online,3
917,Yuri!!! on Ice,1
918,Mob Psycho 100,5
918,Spy x Family,5
918,Gintama,5
918,Overlord,2
918,Assassination Classroom,4
918,Nichijou - My Ordinary Life,4
918,One-Punch Man,5
918,Kaguya-sama: Love is War,5
918,Mashle: Magic and Muscles,5
918,Jojo's Bizarre Adventure,2
918,Bocchi the Rock!,5
918,KONOSUBA -God's blessing on this wonderful world!,4
918,One Piece,2
918,Kuroko's Basketball,2
918,Solo Leveling,3
918,Death Note,3
918,Demon Slayer: Kimetsu no Yaiba,2
918,Naruto,1
918,Dr. Stone,2
918,Bleach,2
918,The Rising of the Shield Hero,2
918,Steins;Gate,2
918,Free! - Iwatobi Swim Club,2
918,Yuri!!! on Ice,3
919,Dandadan,4
919,Kaguya-sama: Love is War,5
919,Spy x Family,3
919,Toradora!,3
919,Rascal Does Not Dream of Bunny Girl Senpai,4
919,Skip and Loafer,2
919,Demon Slayer: Kimetsu no Yaiba,4
919,Black Clover,3
919,Hell's Paradise,4
919,Chainsaw Man,4
919,Your Lie in April,4
919,Attack on Titan,3
919,My Dress-Up Darling,3
919,Naruto Shippuden,4
919,Jujutsu Kaisen,4
919,One Piece,4
919,Fire Force,4
919,Odd Taxi,3
920,Dr. Stone,3
920,Nichijou - My Ordinary Life,3
920,Spy x Family,3
920,Mushishi,4
920,Skip and Loafer,4
920,Haikyu!!,3
920,Ranking of Kings,3
920,Laid-Back Camp,4
920,Demon Slayer: Kimetsu no Yaiba,3
920,Clannad After Story,1
920,The Apothecary Diaries,3
920,Solo Leveling,1
920,Death Note,2
920,Black Clover,2
920,Frieren: Beyond Journey's End,3
920,Bocchi the Rock!,3
920,Bleach,1
920,The Rising of the Shield Hero,1
920,Naruto Shippuden,2
920,Odd Taxi,2
920,Fruits Basket,3
920,Your Lie in April,1
920,Kaiju No. 8,1
920,Gintama,3
921,Bocchi the Rock!,5
921,Mashle: Magic and Muscles,4
921,Chainsaw Man,3
921,One-Punch Man,5
921,Assassination Classroom,4
921,Re:ZERO -Starting Life in Another World-,3
921,Gintama,3
921,Made in Abyss,3
921,Hunter x Hunter,2
921,KONOSUBA -God's blessing on this wonderful world!,5
921,Kaguya-sama: Love is War,4
921,Ranking of Kings,3
922,Jujutsu Kaisen,5
922,My Hero Academia,4
922,Fire Force,5
922,Fullmetal Alchemist: Brotherhood,2
922,Wind Breaker,4
922,Naruto Shippuden,5
922,Yuri!!! on Ice,2
922,Gintama,3
922,Jojo's Bizarre Adventure,4
922,Hell's Paradise,4
922,Naruto,4
922,Log Horizon,2
922,One Piece,5
922,Demon Slayer: Kimetsu no Yaiba,4
923,Steins;Gate,4
923,Naruto,4
923,Hell's Paradise,4
923,Jujutsu Kaisen,5
923,Dandadan,4
923,Fullmetal Alchemist: Brotherhood,5
923,Demon Slayer: Kimetsu no Yaiba,4
923,Attack on Titan,4
923,Naruto Shippuden,3
923,Made in Abyss,4
923,Bleach,4
923,Neon Genesis Evangelion,4
923,Hunter x Hunter,4
923,Banana Fish,4
923,Fruits Basket,2
923,Wind Breaker,5
923,Gintama,5
923,Kaiju No. 8,4
923,Kuroko's Basketball,2
923,Frieren: Beyond Journey's End,4
924,Overlord,3
924,Your Lie in April,3
924,Mushoku Tensei: Jobless Reincarnation,5
924,Toradora!,4
924,Fruits Basket,3
924,Re:ZERO -Starting Life in Another World-,4
924,Spy x Family,4
924,Log Horizon,3
924,Solo Leveling,4
925,Mashle: Magic and Muscles,3
925,Kaguya-sama: Love is War,3
925,Gintama,3
925,Hell's Paradise,2
925,The Rising of the Shield Hero,1
925,Spy x Family,5
925,Mob Psycho 100,3
925,Naruto,2
926,Sword Art Online,3
926,Fruits Basket,3
926,Death Note,3
926,Black Clover,1
926,Re:ZERO -Starting Life in Another World-,4
926,Code Geass,2
926,The Eminence in Shadow,3
926,Odd Taxi,3
926,Solo Leveling,5
926,The Rising of the Shield Hero,5
926,Log Horizon,4
927,Wind Breaker,3
927,Yuri!!! on Ice,5
927,Assassination Classroom,3
927,Kuroko's Basketball,3
927,Blue Lock,3
927,Toradora!,2
927,Fruits Basket,2
927,Haikyu!!,4
927,Vinland Saga,2
927,Attack on Titan,2
927,Re:ZERO -Starting Life in Another World-,2
927,Demon Slayer: Kimetsu no Yaiba,3
927,Banana Fish,2
927,Rascal Does Not Dream of Bunny Girl Senpai,3
927,Tokyo Ghoul,1
927,Overlord,1
927,Jojo's Bizarre Adventure,1
927,Free! - Iwatobi Swim Club,4
927,Mushoku Tensei: Jobless Reincarnation,2
927,The Rising of the Shield Hero,1
927,My Hero Academia,1
927,Kaguya-sama: Love is War,2
927,One-Punch Man,2
927,Hunter x Hunter,2
928,Clannad After Story,4
928,Dandadan,3
928,Kaguya-sama: Love is War,5
928,Your Lie in April,5
928,Fruits Basket,3
928,Rascal Does Not Dream of Bunny Girl Senpai,5
928,Spy x Family,4
928,Attack on Titan,3
928,Neon Genesis Evangelion,2
928,Jojo's Bizarre Adventure,2
928,My Dress-Up Darling,4
928,Toradora!,4
928,Kuroko's Basketball,2
928,Horimiya,5
928,Fullmetal Alchemist: Brotherhood,3
928,Bocchi the Rock!,3
929,Kuroko's Basketball,4
929,Wind Breaker,5
929,Free! - Iwatobi Swim Club,3
929,Kaguya-sama: Love is War,3
929,Horimiya,2
929,Assassination Classroom,5
929,Yuri!!! on Ice,3
929,Kaiju No. 8,2
929,Skip and Loafer,2
929,Overlord,2
929,Haikyu!!,4
929,Cowboy Bebop,2
929,Nichijou - My Ordinary Life,2
929,Fruits Basket,3
929,Death Note,2
929,Made in Abyss,2
929,Rascal Does Not Dream of Bunny Girl Senpai,2
929,Blue Lock,4
929,Black Clover,1
930,Death Note,4
930,Psycho-Pass,4
930,The Apothecary Diaries,4
930,Code Geass,4
930,Kaiju No. 8,2
930,Steins;Gate,5
930,Attack on Titan,5
930,Dandadan,2
930,Dragon Ball Super,2
930,Erased,4
930,Odd Taxi,5
930,Kuroko's Basketball,3
930,The Promised Neverland,5
930,Banana Fish,3
930,Tokyo Ghoul,2
930,One Piece,3
930,Mashle: Magic and Muscles,2
930,Kaguya-sama: Love is War,2
930,Hunter x Hunter,3
931,Fullmetal Alchemist: Brotherhood,4
931,Bocchi the Rock!,3
931,Nichijou - My Ordinary Life,4
931,Frieren: Beyond Journey's End,4
931,Cowboy Bebop,2
931,Banana Fish,4
931,Steins;Gate,5
931,Made in Abyss,3
931,Gintama,4
931,Yuri!!! on Ice,2
931,Haikyu!!,3
931,Vinland Saga,5
931,Hunter x Hunter,4
931,Skip and Loafer,4
931,The Apothecary Diaries,4
931,Mushishi,3
931,Solo Leveling,2
931,Neon Genesis Evangelion,3
931,Attack on Titan,5
931,Ranking of Kings,4
931,Dr. Stone,4
931,Code Geass,2
932,Attack on Titan,5
932,The Apothecary Diaries,5
932,Steins;Gate,5
932,Fullmetal Alchemist: Brotherhood,3
932,Code Geass,4
932,Death Note,4
932,Banana Fish,5
932,Mushoku Tensei: Jobless Reincarnation,2
932,Frieren: Beyond Journey's End,2
932,Erased,3
932,Chainsaw Man,2
932,Odd Taxi,4
932,Psycho-Pass,5
932,The Promised Neverland,4
932,Ranking of Kings,2
932,Solo Leveling,2
932,Bocchi the Rock!,3
932,Hell's Paradise,2
932,KONOSUBA -God's blessing on this wonderful world!,2
932,My Hero Academia,2
932,One Piece,2
932,Naruto,2
933,Dandadan,4
933,Kaiju No. 8,1
933,Horimiya,3
933,Hunter x Hunter,2
933,Your Lie in April,3
933,Kaguya-sama: Love is War,4
933,Clannad After Story,3
933,Demon Slayer: Kimetsu no Yaiba,2
933,Steins;Gate,2
933,Rascal Does Not Dream of Bunny Girl Senpai,2
933,Spy x Family,4
933,My Dress-Up Darling,3
933,Fruits Basket,3
933,Black Clover,2
933,Made in Abyss,1
933,Bocchi the Rock!,2
933,Psycho-Pass,1
933,Frieren: Beyond Journey's End,1
933,Death Note,2
933,Attack on Titan,2
933,Cowboy Bebop,1
933,Toradora!,3
933,Kuroko's Basketball,2
934,Nichijou - My Ordinary Life,3
934,The Promised Neverland,5
934,Erased,5
934,Spy x Family,5
934,Frieren: Beyond Journey's End,4
934,Laid-Back Camp,5
934,KONOSUBA -God's blessing on this wonderful world!,3
934,Ranking of Kings,4
934,The Apothecary Diaries,5
934,Attack on Titan,4
934,Odd Taxi,5
934,Wind Breaker,2
934,Bocchi the Rock!,3
934,Banana Fish,3
934,Naruto,2
934,Steins;Gate,4
934,Haikyu!!,5
934,Code Geass,4
934,Yuri!!! on Ice,2
934,Demon Slayer: Kimetsu no Yaiba,2
934,Skip and Loafer,3
934,Dr. Stone,4
934,Death Note,4
934,Fire Force,2
934,Gintama,3
935,Steins;Gate,4
935,Death Note,5
935,That Time I Got Reincarnated as a Slime,2
935,Bocchi the Rock!,4
935,Odd Taxi,4
935,Code Geass,3
935,Spy x Family,4
935,Mushishi,4
935,The Promised Neverland,4
935,Frieren: Beyond Journey's End,4
935,Skip and Loafer,4
935,Dr. Stone,3
935,Haikyu!!,5
935,Attack on Titan,3
935,Nichijou - My Ordinary Life,5
936,Assassination Classroom,4
936,Yuri!!! on Ice,5
936,KONOSUBA -God's blessing on this wonderful world!,5
936,Naruto Shippuden,2
936,Blue Lock,4
936,One-Punch Man,4
937,Ranking of Kings,5
937,Naruto,3
937,Frieren: Beyond Journey's End,3
937,Horimiya,4
937,Nichijou - My Ordinary Life,5
937,The Apothecary Diaries,3
937,Naruto Shippuden,2
937,Haikyu!!,5
937,Mushishi,5
938,Frieren: Beyond Journey's End,4
938,Vinland Saga,4
938,Hunter x Hunter,4
938,Banana Fish,4
938,Cowboy Bebop,4
938,Made in Abyss,5
938,Naruto,1
938,Chainsaw Man,1
938,Attack on Titan,4
938,Solo Leveling,1
938,Dandadan,1
938,Gintama,5
938,Fullmetal Alchemist: Brotherhood,4
939,Hunter x Hunter,4
939,Ranking of Kings,3
939,Banana Fish,4
939,Cowboy Bebop,3
939,Frieren: Beyond Journey's End,3
939,Mob Psycho 100,5
939,Gintama,4
939,Attack on Titan,4
939,Mashle: Magic and Muscles,4
939,Bocchi the Rock!,4
939,Assassination Classroom,4
939,Kaguya-sama: Love is War,3
940,Gintama,4
940,Cowboy Bebop,4
940,Mushishi,4
940,Made in Abyss,4
940,Neon Genesis Evangelion,5
940,Steins;Gate,4
940,KONOSUBA -God's blessing on this wonderful world!,1
940,Banana Fish,4
940,Frieren: Beyond Journey's End,4
940,Vinland Saga,2
940,Code Geass,3
940,Kaguya-sama: Love is War,2
940,Hunter x Hunter,3
940,Odd Taxi,1
940,The Apothecary Diaries,3
940,Attack on Titan,5
940,Fullmetal Alchemist: Brotherhood,4
940,Jujutsu Kaisen,1
940,Solo Leveling,2
940,Rascal Does Not Dream of Bunny Girl Senpai,2
940,Dr. Stone,2
940,Nichijou - My Ordinary Life,2
941,Blue Lock,3
941,Vinland Saga,5
941,Cowboy Bebop,5
941,Hunter x Hunter,4
941,Frieren: Beyond Journey's End,5
941,Made in Abyss,5
941,Attack on Titan,5
941,Fullmetal Alchemist: Brotherhood,5
941,Steins;Gate,5
941,Haikyu!!,3
941,Neon Genesis Evangelion,4
941,Free! - Iwatobi Swim Club,4
941,Banana Fish,5
941,My Dress-Up Darling,3
941,Demon Slayer: Kimetsu no Yaiba,4
941,Gintama,4
942,Jujutsu Kaisen,5
942,Fire Force,5
942,Dandadan,4
942,Attack on Titan,4
942,Naruto,5
942,Naruto Shippuden,5
942,Banana Fish,5
942,Chainsaw Man,4
942,Odd Taxi,4
942,One Piece,5
942,Bleach,4
942,Jojo's Bizarre Adventure,5
942,My Hero Academia,4
942,Kaiju No. 8,4
942,The Promised Neverland,5
943,Spy x Family,4
943,Skip and Loafer,2
943,Nichijou - My Ordinary Life,3
943,KONOSUBA -God's blessing on this wonderful world!,4
943,Gintama,3
943,One-Punch Man,3
943,One Piece,2
943,Kaguya-sama: Love is War,3
943,Dandadan,1
943,Chainsaw Man,2
943,Mob Psycho 100,3
943,Fruits Basket,2
943,Bocchi the Rock!,4
943,Mashle: Magic and Muscles,3
943,Assassination Classroom,3
943,Naruto,1
943,Bleach,1
944,Hunter x Hunter,3
944,Kuroko's Basketball,4
944,Steins;Gate,2
944,Blue Lock,4
944,Wind Breaker,4
944,Assassination Classroom,5
944,Frieren: Beyond Journey's End,2
944,Free! - Iwatobi Swim Club,4
944,Haikyu!!,4
944,Attack on Titan,3
944,My Dress-Up Darling,3
945,Jojo's Bizarre Adventure,5
945,Dragon Ball Super,5
945,Naruto,3
945,Kuroko's Basketball,3
945,Naruto Shippuden,5
945,One Piece,3
945,Hell's Paradise,3
945,My Hero Academia,4
945,Wind Breaker,5
945,Demon Slayer: Kimetsu no Yaiba,4
945,Haikyu!!,4
945,Chainsaw Man,4
945,Assassination Classroom,4
945,Solo Leveling,3
945,Kaiju No. 8,5
946,Spy x Family,5
946,Nichijou - My Ordinary Life,4
946,Fruits Basket,5
946,Bocchi the Rock!,5
946,Dandadan,5
946,Chainsaw Man,4
946,Kaguya-sama: Love is War,5
946,Assassination Classroom,4
946,My Dress-Up Darling,4
946,Sword Art Online,2
946,Rascal Does Not Dream of Bunny Girl Senpai,5
946,Mob Psycho 100,4
946,Mashle: Magic and Muscles,5
946,Black Clover,2
946,Horimiya,4
946,Clannad After Story,4
946,Erased,3
946,KONOSUBA -God's blessing on this wonderful world!,5
946,Attack on Titan,3
946,Toradora!,4
946,Psycho-Pass,2
946,Gintama,4
946,Skip and Loafer,2
946,Mushishi,3
946,Vinland Saga,1
947,Spy x Family,4
947,Toradora!,4
947,Your Lie in April,4
947,Frieren: Beyond Journey's End,4
947,Clannad After Story,4
947,Fullmetal Alchemist: Brotherhood,1
947,Dandadan,4
947,Fruits Basket,4
947,Rascal Does Not Dream of Bunny Girl Senpai,4
947,The Apothecary Diaries,3
947,Bocchi the Rock!,4
947,Dr. Stone,3
947,Laid-Back Camp,4
947,Naruto Shippuden,3
947,Kaguya-sama: Love is War,5
947,Demon Slayer: Kimetsu no Yaiba,2
947,Ranking of Kings,4
947,Mashle: Magic and Muscles,2
947,Haikyu!!,3
947,Attack on Titan,2
948,Solo Leveling,4
948,Mashle: Magic and Muscles,4
948,Overlord,4
948,Black Clover,3
948,Mushoku Tensei: Jobless Reincarnation,5
948,That Time I Got Reincarnated as a Slime,5
948,The Eminence in Shadow,4
948,Sword Art Online,5
948,My Dress-Up Darling,2
948,Dandadan,3
948,Re:ZERO -Starting Life in Another World-,4
949,Haikyu!!,4
949,Frieren: Beyond Journey's End,4
949,Clannad After Story,4
949,Kaguya-sama: Love is War,4
949,The Apothecary Diaries,4
949,Toradora!,5
949,Horimiya,3
949,Your Lie in April,4
949,Dandadan,5
949,Mushishi,4
949,Bocchi the Rock!,5
949,Hunter x Hunter,2
949,Dr. Stone,4
949,Laid-Back Camp,4
950,Your Lie in April,5
950,My Dress-Up Darling,4
950,Spy x Family,5
950,Fruits Basket,5
950,Assassination Classroom,3
950,Fire Force,2
950,Dandadan,5
950,Kaguya-sama: Love is War,5
950,Mushoku Tensei: Jobless Reincarnation,3
951,Fullmetal Alchemist: Brotherhood,4
951,Gintama,4
951,Hunter x Hunter,5
951,Made in Abyss,4
951,Yuri!!! on Ice,3
951,Steins;Gate,4
951,Haikyu!!,5
951,Attack on Titan,4
951,Vinland Saga,5
951,Blue Lock,3
951,Kuroko's Basketball,4
951,Wind Breaker,4
952,One-Punch Man,1
952,Laid-Back Camp,3
952,Skip and Loafer,3
952,The Apothecary Diaries,3
952,Dr. Stone,3
952,Haikyu!!,4
952,Nichijou - My Ordinary Life,5
952,Spy x Family,4
952,Ranking of Kings,3
952,Bocchi the Rock!,4
952,Demon Slayer: Kimetsu no Yaiba,2
952,One Piece,2
952,Chainsaw Man,2
952,Mushishi,4
952,Overlord,1
952,That Time I Got Reincarnated as a Slime,1
952,My Hero Academia,2
952,Mob Psycho 100,2
952,Frieren: Beyond Journey's End,5
952,Gintama,2
952,Hunter x Hunter,2
952,The Rising of the Shield Hero,2
952,Clannad After Story,1
952,Steins;Gate,2
953,Dandadan,5
953,Mashle: Magic and Muscles,4
953,One Piece,5
953,My Hero Academia,5
953,Black Clover,4
953,Toradora!,3
953,Dragon Ball Super,4
953,One-Punch Man,4
953,Kaiju No. 8,4
953,Nichijou - My Ordinary Life,4
953,Solo Leveling,4
953,Bocchi the Rock!,4
953,Fire Force,3
953,Chainsaw Man,5
953,Wind Breaker,5
953,Naruto Shippuden,4
953,Assassination Classroom,4
954,Dr. Stone,5
954,Bocchi the Rock!,4
954,Spy x Family,4
954,Horimiya,1
954,Laid-Back Camp,4
954,Skip and Loafer,4
954,Kuroko's Basketball,4
954,Assassination Classroom,3
954,Frieren: Beyond Journey's End,4
954,Yuri!!! on Ice,3
954,Nichijou - My Ordinary Life,4
954,Wind Breaker,4
955,Vinland Saga,3
955,Laid-Back Camp,4
955,Bocchi the Rock!,4
955,Spy x Family,5
955,Skip and Loafer,5
955,Clannad After Story,3
955,Nichijou - My Ordinary Life,5
955,The Apothecary Diaries,3
955,Toradora!,3
955,Haikyu!!,4
955,Ranking of Kings,5
955,Dr. Stone,5
955,Kaguya-sama: Love is War,3
955,Frieren: Beyond Journey's End,4
955,Banana Fish,2
955,My Dress-Up Darling,2
955,Naruto Shippuden,3
955,Made in Abyss,2
955,KONOSUBA -God's blessing on this wonderful world!,3
955,One-Punch Man,3
955,Fullmetal Alchemist: Brotherhood,2
955,Solo Leveling,2
956,KONOSUBA -God's blessing on this wonderful world!,5
956,Spy x Family,5
956,One Piece,3
956,Haikyu!!,5
956,The Apothecary Diaries,4
956,Dr. Stone,5
956,Ranking of Kings,3
956,Skip and Loafer,4
956,Frieren: Beyond Journey's End,4
957,Solo Leveling,4
957,Gintama,3
957,Jojo's Bizarre Adventure,1
957,Spy x Family,5
957,Assassination Classroom,4
957,Yuri!!! on Ice,2
957,One-Punch Man,4
957,The Eminence in Shadow,4
958,Overlord,4
958,KONOSUBA -God's blessing on this wonderful world!,4
958,The Rising of the Shield Hero,4
958,Hunter x Hunter,2
958,Odd Taxi,1
958,Kaguya-sama: Love is War,3
958,Free! - Iwatobi Swim Club,2
959,Fruits Basket,5
959,Your Lie in April,3
959,Clannad After Story,4
959,Banana Fish,4
959,Dandadan,5
959,Kaguya-sama: Love is War,5
959,Sword Art Online,2
959,Horimiya,5
959,Naruto Shippuden,2
959,Spy x Family,5
960,Blue Lock,4
960,Code Geass,3
960,Assassination Classroom,3
960,Yuri!!! on Ice,4
960,Mushoku Tensei: Jobless Reincarnation,2
960,Wind Breaker,4
960,Skip and Loafer,3
960,Kuroko's Basketball,4
960,The Apothecary Diaries,2
960,Free! - Iwatobi Swim Club,4
960,Dragon Ball Super,2
961,Kaguya-sama: Love is War,4
961,Code Geass,5
961,One-Punch Man,5
961,Attack on Titan,4
961,Toradora!,2
961,Assassination Classroom,3
961,The Promised Neverland,4
961,KONOSUBA -God's blessing on this wonderful world!,4
961,Banana Fish,4
961,Steins;Gate,4
961,Jojo's Bizarre Adventure,2
961,Psycho-Pass,3
961,Vinland Saga,3
961,Odd Taxi,5
961,Spy x Family,4
961,Mashle: Magic and Muscles,3
961,The Apothecary Diaries,3
961,Your Lie in April,3
961,Death Note,4
961,Nichijou - My Ordinary Life,4
961,Jujutsu Kaisen,2
962,Wind Breaker,4
962,Assassination Classroom,5
962,Haikyu!!,4
962,Free! - Iwatobi Swim Club,4
962,Kaguya-sama: Love is War,3
962,One-Punch Man,4
963,Neon Genesis Evangelion,3
963,Cowboy Bebop,3
963,Mushishi,4
963,Horimiya,5
963,Steins;Gate,4
963,Made in Abyss,3
964,Attack on Titan,4
964,Frieren: Beyond Journey's End,5
964,Fullmetal Alchemist: Brotherhood,3
964,Steins;Gate,4
964,Hunter x Hunter,5
964,Vinland Saga,4
964,Neon Genesis Evangelion,3
964,Nichijou - My Ordinary Life,2
964,Made in Abyss,4
964,Gintama,3
964,That Time I Got Reincarnated as a Slime,1
965,Naruto,1
965,Ranking of Kings,3
965,Frieren: Beyond Journey's End,3
965,Yuri!!! on Ice,1
965,Spy x Family,4
965,The Apothecary Diaries,3
965,Skip and Loafer,2
966,Kaguya-sama: Love is War,3
966,My Dress-Up Darling,3
966,Spy x Family,3
966,Rascal Does Not Dream of Bunny Girl Senpai,3
966,Neon Genesis Evangelion,3
966,Cowboy Bebop,4
966,Fullmetal Alchemist: Brotherhood,4
966,Demon Slayer: Kimetsu no Yaiba,2
966,Steins;Gate,3
966,Attack on Titan,4
966,Horimiya,4
966,Clannad After Story,4
966,Made in Abyss,3
966,Re:ZERO -Starting Life in Another World-,2
966,Gintama,3
966,One-Punch Man,1
966,Dandadan,3
966,Fruits Basket,4
966,Banana Fish,3
966,Toradora!,3
966,Vinland Saga,3
967,Gintama,5
967,Jujutsu Kaisen,2
967,Mashle: Magic and Muscles,3
967,Spy x Family,4
967,Bleach,1
967,Mushishi,4
968,Fire Force,4
968,Demon Slayer: Kimetsu no Yaiba,5
968,Black Clover,4
968,Naruto Shippuden,5
968,Jujutsu Kaisen,4
968,Haikyu!!,5
968,One Piece,5
968,Kaiju No. 8,5
968,Made in Abyss,2
969,Bleach,2
969,Wind Breaker,5
969,Kuroko's Basketball,4
969,Odd Taxi,2
969,Neon Genesis Evangelion,3
969,Yuri!!! on Ice,5
969,Free! - Iwatobi Swim Club,5
969,Erased,3
969,That Time I Got Reincarnated as a Slime,4
969,Re:ZERO -Starting Life in Another World-,4
969,Assassination Classroom,5
969,Banana Fish,3
969,Blue Lock,5
969,Haikyu!!,5
969,Jojo's Bizarre Adventure,4
969,Steins;Gate,3
969,Attack on Titan,4
969,The Eminence in Shadow,2
969,Black Clover,3
969,Clannad After Story,3
969,Jujutsu Kaisen,3
969,Nichijou - My Ordinary Life,3
969,Solo Leveling,3
969,Gintama,4
969,Chainsaw Man,3
970,Nichijou - My Ordinary Life,5
970,Spy x Family,5
970,Gintama,4
970,The Rising of the Shield Hero,1
970,Yuri!!! on Ice,4
970,Horimiya,3
970,Wind Breaker,4
970,Ranking of Kings,2
970,Your Lie in April,3
970,One-Punch Man,4
970,Kaguya-sama: Love is War,4
970,Free! - Iwatobi Swim Club,5
970,Haikyu!!,4
970,Blue Lock,4
970,Mashle: Magic and Muscles,4
970,KONOSUBA -God's blessing on this wonderful world!,5
970,The Apothecary Diaries,1
970,Assassination Classroom,4
970,Kuroko's Basketball,4
970,Death Note,2
970,Bocchi the Rock!,5
970,Psycho-Pass,3
970,Laid-Back Camp,3
970,Mob Psycho 100,5
970,Code Geass,2
971,Mob Psycho 100,1
971,The Apothecary Diaries,4
971,Erased,4
971,Steins;Gate,5
971,The Promised Neverland,4
971,Nichijou - My Ordinary Life,1
971,Code Geass,4
971,Banana Fish,4
971,Odd Taxi,3
972,The Rising of the Shield Hero,5
972,Solo Leveling,4
972,One-Punch Man,4
972,Bocchi the Rock!,5
972,Mashle: Magic and Muscles,3
972,Assassination Classroom,5
972,Banana Fish,2
972,Nichijou - My Ordinary Life,5
972,My Hero Academia,2
972,Log Horizon,5
972,That Time I Got Reincarnated as a Slime,4
972,Gintama,5
972,Mushoku Tensei: Jobless Reincarnation,4
973,Kaguya-sama: Love is War,5
973,Gintama,5
973,Mashle: Magic and Muscles,4
973,Solo Leveling,5
973,Assassination Classroom,4
973,Spy x Family,4
973,Re:ZERO -Starting Life in Another World-,4
974,Mushishi,3
974,Vinland Saga,4
974,Spy x Family,4
974,Hunter x Hunter,5
974,Dr. Stone,5
974,Nichijou - My Ordinary Life,3
975,Jujutsu Kaisen,3
975,That Time I Got Reincarnated as a Slime,4
975,Rascal Does Not Dream of Bunny Girl Senpai,5
975,Fruits Basket,5
975,Solo Leveling,5
975,My Dress-Up Darling,5
975,KONOSUBA -God's blessing on this wonderful world!,5
975,Kaiju No. 8,2
975,Kaguya-sama: Love is War,5
975,Clannad After Story,5
975,Overlord,4
975,Dandadan,5
975,Re:ZERO -Starting Life in Another World-,5
975,Log Horizon,4
975,Your Lie in April,5
976,The Rising of the Shield Hero,2
976,Haikyu!!,3
976,Chainsaw Man,3
976,Wind Breaker,5
976,Free! - Iwatobi Swim Club,4
976,Blue Lock,4
976,Assassination Classroom,5
976,Kuroko's Basketball,5
976,Toradora!,3
976,Yuri!!! on Ice,5
976,Hunter x Hunter,3
976,Vinland Saga,4
977,Fullmetal Alchemist: Brotherhood,4
977,Laid-Back Camp,3
977,Gintama,5
977,Yuri!!! on Ice,4
977,Free! - Iwatobi Swim Club,4
977,Vinland Saga,4
977,Tokyo Ghoul,1
977,Wind Breaker,5
977,My Hero Academia,1
977,Attack on Titan,4
977,Banana Fish,4
977,Cowboy Bebop,3
977,Steins;Gate,4
977,Bocchi the Rock!,2
977,Frieren: Beyond Journey's End,4
977,Mushishi,4
977,Haikyu!!,5
978,Bocchi the Rock!,5
978,Gintama,4
978,Vinland Saga,1
978,The Rising of the Shield Hero,4
978,Frieren: Beyond Journey's End,2
978,One-Punch Man,3
978,That Time I Got Reincarnated as a Slime,2
978,Spy x Family,3
978,Laid-Back Camp,1
978,Assassination Classroom,3
978,Mob Psycho 100,3
978,Solo Leveling,4
978,KONOSUBA -God's blessing on this wonderful world!,3
978,Re:ZERO -Starting Life in Another World-,4
978,Nichijou - My Ordinary Life,4
978,Sword Art Online,3
978,Kaguya-sama: Love is War,3
978,Clannad After Story,1
979,Spy x Family,4
979,Mashle: Magic and Muscles,4
979,Attack on Titan,4
979,Kaguya-sama: Love is War,5
979,Death Note,4
979,The Promised Neverland,5
979,Odd Taxi,4
979,Nichijou - My Ordinary Life,3
979,KONOSUBA -God's blessing on this wonderful world!,4
979,The Apothecary Diaries,5
979,Assassination Classroom,3
979,Psycho-Pass,5
979,One-Punch Man,4
979,Gintama,4
980,Haikyu!!,5
980,Frieren: Beyond Journey's End,5
980,KONOSUBA -God's blessing on this wonderful world!,5
980,The Apothecary Diaries,5
980,Mushishi,5
980,Hell's Paradise,1
980,Spy x Family,5
980,The Rising of the Shield Hero,4
980,That Time I Got Reincarnated as a Slime,4
980,Mashle: Magic and Muscles,5
980,Dr. Stone,5
980,Re:ZERO -Starting Life in Another World-,4
980,Ranking of Kings,5
980,Mushoku Tensei: Jobless Reincarnation,4
980,Laid-Back Camp,5
980,Skip and Loafer,5
980,Tokyo Ghoul,2
981,Yuri!!! on Ice,4
981,Mushishi,4
981,Blue Lock,4
981,Laid-Back Camp,4
981,Kuroko's Basketball,4
981,Bocchi the Rock!,4
981,Demon Slayer: Kimetsu no Yaiba,2
981,Assassination Classroom,4
981,Skip and Loafer,5
981,Spy x Family,5
981,The Apothecary Diaries,4
981,Frieren: Beyond Journey's End,5
981,Dr. Stone,5
982,Spy x Family,4
982,Dandadan,5
982,Your Lie in April,4
982,Horimiya,4
982,Kaguya-sama: Love is War,4
982,Laid-Back Camp,4
982,Clannad After Story,3
982,Fruits Basket,5
982,Toradora!,4
982,My Dress-Up Darling,5
982,Chainsaw Man,3
983,KONOSUBA -God's blessing on this wonderful world!,5
983,Fire Force,4
983,Demon Slayer: Kimetsu no Yaiba,4
983,Made in Abyss,2
983,One-Punch Man,4
983,Hell's Paradise,4
983,Kaiju No. 8,5
983,Kaguya-sama: Love is War,4
983,One Piece,5
983,My Hero Academia,3
983,Naruto,3
983,Wind Breaker,5
983,Dragon Ball Super,3
983,Spy x Family,3
983,Black Clover,4
983,Nichijou - My Ordinary Life,4
983,Jujutsu Kaisen,3
983,Bocchi the Rock!,4
984,KONOSUBA -God's blessing on this wonderful world!,3
984,Nichijou - My Ordinary Life,3
984,Kaguya-sama: Love is War,4
984,Hunter x Hunter,4
984,Bocchi the Rock!,4
984,Banana Fish,4
984,Mob Psycho 100,5
984,Fullmetal Alchemist: Brotherhood,4
984,Frieren: Beyond Journey's End,5
984,Spy x Family,5
984,Steins;Gate,4
984,Log Horizon,1
984,Made in Abyss,5
984,Vinland Saga,4
984,Cowboy Bebop,4
984,Neon Genesis Evangelion,5
984,Assassination Classroom,4
984,Attack on Titan,5
984,Mashle: Magic and Muscles,4
984,One-Punch Man,4
984,Rascal Does Not Dream of Bunny Girl Senpai,3
984,Gintama,4
984,Tokyo Ghoul,2
984,Mushishi,4
984,Demon Slayer: Kimetsu no Yaiba,2
985,Assassination Classroom,4
985,One Piece,2
985,Blue Lock,4
985,Wind Breaker,3
985,The Eminence in Shadow,2
985,Kuroko's Basketball,5
985,Skip and Loafer,2
985,Ranking of Kings,2
985,Mushishi,1
985,Neon Genesis Evangelion,1
985,Haikyu!!,4
985,Free! - Iwatobi Swim Club,4
985,Demon Slayer: Kimetsu no Yaiba,2
985,Black Clover,2
985,Death Note,2
985,Yuri!!! on Ice,3
985,Made in Abyss,3
986,The Eminence in Shadow,4
986,Solo Leveling,3
986,Blue Lock,4
986,Yuri!!! on Ice,2
986,Wind Breaker,4
986,Steins;Gate,2
986,Banana Fish,1
986,Log Horizon,3
986,Cowboy Bebop,2
986,The Rising of the Shield Hero,3
986,That Time I Got Reincarnated as a Slime,4
986,Free! - Iwatobi Swim Club,4
986,Kuroko's Basketball,4
986,Overlord,3
986,Mushoku Tensei: Jobless Reincarnation,4
986,Haikyu!!,3
986,Psycho-Pass,2
986,Assassination Classroom,3
986,Sword Art Online,4
986,Mob Psycho 100,2
986,Re:ZERO -Starting Life in Another World-,4
987,Spy x Family,4
987,Rascal Does Not Dream of Bunny Girl Senpai,4
987,Nichijou - My Ordinary Life,3
987,My Dress-Up Darling,2
987,Haikyu!!,4
987,Mushishi,3
987,Banana Fish,2
987,Bocchi the Rock!,5
987,Dandadan,4
987,Laid-Back Camp,4
987,Death Note,2
987,Skip and Loafer,4
987,Horimiya,3
987,Vinland Saga,2
987,The Apothecary Diaries,3
987,Kaguya-sama: Love is War,3
987,Dr. Stone,4
987,Fruits Basket,2
987,The Eminence in Shadow,1
987,Ranking of Kings,4
988,Made in Abyss,4
988,Gintama,4
988,Fullmetal Alchemist: Brotherhood,3
988,Cowboy Bebop,3
988,Yuri!!! on Ice,3
988,Attack on Titan,5
988,My Dress-Up Darling,2
988,Spy x Family,2
988,Hunter x Hunter,4
988,Mushishi,2
988,Vinland Saga,3
988,Steins;Gate,3
988,Frieren: Beyond Journey's End,3
988,Neon Genesis Evangelion,3
988,Jojo's Bizarre Adventure,1
988,The Eminence in Shadow,2
988,Demon Slayer: Kimetsu no Yaiba,2
988,Skip and Loafer,2
988,Jujutsu Kaisen,1
988,Fruits Basket,2
988,Banana Fish,3
988,Your Lie in April,2
988,KONOSUBA -God's blessing on this wonderful world!,2
988,Dr. Stone,2
989,Banana Fish,4
989,Death Note,4
989,My Dress-Up Darling,2
989,Attack on Titan,4
989,Odd Taxi,4
989,Kaiju No. 8,2
989,Steins;Gate,4
990,Odd Taxi,4
990,Erased,4
990,Psycho-Pass,4
990,My Dress-Up Darling,2
990,The Apothecary Diaries,5
990,Laid-Back Camp,3
990,Code Geass,4
990,Haikyu!!,3
991,Bocchi the Rock!,4
991,Solo Leveling,3
991,Kaguya-sama: Love is War,4
991,Spy x Family,5
991,Free! - Iwatobi Swim Club,3
991,Mashle: Magic and Muscles,4
991,Gintama,4
991,Mob Psycho 100,5
991,KONOSUBA -God's blessing on this wonderful world!,4
991,Attack on Titan,2
991,Nichijou - My Ordinary Life,5
991,Kaiju No. 8,3
991,Skip and Loafer,2
991,One-Punch Man,4
991,Odd Taxi,1
991,Clannad After Story,3
991,Tokyo Ghoul,3
991,Assassination Classroom,4
991,Fullmetal Alchemist: Brotherhood,3
992,Attack on Titan,5
992,The Apothecary Diaries,5
992,Steins;Gate,5
992,Odd Taxi,3
992,Erased,4
992,Yuri!!! on Ice,2
992,Code Geass,5
992,Gintama,2
992,Psycho-Pass,3
992,Overlord,3
992,Free! - Iwatobi Swim Club,2
992,The Promised Neverland,3
992,Vinland Saga,3
992,Clannad After Story,2
992,Death Note,4
992,Jujutsu Kaisen,3
992,Banana Fish,4
992,Mashle: Magic and Muscles,2
992,Laid-Back Camp,3
992,Demon Slayer: Kimetsu no Yaiba,1
992,My Hero Academia,3
992,Made in Abyss,2
992,Assassination Classroom,2
992,Hunter x Hunter,3
992,Fire Force,3
993,Bocchi the Rock!,5
993,Naruto Shippuden,3
993,Haikyu!!,5
993,Dr. Stone,5
993,Laid-Back Camp,4
993,Skip and Loafer,5
993,The Apothecary Diaries,5
993,Odd Taxi,3
993,Mushishi,3
993,Nichijou - My Ordinary Life,4
993,Spy x Family,5
993,Ranking of Kings,5
993,The Promised Neverland,2
993,Jujutsu Kaisen,1
993,Frieren: Beyond Journey's End,5
993,Overlord,2
993,Fullmetal Alchemist: Brotherhood,3
993,Fruits Basket,3
993,Bleach,2
993,Hell's Paradise,2
993,My Dress-Up Darling,3
993,Jojo's Bizarre Adventure,3
993,The Rising of the Shield Hero,2
993,That Time I Got Reincarnated as a Slime,3
993,Mashle: Magic and Muscles,2
994,Spy x Family,4
994,Jojo's Bizarre Adventure,1
994,Dr. Stone,4
994,Mushishi,3
994,Bocchi the Rock!,5
994,The Apothecary Diaries,5
994,Skip and Loafer,4
994,That Time I Got Reincarnated as a Slime,1
994,The Rising of the Shield Hero,2
994,Haikyu!!,5
994,Ranking of Kings,5
994,Frieren: Beyond Journey's End,5
994,Laid-Back Camp,3
994,Death Note,3
994,Hunter x Hunter,2
995,The Eminence in Shadow,4
995,Solo Leveling,2
995,Log Horizon,3
995,Mashle: Magic and Muscles,3
995,Overlord,2
995,Mushoku Tensei: Jobless Reincarnation,4
995,That Time I Got Reincarnated as a Slime,4
995,KONOSUBA -God's blessing on this wonderful world!,3
995,Sword Art Online,3
995,Re:ZERO -Starting Life in Another World-,3
995,Haikyu!!,1
995,Spy x Family,3
995,Nichijou - My Ordinary Life,3
995,Kuroko's Basketball,2
995,Free! - Iwatobi Swim Club,2
995,Dr. Stone,1
995,Bocchi the Rock!,2
995,Frieren: Beyond Journey's End,2
995,Fullmetal Alchemist: Brotherhood,3
996,Kuroko's Basketball,4
996,Frieren: Beyond Journey's End,4
996,Nichijou - My Ordinary Life,5
996,The Apothecary Diaries,4
996,Free! - Iwatobi Swim Club,5
996,Assassination Classroom,4
996,Bocchi the Rock!,5
996,Your Lie in April,3
996,Yuri!!! on Ice,5
996,Laid-Back Camp,4
996,Wind Breaker,5
996,Made in Abyss,2
997,Mashle: Magic and Muscles,4
997,Haikyu!!,4
997,KONOSUBA -God's blessing on this wonderful world!,5
997,Kaguya-sama: Love is War,5
997,Wind Breaker,3
997,Yuri!!! on Ice,3
997,Kuroko's Basketball,3
998,The Eminence in Shadow,2
998,Re:ZERO -Starting Life in Another World-,3
998,Blue Lock,2
998,Vinland Saga,5
998,Steins;Gate,4
998,Frieren: Beyond Journey's End,5
998,Made in Abyss,4
998,Haikyu!!,3
998,Hunter x Hunter,4
998,Fullmetal Alchemist: Brotherhood,5
999,Death Note,3
999,Ranking of Kings,5
999,Blue Lock,2
999,Bocchi the Rock!,5
999,Spy x Family,4
999,Laid-Back Camp,4
999,Horimiya,2
999,Dr. Stone,4
999,Skip and Loafer,4
999,Jujutsu Kaisen,2
999,Mushishi,3
999,Nichijou - My Ordinary Life,4
999,Neon Genesis Evangelion,2
999,Frieren: Beyond Journey's End,5
999,Naruto Shippuden,2
999,The Apothecary Diaries,5
999,That Time I Got Reincarnated as a Slime,2
999,Haikyu!!,4
999,Dragon Ball Super,2
999,Odd Taxi,2
999,Mashle: Magic and Muscles,2
1000,Hell's Paradise,1
1000,Kaiju No. 8,1
1000,Kuroko's Basketball,4
1000,Demon Slayer: Kimetsu no Yaiba,2
1000,Free! - Iwatobi Swim Club,4
1000,Yuri!!! on Ice,5
1000,Gintama,2
1000,Ranking of Kings,1
1000,Blue Lock,4
1000,Assassination Classroom,3
1000,Rascal Does Not Dream of Bunny Girl Senpai,2
1000,My Hero Academia,1
1000,Jujutsu Kaisen,2
1000,Wind Breaker,4
1000,Chainsaw Man,2
1000,Haikyu!!,4
1000,Dandadan,2
1000,That Time I Got Reincarnated as a Slime,2
1000,The Rising of the Shield Hero,2
1001,Dragon Ball Super,4
1001,Nichijou - My Ordinary Life,1
1001,Erased,1
1001,Jojo's Bizarre Adventure,4
1001,Jujutsu Kaisen,5
1001,Fire Force,5
1001,Horimiya,5
1001,Fruits Basket,3
1001,Black Clover,5
1001,Naruto,3
1001,Bleach,3
1001,Kaiju No. 8,4
1001,My Hero Academia,4
1001,Wind Breaker,3
1001,Dandadan,3
1001,Kaguya-sama: Love is War,5
1001,Chainsaw Man,4
1001,Hunter x Hunter,2
1001,Rascal Does Not Dream of Bunny Girl Senpai,3
1001,Toradora!,5
1001,Solo Leveling,4
1001,One Piece,4
1002,Frieren: Beyond Journey's End,3
1002,Nichijou - My Ordinary Life,3
1002,Gintama,4
1002,Neon Genesis Evangelion,2
1002,Fullmetal Alchemist: Brotherhood,4
1002,One-Punch Man,4
1002,Mushishi,4
1002,Steins;Gate,5
1002,Jujutsu Kaisen,2
1002,Made in Abyss,3
1002,Kuroko's Basketball,2
1002,Attack on Titan,5
1002,Vinland Saga,4
1002,Spy x Family,4
1002,Haikyu!!,2
1002,Mob Psycho 100,4
1002,Assassination Classroom,3
1002,Banana Fish,4
1002,Hunter x Hunter,3
1002,Cowboy Bebop,3
1002,Toradora!,3
1003,Naruto,3
1003,Death Note,5
1003,Odd Taxi,4
1003,The Apothecary Diaries,5
1003,Jujutsu Kaisen,4
1003,Attack on Titan,5
1003,Psycho-Pass,5
1003,The Promised Neverland,5
1004,Laid-Back Camp,4
1004,Nichijou - My Ordinary Life,5
1004,Bocchi the Rock!,5
1004,One-Punch Man,5
1004,Mashle: Magic and Muscles,5
1004,Bleach,2
1004,My Hero Academia,3
1004,Banana Fish,2
1004,KONOSUBA -God's blessing on this wonderful world!,5
1004,Kaguya-sama: Love is War,5
1004,Haikyu!!,3
1004,Gintama,4
1004,Spy x Family,4
1004,Mob Psycho 100,5
1004,Fruits Basket,2
1004,Steins;Gate,4
1005,Rascal Does Not Dream of Bunny Girl Senpai,5
1005,Solo Leveling,5
1005,Dandadan,5
1005,My Dress-Up Darling,4
1005,Kaguya-sama: Love is War,5
1005,Re:ZERO -Starting Life in Another World-,5
1006,One Piece,5
1006,Black Clover,4
1006,Dandadan,4
1006,Fire Force,4
1006,Steins;Gate,2
1006,Jujutsu Kaisen,5
1006,Chainsaw Man,4
1006,Jojo's Bizarre Adventure,4
1006,My Hero Academia,4
1006,Wind Breaker,4
1006,Solo Leveling,5
1006,Kaiju No. 8,4
1006,Demon Slayer: Kimetsu no Yaiba,4
1006,Hell's Paradise,4
1006,Fruits Basket,3
1006,Dragon Ball Super,4
1006,Your Lie in April,3
1006,Haikyu!!,2
1006,Naruto,5
1006,Naruto Shippuden,5
1007,Fullmetal Alchemist: Brotherhood,4
1007,Made in Abyss,5
1007,The Apothecary Diaries,5
1007,The Promised Neverland,5
1007,Hunter x Hunter,4
1007,Death Note,5
1007,Attack on Titan,4
1007,Mushishi,5
1007,Code Geass,5
1007,Vinland Saga,5
1007,Psycho-Pass,4
1007,Erased,4
1007,Banana Fish,5
1007,Frieren: Beyond Journey's End,5
1007,Naruto,3
1007,Log Horizon,3
1007,Demon Slayer: Kimetsu no Yaiba,3
1007,Cowboy Bebop,5
1007,Steins;Gate,5
1008,Steins;Gate,4
1008,Nichijou - My Ordinary Life,3
1008,Haikyu!!,4
1008,Laid-Back Camp,4
1008,Attack on Titan,3
1008,Blue Lock,2
1008,Black Clover,2
1008,Banana Fish,4
1009,Death Note,5
1009,Attack on Titan,4
1009,Banana Fish,5
1009,Code Geass,4
1009,Odd Taxi,4
1009,Haikyu!!,3
1009,Skip and Loafer,2
1009,Erased,4
1009,My Dress-Up Darling,2
1009,The Apothecary Diaries,5
1010,Banana Fish,5
1010,Cowboy Bebop,5
1010,Neon Genesis Evangelion,4
1010,Rascal Does Not Dream of Bunny Girl Senpai,3
1010,Vinland Saga,5
1010,Horimiya,3
1011,Ranking of Kings,4
1011,Frieren: Beyond Journey's End,5
1011,Mushishi,5
1011,Assassination Classroom,4
1011,One Piece,3
1011,Bocchi the Rock!,5
1012,Wind Breaker,1
1012,Cowboy Bebop,3
1012,Mushishi,3
1012,Attack on Titan,5
1012,Frieren: Beyond Journey's End,3
1012,Kaiju No. 8,1
1012,Fullmetal Alchemist: Brotherhood,4
1013,The Apothecary Diaries,4
1013,Spy x Family,5
1013,Skip and Loafer,3
1013,Mob Psycho 100,2
1013,Bocchi the Rock!,5
1013,Frieren: Beyond Journey's End,4
1013,Mushishi,3
1013,Haikyu!!,4
1013,Sword Art Online,1
1013,Dr. Stone,4
1013,Erased,3
1013,Laid-Back Camp,4
1013,Rascal Does Not Dream of Bunny Girl Senpai,3
1013,Ranking of Kings,5
1013,Attack on Titan,3
1013,Nichijou - My Ordinary Life,4
1013,That Time I Got Reincarnated as a Slime,2
1013,Odd Taxi,1
1013,Naruto,2
1013,One Piece,3
1013,Kaguya-sama: Love is War,2
1013,Demon Slayer: Kimetsu no Yaiba,3
1013,Cowboy Bebop,2
1013,Re:ZERO -Starting Life in Another World-,2
1013,The Eminence in Shadow,3
1014,Ranking of Kings,4
1014,The Rising of the Shield Hero,2
1014,Dandadan,2
1014,Skip and Loafer,4
1014,Mushishi,3
1014,Fullmetal Alchemist: Brotherhood,3
1014,Haikyu!!,4
1014,Horimiya,1
1014,Spy x Family,4
1014,The Apothecary Diaries,5
1014,Assassination Classroom,2
1014,Frieren: Beyond Journey's End,5
1014,Bocchi the Rock!,5
1015,Hell's Paradise,4
1015,Solo Leveling,4
1015,Black Clover,4
1015,Haikyu!!,5
1015,Blue Lock,4
1015,Naruto Shippuden,5
1015,Wind Breaker,5
1015,Dandadan,4
1015,My Dress-Up Darling,2
1015,Assassination Classroom,4
1015,My Hero Academia,5
1015,Mushishi,2
1015,Kaiju No. 8,5
1015,Neon Genesis Evangelion,1
1016,Horimiya,3
1016,Kaguya-sama: Love is War,4
1016,My Dress-Up Darling,4
1016,Dandadan,4
1016,Rascal Does Not Dream of Bunny Girl Senpai,4
1016,Clannad After Story,5
1016,Ranking of Kings,2
1016,Toradora!,4
1016,Yuri!!! on Ice,2
1016,Fruits Basket,4
1016,Bleach,2
1016,Kuroko's Basketball,3
1016,Death Note,3
1016,Spy x Family,5
1016,Your Lie in April,3
1016,Hell's Paradise,2
1016,Re:ZERO -Starting Life in Another World-,2
1016,Jujutsu Kaisen,3
1016,Mushishi,2
1017,My Dress-Up Darling,5
1017,Dandadan,4
1017,Toradora!,5
1017,Your Lie in April,5
1017,Vinland Saga,4
1017,Demon Slayer: Kimetsu no Yaiba,3
1017,Rascal Does Not Dream of Bunny Girl Senpai,4
1017,Made in Abyss,4
1017,Cowboy Bebop,4
1017,Kaguya-sama: Love is War,5
1017,Frieren: Beyond Journey's End,5
1017,Spy x Family,4
1017,Hunter x Hunter,5
1017,Neon Genesis Evangelion,4
1017,Banana Fish,4
1017,Horimiya,5
1017,Naruto Shippuden,2
1017,Attack on Titan,4
1017,Mushishi,4
1018,Fire Force,5
1018,Dandadan,5
1018,Skip and Loafer,5
1018,Jojo's Bizarre Adventure,5
1018,Hell's Paradise,5
1018,Wind Breaker,4
1018,Kaiju No. 8,4
1018,Demon Slayer: Kimetsu no Yaiba,4
1018,Bleach,5
1018,Mushishi,5
1019,Erased,3
1019,Bocchi the Rock!,4
1019,KONOSUBA -God's blessing on this wonderful world!,4
1019,Spy x Family,5
1019,One-Punch Man,5
1019,Dandadan,2
1019,Mashle: Magic and Muscles,4
1019,Laid-Back Camp,2
1019,Log Horizon,3
1019,Assassination Classroom,4
1019,The Rising of the Shield Hero,2
1019,Nichijou - My Ordinary Life,4
1019,Mob Psycho 100,5
1019,Kaguya-sama: Love is War,5
1019,Gintama,5
1019,Vinland Saga,4
1020,Neon Genesis Evangelion,4
1020,Attack on Titan,5
1020,Frieren: Beyond Journey's End,5
1020,Vinland Saga,4
1020,Fullmetal Alchemist: Brotherhood,4
1020,Cowboy Bebop,4
1020,Banana Fish,4
1020,Gintama,4
1020,Steins;Gate,4
1020,Hunter x Hunter,5
1020,Naruto,3
1020,Bleach,2
1020,Mushishi,4
1021,Hunter x Hunter,5
1021,Vinland Saga,5
1021,Frieren: Beyond Journey's End,4
1021,Steins;Gate,4
1021,Erased,4
1021,Code Geass,4
1021,Mushishi,5
1021,The Apothecary Diaries,4
1021,Death Note,4
1021,Banana Fish,4
1021,Gintama,5
1021,Made in Abyss,5
1021,Cowboy Bebop,4
1021,Fullmetal Alchemist: Brotherhood,5
1021,Odd Taxi,3
1021,Toradora!,4
1021,The Promised Neverland,3
1022,Naruto Shippuden,2
1022,Kaiju No. 8,2
1022,Neon Genesis Evangelion,5
1022,Steins;Gate,3
1022,Kuroko's Basketball,4
1022,Banana Fish,4
1022,Vinland Saga,3
1022,Attack on Titan,3
1022,Blue Lock,4
1022,Cowboy Bebop,4
1022,Yuri!!! on Ice,4
1022,Assassination Classroom,5
1022,Frieren: Beyond Journey's End,3
1022,One-Punch Man,1
1022,Haikyu!!,4
1022,Free! - Iwatobi Swim Club,4
1022,Nichijou - My Ordinary Life,1
1022,Hunter x Hunter,4
1022,Mushishi,4
1023,Toradora!,5
1023,Cowboy Bebop,2
1023,Assassination Classroom,4
1023,Rascal Does Not Dream of Bunny Girl Senpai,3
1023,Tokyo Ghoul,2
1023,Wind Breaker,4
1023,Blue Lock,4
1023,Kuroko's Basketball,4
1023,The Eminence in Shadow,2
1023,Haikyu!!,5
1023,Your Lie in April,4
1023,Kaguya-sama: Love is War,4
1023,Yuri!!! on Ice,4
1024,Solo Leveling,5
1024,KONOSUBA -God's blessing on this wonderful world!,5
1024,Toradora!,4
1024,Dandadan,5
1024,My Dress-Up Darling,5
1024,Spy x Family,4
1024,Made in Abyss,2
1024,Kaguya-sama: Love is War,5
1024,Mushoku Tensei: Jobless Reincarnation,3
1024,Fullmetal Alchemist: Brotherhood,2
1024,Cowboy Bebop,3
1024,Fruits Basket,5
1024,Clannad After Story,5
1025,One Piece,2
1025,Mashle: Magic and Muscles,2
1025,Steins;Gate,4
1025,Hunter x Hunter,4
1025,Frieren: Beyond Journey's End,5
1025,Fullmetal Alchemist: Brotherhood,4
1025,Cowboy Bebop,4
1025,Mushishi,3
1025,Vinland Saga,4
1025,Banana Fish,3
1025,Gintama,5
1026,The Eminence in Shadow,4
1026,Laid-Back Camp,2
1026,Re:ZERO -Starting Life in Another World-,4
1026,Gintama,5
1026,Solo Leveling,4
1026,Banana Fish,5
1027,Horimiya,4
1027,Haikyu!!,5
1027,Clannad After Story,4
1027,Yuri!!! on Ice,3
1027,Your Lie in April,4
1027,My Dress-Up Darling,4
1027,Kaguya-sama: Love is War,5
1027,Bocchi the Rock!,3
1027,Spy x Family,4
1027,Toradora!,4
1027,Fruits Basket,4
1027,Wind Breaker,5
1027,Dandadan,5
1027,The Apothecary Diaries,3
1027,Jujutsu Kaisen,2
1028,Frieren: Beyond Journey's End,5
1028,Mushishi,4
1028,Dr. Stone,5
1028,Laid-Back Camp,4
1028,Bocchi the Rock!,5
1028,Ranking of Kings,5
1028,The Apothecary Diaries,5
1028,Mashle: Magic and Muscles,2
1029,Mashle: Magic and Muscles,3
1029,Kaguya-sama: Love is War,4
1029,KONOSUBA -God's blessing on this wonderful world!,5
1029,Nichijou - My Ordinary Life,4
1029,Assassination Classroom,4
1029,Gintama,3
1029,One-Punch Man,3
1029,Erased,2
1029,Bocchi the Rock!,5
1029,Spy x Family,3
1029,Jojo's Bizarre Adventure,2
1029,Mob Psycho 100,4
1029,Banana Fish,3
1029,Haikyu!!,2
1029,Cowboy Bebop,2
1029,Yuri!!! on Ice,1
1029,Demon Slayer: Kimetsu no Yaiba,1
1029,Steins;Gate,2
1029,Bleach,1
1029,My Dress-Up Darling,2
1029,Chainsaw Man,1
1029,Mushishi,2
1029,Dragon Ball Super,2
1029,The Rising of the Shield Hero,1
1029,That Time I Got Reincarnated as a Slime,3
1030,Yuri!!! on Ice,5
1030,Haikyu!!,5
1030,Nichijou - My Ordinary Life,3
1030,Blue Lock,5
1030,One Piece,3
1030,Free! - Iwatobi Swim Club,4
1030,Skip and Loafer,2
1030,Toradora!,2
1030,Mashle: Magic and Muscles,3
1030,Sword Art Online,3
1030,Bocchi the Rock!,3
1030,Demon Slayer: Kimetsu no Yaiba,1
1030,Assassination Classroom,3
1030,Wind Breaker,4
1030,Fire Force,2
1030,Kuroko's Basketball,4
1030,Code Geass,3
1030,The Eminence in Shadow,3
1030,Odd Taxi,3
1030,Banana Fish,2
1030,Made in Abyss,2
1030,Frieren: Beyond Journey's End,3
1030,Hell's Paradise,3
1030,That Time I Got Reincarnated as a Slime,2
1030,Mushishi,3
1031,Wind Breaker,3
1031,Jojo's Bizarre Adventure,3
1031,Your Lie in April,2
1031,Toradora!,3
1031,Solo Leveling,4
1031,Spy x Family,4
1031,Naruto Shippuden,4
1031,Chainsaw Man,4
1031,Dragon Ball Super,5
1031,Clannad After Story,5
1031,My Dress-Up Darling,4
1031,Bleach,3
1031,Erased,2
1031,Neon Genesis Evangelion,2
1032,Odd Taxi,2
1032,Haikyu!!,4
1032,Ranking of Kings,4
1032,Dr. Stone,4
1032,Solo Leveling,4
1032,The Rising of the Shield Hero,4
1032,Mushishi,4
1032,Re:ZERO -Starting Life in Another World-,4
1032,Laid-Back Camp,4
1032,Overlord,3
1032,Bocchi the Rock!,5
1032,The Eminence in Shadow,4
1032,Skip and Loafer,4
1032,Frieren: Beyond Journey's End,5
1032,Spy x Family,4
1032,Sword Art Online,4
1033,Kaguya-sama: Love is War,4
1033,Dragon Ball Super,4
1033,Solo Leveling,3
1033,Spy x Family,5
1033,Chainsaw Man,5
1033,Wind Breaker,4
1033,Kaiju No. 8,3
1033,My Hero Academia,4
1033,Toradora!,4
1033,Fire Force,3
1033,One Piece,4
1033,Demon Slayer: Kimetsu no Yaiba,5
1033,Horimiya,4
1033,Cowboy Bebop,2
1033,Bleach,4
1033,Naruto,4
1033,Clannad After Story,4
1033,Jujutsu Kaisen,5
1033,Rascal Does Not Dream of Bunny Girl Senpai,5
1033,Dandadan,5
1034,Haikyu!!,5
1034,Assassination Classroom,4
1034,Yuri!!! on Ice,5
1034,One-Punch Man,3
1034,Rascal Does Not Dream of Bunny Girl Senpai,3
1034,Blue Lock,5
1034,Fruits Basket,3
1034,Wind Breaker,5
1034,Code Geass,2
1034,My Dress-Up Darling,3
1034,Erased,3
1034,Gintama,3
1034,Free! - Iwatobi Swim Club,4
1035,Hell's Paradise,3
1035,Cowboy Bebop,4
1035,Assassination Classroom,4
1035,Steins;Gate,4
1035,Fullmetal Alchemist: Brotherhood,4
1035,Banana Fish,4
1035,Blue Lock,4
1035,Free! - Iwatobi Swim Club,3
1035,Yuri!!! on Ice,4
1035,Vinland Saga,4
1035,Haikyu!!,5
1035,Frieren: Beyond Journey's End,5
1035,Dandadan,3
1035,Hunter x Hunter,4
1035,Wind Breaker,4
1035,Skip and Loafer,1
1035,Gintama,4
1035,Attack on Titan,5
1036,Nichijou - My Ordinary Life,3
1036,KONOSUBA -God's blessing on this wonderful world!,4
1036,Mob Psycho 100,4
1036,Assassination Classroom,4
1036,Bleach,2
1036,One-Punch Man,4
1036,Bocchi the Rock!,5
1036,Gintama,4
1036,Hunter x Hunter,4
1036,Mashle: Magic and Muscles,4
1036,Blue Lock,2
1036,Kaguya-sama: Love is War,4
1036,Naruto Shippuden,3
1036,Clannad After Story,2
1036,Solo Leveling,2
1036,My Hero Academia,2
1036,Spy x Family,5
1036,Dandadan,4
1036,Haikyu!!,2
1036,Made in Abyss,3
1036,Kaiju No. 8,1
1036,Re:ZERO -Starting Life in Another World-,2
1036,Jojo's Bizarre Adventure,3
1037,Spy x Family,5
1037,Made in Abyss,1
1037,Mashle: Magic and Muscles,3
1037,One-Punch Man,4
1037,KONOSUBA -God's blessing on this wonderful world!,3
1037,Bocchi the Rock!,5
1038,Jujutsu Kaisen,3
1038,Chainsaw Man,4
1038,Jojo's Bizarre Adventure,4
1038,Naruto,3
1038,Dandadan,5
1038,Fire Force,4
1039,Chainsaw Man,4
1039,Demon Slayer: Kimetsu no Yaiba,5
1039,Horimiya,3
1039,One Piece,4
1039,Jujutsu Kaisen,5
1039,Spy x Family,5
1039,Dandadan,4
1039,Solo Leveling,4
1039,My Hero Academia,3
1039,Black Clover,4
1039,Kaguya-sama: Love is War,5
1039,Jojo's Bizarre Adventure,5
1039,Kaiju No. 8,4
1039,Fire Force,4
1040,Assassination Classroom,5
1040,Kaguya-sama: Love is War,5
1040,Gintama,4
1040,Black Clover,3
1040,One Piece,3
1040,Spy x Family,5
1040,Bocchi the Rock!,5
1040,Nichijou - My Ordinary Life,5
1040,One-Punch Man,5
1040,Mashle: Magic and Muscles,4
1040,KONOSUBA -God's blessing on this wonderful world!,4
1040,Mob Psycho 100,5
1040,Mushishi,3
1040,Kuroko's Basketball,3
1040,Solo Leveling,3
1041,Laid-Back Camp,5
1041,Mushishi,4
1041,Haikyu!!,4
1041,Re:ZERO -Starting Life in Another World-,4
1041,The Apothecary Diaries,5
1041,Nichijou - My Ordinary Life,4
1042,Attack on Titan,4
1042,Bocchi the Rock!,5
1042,Mob Psycho 100,3
1042,The Rising of the Shield Hero,2
1042,Hunter x Hunter,5
1042,Vinland Saga,5
1042,Haikyu!!,5
1042,Frieren: Beyond Journey's End,4
1042,Kuroko's Basketball,3
1042,Nichijou - My Ordinary Life,4
1042,Made in Abyss,5
1042,Chainsaw Man,2
1042,Ranking of Kings,5
1042,Mushishi,3
1042,Gintama,4
1042,Banana Fish,4
1042,Bleach,2
1042,The Apothecary Diaries,4
1042,Spy x Family,4
1042,Skip and Loafer,5
1042,Laid-Back Camp,5
1042,Steins;Gate,3
1043,Demon Slayer: Kimetsu no Yaiba,4
1043,Black Clover,4
1043,Jujutsu Kaisen,4
1043,My Hero Academia,3
1043,Dandadan,4
1043,Fire Force,3
1043,One Piece,4
1043,Fruits Basket,2
1043,Banana Fish,1
1043,Blue Lock,1
1044,Laid-Back Camp,4
1044,The Apothecary Diaries,3
1044,Haikyu!!,4
1044,Dandadan,4
1044,Spy x Family,5
1044,Death Note,1
1044,Horimiya,4
1044,Skip and Loafer,4
1044,Frieren: Beyond Journey's End,4
1044,Fruits Basket,4
1044,Your Lie in April,4
1044,My Dress-Up Darling,3
1044,Kaguya-sama: Love is War,4
1044,Clannad After Story,4
1044,Rascal Does Not Dream of Bunny Girl Senpai,5
1044,Bocchi the Rock!,3
1044,Ranking of Kings,4
1044,Odd Taxi,2
1044,Dragon Ball Super,1
1044,One-Punch Man,1
1044,Hell's Paradise,1
1044,Mushishi,4
1044,Cowboy Bebop,1
1045,Fullmetal Alchemist: Brotherhood,5
1045,Neon Genesis Evangelion,4
1045,Steins;Gate,4
1045,Vinland Saga,5
1045,Attack on Titan,4
1045,Jujutsu Kaisen,4
1045,Laid-Back Camp,3
1045,Mushishi,4
1045,Horimiya,3
1045,Cowboy Bebop,5
1045,Hunter x Hunter,4
1045,Kaguya-sama: Love is War,3
1045,Banana Fish,5
1045,Naruto,3
1045,Frieren: Beyond Journey's End,5
1045,Naruto Shippuden,4
1045,Bocchi the Rock!,3
1045,Rascal Does Not Dream of Bunny Girl Senpai,3
1045,Code Geass,2
1045,Made in Abyss,5
1045,Yuri!!! on Ice,2
1045,Free! - Iwatobi Swim Club,4
1045,Gintama,5
1045,One Piece,2
1045,Your Lie in April,3
1046,Blue Lock,4
1046,Free! - Iwatobi Swim Club,4
1046,Wind Breaker,5
1046,Kuroko's Basketball,4
1046,Assassination Classroom,5
1046,Yuri!!! on Ice,5
1046,Haikyu!!,5
1046,Kaguya-sama: Love is War,2
1046,Death Note,2
1046,My Hero Academia,3
1046,Vinland Saga,2
1046,Your Lie in April,1
1046,Gintama,2
1046,Naruto Shippuden,2
1046,Attack on Titan,2
1046,Ranking of Kings,2
1046,Rascal Does Not Dream of Bunny Girl Senpai,4
1046,Re:ZERO -Starting Life in Another World-,2
1046,Fruits Basket,3
1046,The Apothecary Diaries,3
1046,Overlord,1
1046,Nichijou - My Ordinary Life,3
1046,Hunter x Hunter,3
1046,That Time I Got Reincarnated as a Slime,2
1047,Steins;Gate,4
1047,Frieren: Beyond Journey's End,4
1047,Ranking of Kings,2
1047,Hunter x Hunter,3
1047,Made in Abyss,4
1047,Vinland Saga,5
1047,Attack on Titan,5
1047,That Time I Got Reincarnated as a Slime,3
1047,Gintama,4
1047,Banana Fish,4
1047,Horimiya,2
1047,Demon Slayer: Kimetsu no Yaiba,3
1047,Cowboy Bebop,4
1047,Mushishi,4
1047,Laid-Back Camp,2
1047,Fullmetal Alchemist: Brotherhood,4
1047,Neon Genesis Evangelion,4
1047,Hell's Paradise,1
1048,My Hero Academia,2
1048,Code Geass,3
1048,Fruits Basket,3
1048,KONOSUBA -God's blessing on this wonderful world!,2
1048,Dandadan,4
1048,Rascal Does Not Dream of Bunny Girl Senpai,3
1048,Toradora!,4
1048,My Dress-Up Darling,3
1048,Spy x Family,4
1048,Horimiya,4
1048,Your Lie in April,4
1048,Kaguya-sama: Love is War,4
1048,Kuroko's Basketball,1
1049,Fruits Basket,4
1049,Dandadan,5
1049,Kaguya-sama: Love is War,4
1049,Toradora!,4
1049,Rascal Does Not Dream of Bunny Girl Senpai,4
1049,Clannad After Story,3
1049,Re:ZERO -Starting Life in Another World-,2
1049,Your Lie in April,4
1049,Spy x Family,4
1049,Psycho-Pass,1
1049,Horimiya,4
1049,Kaiju No. 8,2
1049,Haikyu!!,2
1049,My Dress-Up Darling,4
1049,One Piece,3
1049,Log Horizon,3
1049,The Eminence in Shadow,1
1049,Yuri!!! on Ice,2
1049,Skip and Loafer,1
1049,Frieren: Beyond Journey's End,2
1049,Mushishi,3
1049,Blue Lock,2
1049,Gintama,2
1050,Bocchi the Rock!,4
1050,Dr. Stone,4
1050,My Dress-Up Darling,5
1050,The Apothecary Diaries,3
1050,Kaguya-sama: Love is War,4
1050,Fruits Basket,4
1050,Haikyu!!,4
1050,Clannad After Story,4
1050,Mushishi,4
1050,Horimiya,4
1050,Dandadan,4
1050,Toradora!,4
1050,Your Lie in April,3
1050,Skip and Loafer,5
1050,Spy x Family,3
1050,Laid-Back Camp,4
1050,Yuri!!! on Ice,1
1050,Steins;Gate,3
1050,Solo Leveling,2
1050,Blue Lock,1
1050,Vinland Saga,3
1050,Nichijou - My Ordinary Life,3
1050,Ranking of Kings,4
1050,Rascal Does Not Dream of Bunny Girl Senpai,4
1050,Wind Breaker,2
1051,Solo Leveling,5
1051,One Piece,3
1051,Re:ZERO -Starting Life in Another World-,5
1051,The Eminence in Shadow,5
1051,Jujutsu Kaisen,3
1051,Overlord,4
1051,The Rising of the Shield Hero,4
1051,Mashle: Magic and Muscles,5
1051,Log Horizon,4
1051,Mushoku Tensei: Jobless Reincarnation,5
1051,Odd Taxi,2
1051,One-Punch Man,3
1051,Dandadan,4
1051,Fire Force,3
1052,Gintama,3
1052,Mob Psycho 100,4
1052,Spy x Family,5
1052,Skip and Loafer,3
1052,Bocchi the Rock!,4
1052,Mushishi,4
1052,Haikyu!!,5
1052,Frieren: Beyond Journey's End,5
1052,Clannad After Story,2
1052,Kaguya-sama: Love is War,5
1052,Jojo's Bizarre Adventure,2
1052,The Apothecary Diaries,5
1052,Nichijou - My Ordinary Life,3
1052,Code Geass,2
1052,Laid-Back Camp,5
1052,Mashle: Magic and Muscles,3
1052,Assassination Classroom,2
1053,Re:ZERO -Starting Life in Another World-,3
1053,One-Punch Man,3
1053,Mashle: Magic and Muscles,4
1053,Mushoku Tensei: Jobless Reincarnation,4
1053,That Time I Got Reincarnated as a Slime,5
1053,Nichijou - My Ordinary Life,5
1053,Bocchi the Rock!,3
1053,Mob Psycho 100,4
1053,Assassination Classroom,4
1053,Spy x Family,3
1053,Kaguya-sama: Love is War,4
1053,One Piece,3
1053,Solo Leveling,4
1053,The Rising of the Shield Hero,3
1053,The Eminence in Shadow,4
1054,Code Geass,3
1054,Fruits Basket,3
1054,Bocchi the Rock!,5
1054,The Apothecary Diaries,5
1054,Spy x Family,5
1054,Haikyu!!,5
1054,Skip and Loafer,5
1054,Yuri!!! on Ice,2
1054,My Hero Academia,3
1054,Frieren: Beyond Journey's End,5
1054,Ranking of Kings,5
1054,Jujutsu Kaisen,2
1055,Kaguya-sama: Love is War,5
1055,Mob Psycho 100,4
1055,Gintama,4
1055,Assassination Classroom,5
1055,Hell's Paradise,2
1055,Mashle: Magic and Muscles,5
1055,Rascal Does Not Dream of Bunny Girl Senpai,3
1055,One-Punch Man,4
1055,Spy x Family,5
1055,Psycho-Pass,3
1055,KONOSUBA -God's blessing on this wonderful world!,4
1055,Fire Force,2
1055,Nichijou - My Ordinary Life,4
1055,Code Geass,2
1055,Mushoku Tensei: Jobless Reincarnation,2
1055,Your Lie in April,2
1055,Attack on Titan,2
1055,Bocchi the Rock!,4
1055,Clannad After Story,2
1055,Demon Slayer: Kimetsu no Yaiba,2
1055,Haikyu!!,3
1055,Cowboy Bebop,2
1055,Death Note,2
1055,Vinland Saga,3
1056,Laid-Back Camp,2
1056,Made in Abyss,3
1056,Hunter x Hunter,3
1056,KONOSUBA -God's blessing on this wonderful world!,4
1056,Spy x Family,3
1056,Death Note,2
1056,Frieren: Beyond Journey's End,4
1057,Mushoku Tensei: Jobless Reincarnation,3
1057,KONOSUBA -God's blessing on this wonderful world!,4
1057,Solo Leveling,3
1057,Re:ZERO -Starting Life in Another World-,3
1057,Hunter x Hunter,1
1057,That Time I Got Reincarnated as a Slime,3
1057,Death Note,1
1057,The Rising of the Shield Hero,4
1057,The Eminence in Shadow,2
1057,Clannad After Story,2
1057,My Hero Academia,2
1057,Overlord,3
1057,Log Horizon,3
1058,Bocchi the Rock!,4
1058,Dr. Stone,4
1058,Mob Psycho 100,3
1058,Laid-Back Camp,5
1058,The Eminence in Shadow,3
1058,Nichijou - My Ordinary Life,5
1058,Frieren: Beyond Journey's End,5
1058,Solo Leveling,3
1058,Haikyu!!,5
1058,Ranking of Kings,5
1058,Mushishi,5
1058,Gintama,4
1058,Re:ZERO -Starting Life in Another World-,3
1058,Kaiju No. 8,3
1058,Kaguya-sama: Love is War,2
1058,Log Horizon,3
1058,Spy x Family,4
1058,The Apothecary Diaries,5
1058,Death Note,3
1058,Attack on Titan,4
1058,Odd Taxi,3
1058,Skip and Loafer,5
1058,Fruits Basket,4
1059,Assassination Classroom,4
1059,Dragon Ball Super,2
1059,Blue Lock,3
1059,Naruto,3
1059,The Promised Neverland,1
1059,Bocchi the Rock!,3
1059,Free! - Iwatobi Swim Club,4
1059,Hell's Paradise,2
1059,Solo Leveling,2
1059,Your Lie in April,2
1060,One Piece,4
1060,One-Punch Man,4
1060,Jujutsu Kaisen,4
1060,Chainsaw Man,3
1060,KONOSUBA -God's blessing on this wonderful world!,3
1060,Gintama,4
1060,Naruto Shippuden,4
1060,Mob Psycho 100,4
1060,Kaiju No. 8,4
1060,Demon Slayer: Kimetsu no Yaiba,5
1060,My Dress-Up Darling,2
1060,The Rising of the Shield Hero,1
1060,Dragon Ball Super,3
1060,Fire Force,3
1060,Spy x Family,4
1060,Bocchi the Rock!,4
1060,Naruto,4
1060,My Hero Academia,4
1060,Kaguya-sama: Love is War,5
1061,Jojo's Bizarre Adventure,1
1061,Wind Breaker,5
1061,Assassination Classroom,3
1061,Jujutsu Kaisen,2
1061,Yuri!!! on Ice,4
1061,Haikyu!!,4
1061,Kuroko's Basketball,4
1061,Fullmetal Alchemist: Brotherhood,2
1061,Erased,3
1061,Blue Lock,4
1062,KONOSUBA -God's blessing on this wonderful world!,4
1062,Kaguya-sama: Love is War,4
1062,Free! - Iwatobi Swim Club,4
1062,Haikyu!!,5
1062,My Dress-Up Darling,3
1062,Gintama,4
1062,Assassination Classroom,5
1062,Blue Lock,4
1062,Spy x Family,5
1062,Mob Psycho 100,5
1062,Bocchi the Rock!,5
1062,One-Punch Man,4
1062,Wind Breaker,5
1062,Death Note,3
1062,Nichijou - My Ordinary Life,3
1062,Mashle: Magic and Muscles,4
1062,Re:ZERO -Starting Life in Another World-,1
1063,Cowboy Bebop,4
1063,Vinland Saga,5
1063,Kaiju No. 8,2
1063,Gintama,4
1063,Mushishi,4
1063,Fullmetal Alchemist: Brotherhood,5
1063,Frieren: Beyond Journey's End,5
1063,The Eminence in Shadow,3
1063,Steins;Gate,5
1063,Clannad After Story,2
1063,Hunter x Hunter,5
1063,Attack on Titan,5
1063,Demon Slayer: Kimetsu no Yaiba,3
1063,Black Clover,3
1063,Neon Genesis Evangelion,4
1063,Banana Fish,4
1063,Made in Abyss,5
1063,My Dress-Up Darling,2
1063,Dr. Stone,3
1063,Hell's Paradise,2
1063,Mashle: Magic and Muscles,2
1063,Tokyo Ghoul,3
1064,Bocchi the Rock!,5
1064,The Apothecary Diaries,2
1064,My Hero Academia,2
1064,Skip and Loafer,5
1064,Ranking of Kings,4
1064,Laid-Back Camp,5
1064,Frieren: Beyond Journey's End,5
1064,Fullmetal Alchemist: Brotherhood,2
1064,Spy x Family,4
1064,Haikyu!!,5
1064,Fruits Basket,3
1065,Hunter x Hunter,5
1065,Made in Abyss,4
1065,Banana Fish,4
1065,Steins;Gate,5
1065,Frieren: Beyond Journey's End,5
1065,Free! - Iwatobi Swim Club,2
1065,Cowboy Bebop,4
1065,Fullmetal Alchemist: Brotherhood,4
1065,Attack on Titan,4
1065,Vinland Saga,4
1065,Dr. Stone,2
1065,Haikyu!!,3
1065,Gintama,5
1065,Kaguya-sama: Love is War,3
1065,Code Geass,2
1065,Horimiya,3
1065,Mob Psycho 100,3
1065,Re:ZERO -Starting Life in Another World-,2
1065,Naruto,3
1065,Mashle: Magic and Muscles,4
1066,Fruits Basket,4
1066,Naruto Shippuden,5
1066,Naruto,4
1066,Toradora!,4
1066,Spy x Family,4
1066,Rascal Does Not Dream of Bunny Girl Senpai,5
1066,Solo Leveling,4
1066,Bleach,4
1066,My Dress-Up Darling,3
1066,The Promised Neverland,2
1066,Hell's Paradise,4
1066,Clannad After Story,3
1066,Kaiju No. 8,4
1066,Horimiya,4
1066,One Piece,5
1066,Neon Genesis Evangelion,1
1066,Kaguya-sama: Love is War,4
1066,Black Clover,4
1066,Wind Breaker,4
1067,Solo Leveling,2
1067,Overlord,3
1067,That Time I Got Reincarnated as a Slime,4
1067,The Promised Neverland,5
1067,Mashle: Magic and Muscles,3
1067,Laid-Back Camp,1
1067,Kaguya-sama: Love is War,2
1067,Attack on Titan,4
1067,Steins;Gate,4
1067,The Apothecary Diaries,4
1067,Code Geass,4
1067,Demon Slayer: Kimetsu no Yaiba,2
1067,Banana Fish,4
1067,Kaiju No. 8,1
1067,The Eminence in Shadow,2
1067,Clannad After Story,3
1067,Re:ZERO -Starting Life in Another World-,3
1067,Death Note,4
1067,KONOSUBA -God's blessing on this wonderful world!,2
1067,Naruto,2
1067,The Rising of the Shield Hero,4
1067,Fullmetal Alchemist: Brotherhood,1
1068,Demon Slayer: Kimetsu no Yaiba,5
1068,Chainsaw Man,4
1068,Kaiju No. 8,4
1068,Black Clover,4
1068,Jojo's Bizarre Adventure,5
1068,Clannad After Story,4
1068,Erased,3
1068,Fire Force,5
1068,Wind Breaker,5
1068,One Piece,4
1068,Bleach,4
1068,Naruto Shippuden,5
1068,Vinland Saga,3
1068,Naruto,4
1068,Jujutsu Kaisen,5
1068,Dragon Ball Super,4
1068,Made in Abyss,3
1068,Attack on Titan,3
1068,Solo Leveling,5
1068,Dandadan,5
1068,The Apothecary Diaries,3
1068,Hell's Paradise,4
1068,My Hero Academia,4
1068,Mob Psycho 100,1
1068,Odd Taxi,2
1069,Frieren: Beyond Journey's End,4
1069,Mushishi,4
1069,Fullmetal Alchemist: Brotherhood,5
1069,Made in Abyss,4
1069,Steins;Gate,4
1069,Mushoku Tensei: Jobless Reincarnation,2
1069,Kaiju No. 8,2
1070,Attack on Titan,4
1070,Banana Fish,3
1070,Psycho-Pass,4
1070,My Hero Academia,2
1070,Odd Taxi,3
1070,Clannad After Story,3
1070,Erased,3
1070,Death Note,4
1070,Code Geass,4
1070,Dr. Stone,1
1070,Steins;Gate,3
1070,The Promised Neverland,4
1070,The Apothecary Diaries,4
1070,Toradora!,2
1070,Vinland Saga,2
1071,Ranking of Kings,3
1071,Kuroko's Basketball,3
1071,Neon Genesis Evangelion,3
1071,Mashle: Magic and Muscles,5
1071,Solo Leveling,4
1071,Mushoku Tensei: Jobless Reincarnation,5
1071,The Apothecary Diaries,3
1071,Overlord,4
1071,The Rising of the Shield Hero,4
1071,KONOSUBA -God's blessing on this wonderful world!,4
1071,That Time I Got Reincarnated as a Slime,5
1071,The Eminence in Shadow,5
1071,Vinland Saga,3
1071,Re:ZERO -Starting Life in Another World-,4
1071,Jujutsu Kaisen,3
1071,Horimiya,2
1071,Log Horizon,5
1071,Jojo's Bizarre Adventure,2
1071,Erased,3
1071,Dr. Stone,2
1071,Death Note,3
1071,Sword Art Online,3
1071,Banana Fish,2
1072,Haikyu!!,5
1072,Assassination Classroom,4
1072,Blue Lock,4
1072,Spy x Family,2
1072,Kuroko's Basketball,4
1072,Kaguya-sama: Love is War,2
1072,Free! - Iwatobi Swim Club,4
1072,Clannad After Story,1
1072,Frieren: Beyond Journey's End,2
1072,Nichijou - My Ordinary Life,1
1072,Chainsaw Man,3
1072,Attack on Titan,3
1072,Yuri!!! on Ice,4
1072,Vinland Saga,2
1072,Wind Breaker,5
1072,Mashle: Magic and Muscles,3
1072,Overlord,2
1072,One-Punch Man,2
1072,Banana Fish,3
1072,Laid-Back Camp,3
1072,Fullmetal Alchemist: Brotherhood,3
1073,The Promised Neverland,3
1073,Code Geass,4
1073,Banana Fish,4
1073,Assassination Classroom,1
1073,Attack on Titan,4
1073,Erased,4
1073,Steins;Gate,4
1073,Psycho-Pass,5
1073,Mushishi,2
1074,Hell's Paradise,3
1074,Spy x Family,5
1074,Your Lie in April,5
1074,Clannad After Story,5
1074,Toradora!,5
1074,Horimiya,4
1074,Rascal Does Not Dream of Bunny Girl Senpai,5
1074,Naruto Shippuden,3
1074,Fruits Basket,5
1074,My Dress-Up Darling,4
1074,Attack on Titan,3
1074,Dandadan,5
1074,Vinland Saga,3
1075,The Apothecary Diaries,4
1075,Skip and Loafer,4
1075,Laid-Back Camp,3
1075,Mashle: Magic and Muscles,4
1075,Assassination Classroom,4
1075,Dr. Stone,5
1075,Gintama,5
1075,Frieren: Beyond Journey's End,5
1075,Mob Psycho 100,5
1075,One-Punch Man,5
1075,Haikyu!!,4
1076,Rascal Does Not Dream of Bunny Girl Senpai,5
1076,Dandadan,5
1076,Mob Psycho 100,3
1076,My Dress-Up Darling,5
1076,Spy x Family,4
1076,Fruits Basket,5
1076,Cowboy Bebop,3
1076,Clannad After Story,5
1077,Hell's Paradise,2
1077,Bocchi the Rock!,3
1077,Gintama,4
1077,Fire Force,4
1077,One Piece,4
1077,Kaguya-sama: Love is War,4
1077,Assassination Classroom,4
1077,Demon Slayer: Kimetsu no Yaiba,4
1077,Naruto,4
1077,Wind Breaker,3
1077,Jujutsu Kaisen,3
1077,Dragon Ball Super,3
1077,Hunter x Hunter,2
1077,Jojo's Bizarre Adventure,3
1077,Chainsaw Man,4
1077,Code Geass,1
1077,Nichijou - My Ordinary Life,3
1077,Black Clover,4
1077,Mob Psycho 100,3
1077,Spy x Family,3
1077,My Hero Academia,2
1077,Dandadan,4
1078,That Time I Got Reincarnated as a Slime,4
1078,The Eminence in Shadow,4
1078,Re:ZERO -Starting Life in Another World-,4
1078,Overlord,4
1078,Solo Leveling,4
1078,Assassination Classroom,2
1078,Mashle: Magic and Muscles,3
1078,Mushoku Tensei: Jobless Reincarnation,4
1078,One-Punch Man,2
1078,KONOSUBA -God's blessing on this wonderful world!,4
1078,Made in Abyss,1
1079,Fullmetal Alchemist: Brotherhood,4
1079,Spy x Family,4
1079,Attack on Titan,5
1079,Made in Abyss,4
1079,Frieren: Beyond Journey's End,4
1079,One-Punch Man,4
1079,Hunter x Hunter,5
1079,Steins;Gate,5
1079,Assassination Classroom,4
1079,KONOSUBA -God's blessing on this wonderful world!,4
1079,Mob Psycho 100,5
1079,Gintama,4
1079,Bocchi the Rock!,4
1079,Kaguya-sama: Love is War,4
1079,Chainsaw Man,2
1079,Mushishi,2
1079,Neon Genesis Evangelion,4
1080,Yuri!!! on Ice,2
1080,Horimiya,4
1080,Fruits Basket,3
1080,Toradora!,4
1080,Re:ZERO -Starting Life in Another World-,2
1080,Kaguya-sama: Love is War,5
1080,Spy x Family,3
1080,Dandadan,4
1080,Clannad After Story,3
1081,Mashle: Magic and Muscles,4
1081,Dr. Stone,5
1081,Spy x Family,5
1081,Haikyu!!,5
1081,Steins;Gate,3
1081,Solo Leveling,5
1081,Log Horizon,5
1081,The Eminence in Shadow,5
1081,Bocchi the Rock!,4
1081,That Time I Got Reincarnated as a Slime,3
1081,Mushishi,3
1081,Re:ZERO -Starting Life in Another World-,4
1081,Ranking of Kings,4
1082,KONOSUBA -God's blessing on this wonderful world!,3
1082,Wind Breaker,3
1082,Re:ZERO -Starting Life in Another World-,3
1082,Dandadan,4
1082,Jujutsu Kaisen,4
1082,Bocchi the Rock!,3
1082,Demon Slayer: Kimetsu no Yaiba,4
1082,Chainsaw Man,4
1082,One-Punch Man,4
1082,Dragon Ball Super,3
1082,Spy x Family,3
1082,Gintama,3
1082,Hell's Paradise,4
1082,Jojo's Bizarre Adventure,3
1082,Naruto Shippuden,4
1082,Mob Psycho 100,4
1082,One Piece,4
1082,Fire Force,4
1082,Kaguya-sama: Love is War,3
1082,Kaiju No. 8,3
1082,Mashle: Magic and Muscles,3
1083,That Time I Got Reincarnated as a Slime,5
1083,Sword Art Online,4
1083,Log Horizon,4
1083,Fullmetal Alchemist: Brotherhood,2
1083,Overlord,3
1083,The Eminence in Shadow,4
1083,Mushoku Tensei: Jobless Reincarnation,3
1083,Mashle: Magic and Muscles,4
1083,The Apothecary Diaries,2
1083,Wind Breaker,2
1083,Re:ZERO -Starting Life in Another World-,4
1083,The Rising of the Shield Hero,3
1083,Skip and Loafer,2
1083,KONOSUBA -God's blessing on this wonderful world!,5
1083,Solo Leveling,4
1083,Jujutsu Kaisen,2
1083,Black Clover,3
1084,Vinland Saga,2
1084,Banana Fish,4
1084,Steins;Gate,5
1084,Odd Taxi,5
1084,Psycho-Pass,4
1084,Black Clover,4
1084,Attack on Titan,4
1084,Code Geass,5
1084,Jujutsu Kaisen,5
1084,The Apothecary Diaries,5
1084,Dandadan,4
1084,Kaiju No. 8,5
1084,Fire Force,3
1084,Jojo's Bizarre Adventure,5
1084,Demon Slayer: Kimetsu no Yaiba,5
1084,Mob Psycho 100,3
1084,The Promised Neverland,4
1084,One Piece,5
1085,Banana Fish,5
1085,Steins;Gate,5
1085,Log Horizon,5
1085,Fullmetal Alchemist: Brotherhood,4
1085,Mushishi,4
1085,Overlord,5
1085,Vinland Saga,3
1085,That Time I Got Reincarnated as a Slime,4
1085,Re:ZERO -Starting Life in Another World-,5
1085,Hunter x Hunter,5
1085,Dr. Stone,1
1085,Frieren: Beyond Journey's End,4
1085,The Eminence in Shadow,4
1085,Gintama,5
1085,Mashle: Magic and Muscles,5
1085,Cowboy Bebop,4
1085,Kuroko's Basketball,3
1085,Attack on Titan,5
1085,Solo Leveling,4
1085,KONOSUBA -God's blessing on this wonderful world!,5
1085,Mob Psycho 100,2
1085,Neon Genesis Evangelion,4
1086,Frieren: Beyond Journey's End,5
1086,Nichijou - My Ordinary Life,4
1086,Spy x Family,5
1086,Mushoku Tensei: Jobless Reincarnation,1
1086,Skip and Loafer,5
1086,Overlord,1
1086,Ranking of Kings,4
1087,Dr. Stone,3
1087,The Apothecary Diaries,5
1087,Assassination Classroom,5
1087,Death Note,4
1087,KONOSUBA -God's blessing on this wonderful world!,5
1087,Psycho-Pass,4
1088,Attack on Titan,2
1088,Odd Taxi,4
1088,The Promised Neverland,3
1088,Hunter x Hunter,2
1088,Death Note,5
1088,Code Geass,3
1088,Demon Slayer: Kimetsu no Yaiba,2
1089,My Hero Academia,4
1089,Jojo's Bizarre Adventure,5
1089,One Piece,5
1089,Nichijou - My Ordinary Life,3
1089,Demon Slayer: Kimetsu no Yaiba,5
1089,Jujutsu Kaisen,5
1089,Naruto Shippuden,5
1090,Free! - Iwatobi Swim Club,4
1090,Clannad After Story,3
1090,Blue Lock,4
1090,Solo Leveling,3
1090,Wind Breaker,4
1090,Yuri!!! on Ice,3
1090,Attack on Titan,4
1090,My Dress-Up Darling,2
1090,Assassination Classroom,5
1090,Steins;Gate,4
1091,Spy x Family,3
1091,The Apothecary Diaries,4
1091,Bocchi the Rock!,4
1091,Haikyu!!,3
1091,Frieren: Beyond Journey's End,4
1091,Laid-Back Camp,4
1091,Nichijou - My Ordinary Life,3
1091,Odd Taxi,1
1091,Dr. Stone,4
1091,Mushishi,5
1091,The Eminence in Shadow,2
1091,Naruto,2
1091,Your Lie in April,2
1091,Naruto Shippuden,2
1091,My Dress-Up Darling,2
1091,Skip and Loafer,4
1091,Ranking of Kings,3
1091,KONOSUBA -God's blessing on this wonderful world!,2
1091,Kaguya-sama: Love is War,2
1091,Tokyo Ghoul,2
1091,Jojo's Bizarre Adventure,1
1091,Hunter x Hunter,2
1092,Rascal Does Not Dream of Bunny Girl Senpai,5
1092,Mashle: Magic and Muscles,2
1092,Yuri!!! on Ice,2
1092,Spy x Family,5
1092,Clannad After Story,5
1092,Your Lie in April,5
1092,Dandadan,5
1093,Fullmetal Alchemist: Brotherhood,4
1093,Gintama,5
1093,Skip and Loafer,2
1093,Frieren: Beyond Journey's End,4
1093,Steins;Gate,5
1093,Neon Genesis Evangelion,4
1093,One Piece,3
1093,Fruits Basket,3
1094,Death Note,3
1094,Bocchi the Rock!,5
1094,Ranking of Kings,5
1094,Spy x Family,5
1094,The Eminence in Shadow,3
1094,Nichijou - My Ordinary Life,2
1094,Made in Abyss,2
1094,Frieren: Beyond Journey's End,5
1094,Log Horizon,2
1094,The Apothecary Diaries,5
1094,Gintama,3
1094,Laid-Back Camp,5
1094,Mushishi,3
1094,Fruits Basket,2
1094,Dr. Stone,5
1095,The Apothecary Diaries,4
1095,Odd Taxi,4
1095,Attack on Titan,5
1095,Frieren: Beyond Journey's End,4
1095,Death Note,4
1095,Banana Fish,4
1095,Vinland Saga,4
1095,Gintama,5
1095,Nichijou - My Ordinary Life,2
1095,Steins;Gate,4
1095,Horimiya,3
1095,Psycho-Pass,4
1095,Code Geass,5
1095,Black Clover,3
1095,The Promised Neverland,5
1095,My Dress-Up Darling,2
1096,Code Geass,5
1096,The Promised Neverland,4
1096,Attack on Titan,5
1096,Death Note,5
1096,The Apothecary Diaries,5
1096,Psycho-Pass,5
1096,Kuroko's Basketball,4
1096,Dandadan,4
1096,Mushoku Tensei: Jobless Reincarnation,2
1096,Steins;Gate,5
1096,Your Lie in April,3
1096,Ranking of Kings,2
1096,Log Horizon,3
1097,The Rising of the Shield Hero,3
1097,Mushoku Tensei: Jobless Reincarnation,3
1097,Re:ZERO -Starting Life in Another World-,3
1097,Solo Leveling,4
1097,Log Horizon,3
1097,Overlord,3
1097,That Time I Got Reincarnated as a Slime,4
1097,Sword Art Online,3
1097,KONOSUBA -God's blessing on this wonderful world!,2
1097,The Eminence in Shadow,3
1097,Spy x Family,2
1097,Free! - Iwatobi Swim Club,2
1097,Hell's Paradise,1
1097,One Piece,1
1097,Mashle: Magic and Muscles,3
1097,Banana Fish,2
1097,Your Lie in April,2
1097,Clannad After Story,2
1097,Fruits Basket,2
1097,Neon Genesis Evangelion,1
1097,Cowboy Bebop,1
1097,Kuroko's Basketball,1
1097,Frieren: Beyond Journey's End,2
1097,Bleach,1
1098,Attack on Titan,4
1098,Overlord,3
1098,Log Horizon,3
1098,Odd Taxi,5
1098,Solo Leveling,4
1098,The Eminence in Shadow,5
1098,Mushoku Tensei: Jobless Reincarnation,3
1098,Death Note,4
1098,Gintama,2
1098,KONOSUBA -God's blessing on this wonderful world!,4
1098,The Promised Neverland,4
1098,Code Geass,4
1098,The Apothecary Diaries,5
1099,Frieren: Beyond Journey's End,5
1099,Spy x Family,4
1099,Ranking of Kings,4
1099,Skip and Loafer,4
1099,Laid-Back Camp,3
1099,The Apothecary Diaries,5
1099,Dr. Stone,5
1099,Odd Taxi,3
1099,Bocchi the Rock!,3
1099,Your Lie in April,1
1099,Overlord,2
1099,Haikyu!!,4
1099,Assassination Classroom,1
1099,Nichijou - My Ordinary Life,4
1099,Tokyo Ghoul,1
1099,The Eminence in Shadow,1
1099,Mushishi,4
1099,Made in Abyss,2
1099,My Hero Academia,2
1099,Naruto Shippuden,2
1099,Dragon Ball Super,2
1100,Mashle: Magic and Muscles,4
1100,Free! - Iwatobi Swim Club,3
1100,Mushoku Tensei: Jobless Reincarnation,4
1100,Yuri!!! on Ice,3
1100,The Eminence in Shadow,3
1100,Re:ZERO -Starting Life in Another World-,5
1100,Wind Breaker,4
1100,Vinland Saga,3
1100,Assassination Classroom,5
1100,Haikyu!!,3
1100,Sword Art Online,3
1101,KONOSUBA -God's blessing on this wonderful world!,4
1101,Assassination Classroom,3
1101,Kaguya-sama: Love is War,5
1101,Overlord,4
1101,That Time I Got Reincarnated as a Slime,4
1101,Demon Slayer: Kimetsu no Yaiba,2
1101,Naruto Shippuden,2
1102,Jujutsu Kaisen,5
1102,Overlord,2
1102,Dandadan,5
1102,Kaiju No. 8,5
1102,Naruto,5
1102,One Piece,4
1102,Jojo's Bizarre Adventure,5
1102,Wind Breaker,4
1102,Bleach,5
1102,Dragon Ball Super,4
1102,Hell's Paradise,5
1102,My Dress-Up Darling,3
1102,Demon Slayer: Kimetsu no Yaiba,4
1102,Solo Leveling,4
1102,Haikyu!!,3
1102,The Apothecary Diaries,2
1102,KONOSUBA -God's blessing on this wonderful world!,3
1103,Attack on Titan,4
1103,Mushoku Tensei: Jobless Reincarnation,5
1103,Frieren: Beyond Journey's End,3
1103,Overlord,4
1103,Mashle: Magic and Muscles,4
1103,Neon Genesis Evangelion,4
1103,Steins;Gate,3
1103,Cowboy Bebop,3
1103,Hunter x Hunter,4
1103,One-Punch Man,2
1103,Vinland Saga,4
1103,KONOSUBA -God's blessing on this wonderful world!,4
1103,Log Horizon,3
1103,My Hero Academia,1
1103,Fullmetal Alchemist: Brotherhood,4
1103,Solo Leveling,3
1103,Mushishi,3
1103,The Rising of the Shield Hero,3
1103,Re:ZERO -Starting Life in Another World-,4
1103,Banana Fish,5
1103,That Time I Got Reincarnated as a Slime,3
1103,Ranking of Kings,2
1104,That Time I Got Reincarnated as a Slime,4
1104,Overlord,4
1104,Gintama,5
1104,Vinland Saga,5
1104,The Promised Neverland,2
1104,Log Horizon,4
1104,Naruto,2
1104,Jujutsu Kaisen,2
1105,Banana Fish,5
1105,Steins;Gate,5
1105,Assassination Classroom,4
1105,The Promised Neverland,4
1105,Odd Taxi,5
1105,Death Note,4
1105,Code Geass,5
1105,Ranking of Kings,3
1105,Hunter x Hunter,3
1105,Clannad After Story,1
1105,That Time I Got Reincarnated as a Slime,3
1105,Re:ZERO -Starting Life in Another World-,2
1105,The Apothecary Diaries,5
1105,Attack on Titan,4
1105,Erased,5
1105,Your Lie in April,2
1105,One Piece,2
1105,Skip and Loafer,3
1105,Black Clover,2
1105,Psycho-Pass,4
1105,Kaiju No. 8,3
1105,Dr. Stone,4
1106,Demon Slayer: Kimetsu no Yaiba,3
1106,Mushishi,3
1106,Fruits Basket,2
1106,Spy x Family,5
1106,Wind Breaker,5
1106,The Apothecary Diaries,5
1106,Laid-Back Camp,4
1106,Bocchi the Rock!,5
1106,Kuroko's Basketball,5
1106,Code Geass,3
1106,Assassination Classroom,5
1106,Nichijou - My Ordinary Life,5
1106,Skip and Loafer,4
1106,Log Horizon,2
1106,Frieren: Beyond Journey's End,4
1106,Haikyu!!,5
1106,Dr. Stone,4
1106,Blue Lock,4
1106,Re:ZERO -Starting Life in Another World-,2
1106,Steins;Gate,3
1106,Yuri!!! on Ice,5
1106,Ranking of Kings,4
1106,Death Note,2
1106,Rascal Does Not Dream of Bunny Girl Senpai,2
1106,Jojo's Bizarre Adventure,2
1107,Hell's Paradise,4
1107,Nichijou - My Ordinary Life,4
1107,Kaiju No. 8,3
1107,Laid-Back Camp,4
1107,One Piece,5
1107,The Apothecary Diaries,5
1107,Bocchi the Rock!,4
1107,Skip and Loafer,5
1107,Dr. Stone,5
1107,Naruto,4
1107,Spy x Family,5
1107,Frieren: Beyond Journey's End,5
1107,Dandadan,5
1107,Jujutsu Kaisen,4
1107,Solo Leveling,4
1107,Naruto Shippuden,3
1107,Demon Slayer: Kimetsu no Yaiba,4
1107,My Hero Academia,5
1107,The Promised Neverland,2
1108,Demon Slayer: Kimetsu no Yaiba,4
1108,The Promised Neverland,2
1108,Naruto Shippuden,4
1108,Mushoku Tensei: Jobless Reincarnation,4
1108,Gintama,2
1108,That Time I Got Reincarnated as a Slime,3
1108,Sword Art Online,3
1108,Naruto,4
1108,Kaiju No. 8,3
1108,Dandadan,3
1108,Jujutsu Kaisen,5
1108,Black Clover,3
1108,Mashle: Magic and Muscles,3
1108,Overlord,5
1109,Hell's Paradise,3
1109,Assassination Classroom,3
1109,Bocchi the Rock!,3
1109,Chainsaw Man,4
1109,Dragon Ball Super,3
1109,Gintama,3
1109,Spy x Family,4
1109,Black Clover,4
1109,Jujutsu Kaisen,3
1110,Kuroko's Basketball,4
1110,Assassination Classroom,4
1110,Hell's Paradise,1
1110,The Rising of the Shield Hero,3
1110,Odd Taxi,3
1110,Chainsaw Man,3
1110,Free! - Iwatobi Swim Club,3
1110,Bocchi the Rock!,2
1111,Assassination Classroom,5
1111,The Rising of the Shield Hero,4
1111,Rascal Does Not Dream of Bunny Girl Senpai,2
1111,Kuroko's Basketball,5
1111,Free! - Iwatobi Swim Club,4
1111,Blue Lock,5
1111,My Dress-Up Darling,4
1111,Haikyu!!,5
1111,Steins;Gate,4
1111,Wind Breaker,4
1111,Gintama,3
1111,Odd Taxi,3
1111,Kaguya-sama: Love is War,4
1111,Yuri!!! on Ice,5
1111,Chainsaw Man,3
1111,One Piece,3
1111,Nichijou - My Ordinary Life,1
1111,Death Note,4
1111,Hunter x Hunter,3
1111,Black Clover,3
1111,Toradora!,5
1111,Banana Fish,2
1111,Bocchi the Rock!,3
1111,Made in Abyss,3
1111,Fruits Basket,4
1112,Chainsaw Man,4
1112,Fire Force,4
1112,Demon Slayer: Kimetsu no Yaiba,5
1112,Dandadan,4
1112,Death Note,2
1112,Re:ZERO -Starting Life in Another World-,5
1112,Dragon Ball Super,4
1112,Blue Lock,2
1112,My Hero Academia,3
1112,Overlord,4
1112,Naruto,5
1113,Assassination Classroom,3
1113,Jujutsu Kaisen,3
1113,Haikyu!!,5
1113,Yuri!!! on Ice,4
1113,Attack on Titan,3
1113,Rascal Does Not Dream of Bunny Girl Senpai,2
1113,Blue Lock,4
1113,Fruits Basket,3
1113,Kuroko's Basketball,4
1113,Jojo's Bizarre Adventure,2
1113,Solo Leveling,2
1113,Wind Breaker,5
1113,Ranking of Kings,3
1113,Free! - Iwatobi Swim Club,4
1113,Mob Psycho 100,2
1113,Re:ZERO -Starting Life in Another World-,3
1113,Dr. Stone,2
1113,Kaiju No. 8,3
1114,Dandadan,4
1114,Skip and Loafer,2
1114,Demon Slayer: Kimetsu no Yaiba,4
1114,Solo Leveling,3
1114,Jujutsu Kaisen,5
1114,Dragon Ball Super,3
1114,Jojo's Bizarre Adventure,4
1114,Hell's Paradise,5
1114,Bleach,4
1114,Naruto,4
1114,Black Clover,4
1114,Kaiju No. 8,5
1114,Naruto Shippuden,4
1114,Attack on Titan,3
1114,Vinland Saga,2
1115,Steins;Gate,4
1115,Code Geass,5
1115,The Promised Neverland,4
1115,Naruto Shippuden,3
1115,Odd Taxi,4
1115,Hunter x Hunter,3
1115,The Apothecary Diaries,5
1115,Psycho-Pass,5
1115,Death Note,5
1115,Attack on Titan,4
1115,Erased,5
1115,Banana Fish,5
1115,My Hero Academia,2
1115,Dandadan,3
1115,Jojo's Bizarre Adventure,3
1115,Your Lie in April,4
1115,Chainsaw Man,2
1115,Mashle: Magic and Muscles,3
1115,Spy x Family,3
1115,Solo Leveling,3
1116,Cowboy Bebop,4
1116,Gintama,4
1116,Made in Abyss,4
1116,My Hero Academia,5
1116,Fullmetal Alchemist: Brotherhood,4
1116,Kaiju No. 8,5
1116,Jojo's Bizarre Adventure,4
1116,Solo Leveling,4
1116,Attack on Titan,5
1116,Assassination Classroom,3
1116,Steins;Gate,5
1116,Naruto,4
1117,Black Clover,3
1117,Mashle: Magic and Muscles,4
1117,KONOSUBA -God's blessing on this wonderful world!,5
1117,Kaguya-sama: Love is War,4
1117,Jojo's Bizarre Adventure,3
1117,Nichijou - My Ordinary Life,4
1117,Gintama,4
1117,Mob Psycho 100,4
1117,Sword Art Online,3
1117,Spy x Family,5
1117,One Piece,3
1117,The Eminence in Shadow,3
1117,Assassination Classroom,4
1118,Hunter x Hunter,4
1118,Frieren: Beyond Journey's End,5
1118,Bleach,5
1118,Dragon Ball Super,5
1118,Fire Force,5
1118,Kaiju No. 8,5
1118,Chainsaw Man,5
1118,Cowboy Bebop,5
1118,Steins;Gate,4
1118,Naruto Shippuden,4
1118,Vinland Saga,4
1118,Solo Leveling,5
1118,Black Clover,3
1118,Attack on Titan,5
1118,My Hero Academia,4
1118,Fullmetal Alchemist: Brotherhood,5
1118,Gintama,4
1119,Steins;Gate,4
1119,Fullmetal Alchemist: Brotherhood,5
1119,Hunter x Hunter,4
1119,Gintama,5
1119,Kaguya-sama: Love is War,3
1119,Kuroko's Basketball,2
1119,Frieren: Beyond Journey's End,5
1119,Vinland Saga,5
1119,Horimiya,3
1119,Attack on Titan,4
1119,Jojo's Bizarre Adventure,2
1119,Made in Abyss,4
1120,Mushishi,2
1120,Assassination Classroom,3
1120,Bocchi the Rock!,2
1120,Laid-Back Camp,3
1120,Nichijou - My Ordinary Life,4
1120,Wind Breaker,4
1120,Yuri!!! on Ice,4
1120,Frieren: Beyond Journey's End,4
1120,Spy x Family,4
1121,Death Note,5
1121,Steins;Gate,4
1121,Attack on Titan,4
1121,Haikyu!!,5
1121,Psycho-Pass,4
1121,Free! - Iwatobi Swim Club,5
1121,Kuroko's Basketball,5
1121,Mushishi,3
1121,Odd Taxi,3
1121,My Dress-Up Darling,2
1121,Code Geass,4
1121,Naruto,3
1121,Erased,5
1121,That Time I Got Reincarnated as a Slime,2
1121,The Promised Neverland,4
1121,The Apothecary Diaries,4
1121,Assassination Classroom,4
1121,Neon Genesis Evangelion,2
1121,Mashle: Magic and Muscles,3
1121,Solo Leveling,3
1122,Odd Taxi,5
1122,Wind Breaker,5
1122,Banana Fish,5
1122,Psycho-Pass,5
1122,Erased,5
1122,Yuri!!! on Ice,5
1122,The Promised Neverland,5
1122,Death Note,5
1122,Steins;Gate,5
1122,Code Geass,5
1122,Haikyu!!,5
1122,Free! - Iwatobi Swim Club,4
1122,Fruits Basket,4
1122,One Piece,4
1122,Kuroko's Basketball,5
1122,Attack on Titan,5
1122,Assassination Classroom,5
1122,Frieren: Beyond Journey's End,3
1122,Blue Lock,5
1122,Solo Leveling,3
1122,Spy x Family,3
1122,The Rising of the Shield Hero,3
1122,Horimiya,3
1122,Dragon Ball Super,3
1123,Sword Art Online,2
1123,Re:ZERO -Starting Life in Another World-,2
1123,One-Punch Man,2
1123,Naruto Shippuden,1
1123,Mushoku Tensei: Jobless Reincarnation,3
1123,KONOSUBA -God's blessing on this wonderful world!,3
1123,Odd Taxi,1
1123,Solo Leveling,3
1123,Mashle: Magic and Muscles,3
1123,That Time I Got Reincarnated as a Slime,2
1123,The Rising of the Shield Hero,4
1123,Overlord,3
1123,Nichijou - My Ordinary Life,1
1123,Frieren: Beyond Journey's End,2
1123,The Eminence in Shadow,3
1123,The Apothecary Diaries,1
1123,Tokyo Ghoul,1
1123,Erased,2
1123,Chainsaw Man,1
1123,Vinland Saga,2
1124,KONOSUBA -God's blessing on this wonderful world!,4
1124,Assassination Classroom,5
1124,One-Punch Man,5
1124,The Eminence in Shadow,4
1124,Gintama,4
1124,Blue Lock,3
1124,Mushoku Tensei: Jobless Reincarnation,5
1124,Sword Art Online,4
1124,Mob Psycho 100,5
1124,Re:ZERO -Starting Life in Another World-,4
1124,Bocchi the Rock!,5
1124,Dragon Ball Super,2
1124,Mashle: Magic and Muscles,5
1124,Fullmetal Alchemist: Brotherhood,3
1124,Free! - Iwatobi Swim Club,4
1124,Log Horizon,4
1125,One-Punch Man,5
1125,KONOSUBA -God's blessing on this wonderful world!,5
1125,Spy x Family,5
1125,Nichijou - My Ordinary Life,5
1125,Fire Force,3
1125,Haikyu!!,4
1125,Bocchi the Rock!,5
1125,Yuri!!! on Ice,5
1125,Blue Lock,4
1125,Gintama,5
1125,Mashle: Magic and Muscles,3
1125,Mushoku Tensei: Jobless Reincarnation,3
1125,Odd Taxi,2
1125,Rascal Does Not Dream of Bunny Girl Senpai,3
1125,Free! - Iwatobi Swim Club,5
1125,Wind Breaker,5
1125,Naruto,3
1125,Kaguya-sama: Love is War,5
1125,Kuroko's Basketball,5
1125,Assassination Classroom,5
1125,Clannad After Story,3
1126,Code Geass,5
1126,The Apothecary Diaries,4
1126,Demon Slayer: Kimetsu no Yaiba,3
1126,Attack on Titan,5
1126,Banana Fish,5
1126,The Promised Neverland,5
1126,Steins;Gate,5
1126,Erased,5
1126,Odd Taxi,5
1126,Psycho-Pass,5
1126,Wind Breaker,3
1126,Bleach,3
1126,Log Horizon,2
1126,Death Note,5
1126,Vinland Saga,3
1126,Black Clover,4
1126,One-Punch Man,3
1126,Fruits Basket,4
1126,Kaiju No. 8,3
1126,Naruto,3
1126,Dr. Stone,3
1126,Bocchi the Rock!,4
1127,Odd Taxi,5
1127,Code Geass,4
1127,Kuroko's Basketball,5
1127,Death Note,5
1127,Banana Fish,5
1127,Assassination Classroom,4
1127,Wind Breaker,4
1127,The Apothecary Diaries,4
1127,The Promised Neverland,4
1127,Attack on Titan,5
1127,My Hero Academia,2
1127,Yuri!!! on Ice,5
1127,Free! - Iwatobi Swim Club,4
1128,Kaiju No. 8,3
1128,Kaguya-sama: Love is War,4
1128,Clannad After Story,5
1128,Jujutsu Kaisen,3
1128,Horimiya,5
1128,Neon Genesis Evangelion,3
1128,Your Lie in April,4
1129,Neon Genesis Evangelion,5
1129,Assassination Classroom,4
1129,Yuri!!! on Ice,3
1129,Made in Abyss,5
1129,Fullmetal Alchemist: Brotherhood,4
1129,Kaguya-sama: Love is War,5
1129,Gintama,5
1129,Hunter x Hunter,5
1129,Attack on Titan,5
1129,Vinland Saga,3
1129,Spy x Family,4
1129,Cowboy Bebop,4
1129,Nichijou - My Ordinary Life,4
1129,Kuroko's Basketball,3
1129,Mob Psycho 100,3
1129,KONOSUBA -God's blessing on this wonderful world!,5
1129,Banana Fish,4
1129,Mashle: Magic and Muscles,4
1129,Odd Taxi,4
1129,Steins;Gate,4
1129,Naruto Shippuden,1
1130,Attack on Titan,5
1130,Cowboy Bebop,5
1130,Mushishi,4
1130,Made in Abyss,3
1130,Hunter x Hunter,4
1130,Frieren: Beyond Journey's End,4
1130,Fullmetal Alchemist: Brotherhood,3
1130,Banana Fish,3
1130,Haikyu!!,3
1130,Neon Genesis Evangelion,4
1130,Mashle: Magic and Muscles,2
1130,Steins;Gate,4
1130,Hell's Paradise,2
1130,Blue Lock,1
1130,Vinland Saga,4
1130,Gintama,4
1130,Chainsaw Man,1
1131,Dandadan,5
1131,My Hero Academia,4
1131,One Piece,4
1131,Hell's Paradise,4
1131,Bleach,4
1131,Jojo's Bizarre Adventure,5
1131,Dragon Ball Super,4
1132,Mushishi,4
1132,Ranking of Kings,4
1132,Laid-Back Camp,5
1132,Dr. Stone,5
1132,My Dress-Up Darling,2
1132,Frieren: Beyond Journey's End,5
1132,Haikyu!!,5
1132,Toradora!,3
1132,Bocchi the Rock!,4
1132,Skip and Loafer,3
1132,Nichijou - My Ordinary Life,3
1133,The Apothecary Diaries,5
1133,Psycho-Pass,4
1133,Hunter x Hunter,3
1133,Attack on Titan,5
1133,Erased,5
1133,The Promised Neverland,4
1133,Nichijou - My Ordinary Life,3
1133,One Piece,3
1133,Yuri!!! on Ice,4
1133,Odd Taxi,5
1133,Banana Fish,4
1133,Demon Slayer: Kimetsu no Yaiba,4
1133,Steins;Gate,5
1133,Spy x Family,3
1133,Death Note,5
1134,Banana Fish,5
1134,The Apothecary Diaries,5
1134,Vinland Saga,5
1134,Dr. Stone,4
1134,Mushishi,5
1134,Fullmetal Alchemist: Brotherhood,5
1134,Nichijou - My Ordinary Life,5
1134,Assassination Classroom,2
1134,Spy x Family,5
1134,Haikyu!!,5
1134,Made in Abyss,5
1134,Neon Genesis Evangelion,4
1134,Bocchi the Rock!,5
1134,Gintama,5
1134,Ranking of Kings,5
1134,Laid-Back Camp,4
1135,Demon Slayer: Kimetsu no Yaiba,3
1135,The Eminence in Shadow,4
1135,That Time I Got Reincarnated as a Slime,5
1135,Mashle: Magic and Muscles,5
1135,KONOSUBA -God's blessing on this wonderful world!,5
1135,Ranking of Kings,3
1135,The Rising of the Shield Hero,5
1135,Mushoku Tensei: Jobless Reincarnation,4
1135,Fruits Basket,3
1135,Solo Leveling,4
1135,Re:ZERO -Starting Life in Another World-,5
1135,Erased,3
1135,Sword Art Online,4
1135,My Hero Academia,3
1135,My Dress-Up Darling,2
1135,Overlord,5
1135,Assassination Classroom,2
1136,Clannad After Story,3
1136,Kaguya-sama: Love is War,4
1136,Fruits Basket,4
1136,Toradora!,4
1136,Dandadan,4
1136,Rascal Does Not Dream of Bunny Girl Senpai,4
1136,Your Lie in April,5
1136,My Dress-Up Darling,3
1136,The Apothecary Diaries,2
1136,Spy x Family,3
1136,Erased,1
1136,Horimiya,3
1136,Psycho-Pass,2
1136,Laid-Back Camp,2
1136,Steins;Gate,1
1136,Attack on Titan,2
1136,Wind Breaker,2
1136,Re:ZERO -Starting Life in Another World-,1
1136,Fullmetal Alchemist: Brotherhood,3
1136,Solo Leveling,2
1136,Gintama,2
1136,Dr. Stone,2
1136,Ranking of Kings,1
1136,Black Clover,2
1137,Assassination Classroom,4
1137,Kaguya-sama: Love is War,5
1137,Mob Psycho 100,4
1137,Mashle: Magic and Muscles,5
1137,Re:ZERO -Starting Life in Another World-,3
1137,The Rising of the Shield Hero,3
1137,Jujutsu Kaisen,2
1137,KONOSUBA -God's blessing on this wonderful world!,5
1138,Frieren: Beyond Journey's End,4
1138,Skip and Loafer,4
1138,Spy x Family,5
1138,Laid-Back Camp,4
1138,The Apothecary Diaries,3
1138,One Piece,2
1138,Bocchi the Rock!,5
1138,Blue Lock,1
1138,Nichijou - My Ordinary Life,4
1138,Ranking of Kings,4
1138,My Dress-Up Darling,3
1138,Haikyu!!,4
1138,Toradora!,2
1138,KONOSUBA -God's blessing on this wonderful world!,3
1138,Vinland Saga,1
1138,Dr. Stone,3
1138,The Promised Neverland,2
1138,Steins;Gate,3
1138,Free! - Iwatobi Swim Club,2
1139,The Promised Neverland,4
1139,Mushoku Tensei: Jobless Reincarnation,3
1139,Psycho-Pass,4
1139,The Apothecary Diaries,5
1139,Banana Fish,4
1139,The Rising of the Shield Hero,4
1139,Death Note,4
1139,Attack on Titan,4
1139,Solo Leveling,3
1139,Erased,3
1139,Mashle: Magic and Muscles,3
1139,KONOSUBA -God's blessing on this wonderful world!,5
1139,Odd Taxi,4
1139,Log Horizon,4
1139,The Eminence in Shadow,4
1139,Steins;Gate,4
1140,Odd Taxi,5
1140,Erased,4
1140,Psycho-Pass,5
1140,Attack on Titan,5
1140,Code Geass,4
1140,The Apothecary Diaries,4
1140,Horimiya,2
1140,Made in Abyss,2
1140,Death Note,4
1140,Bocchi the Rock!,2
1140,Steins;Gate,4
1140,That Time I Got Reincarnated as a Slime,2
1140,The Promised Neverland,4
1140,Hunter x Hunter,3
1140,Frieren: Beyond Journey's End,3
1141,Erased,3
1141,Attack on Titan,3
1141,The Apothecary Diaries,3
1141,Code Geass,4
1141,Death Note,4
1141,Psycho-Pass,4
1141,Naruto Shippuden,1
1141,Kaguya-sama: Love is War,2
1141,Banana Fish,4
1141,Steins;Gate,4
1141,Odd Taxi,4
1142,Nichijou - My Ordinary Life,3
1142,Mob Psycho 100,1
1142,The Apothecary Diaries,3
1142,Neon Genesis Evangelion,2
1142,Mushishi,3
1142,Bocchi the Rock!,4
1143,Assassination Classroom,4
1143,Spy x Family,4
1143,Demon Slayer: Kimetsu no Yaiba,3
1143,Naruto,3
1143,One-Punch Man,3
1143,Tokyo Ghoul,2
1143,Cowboy Bebop,3
1143,Kaguya-sama: Love is War,5
1144,Your Lie in April,4
1144,Attack on Titan,5
1144,Banana Fish,5
1144,Clannad After Story,3
1144,Kaguya-sama: Love is War,5
1144,Bocchi the Rock!,2
1144,Fruits Basket,3
1144,Neon Genesis Evangelion,5
1144,Dandadan,4
1144,Cowboy Bebop,4
1144,Mushishi,3
1144,KONOSUBA -God's blessing on this wonderful world!,2
1144,Chainsaw Man,2
1144,Spy x Family,5
1144,Yuri!!! on Ice,2
1144,Fullmetal Alchemist: Brotherhood,4
1144,Vinland Saga,5
1144,Toradora!,4
1144,Gintama,4
1144,Made in Abyss,5
1144,Steins;Gate,4
1144,Frieren: Beyond Journey's End,5
1144,Rascal Does Not Dream of Bunny Girl Senpai,4
1144,Jujutsu Kaisen,3
1145,Naruto,3
1145,Haikyu!!,4
1145,Wind Breaker,4
1145,Free! - Iwatobi Swim Club,4
1145,Yuri!!! on Ice,4
1145,Blue Lock,3
1145,Dandadan,2
1145,Mushishi,2
1145,Kuroko's Basketball,4
1145,Mushoku Tensei: Jobless Reincarnation,3
1145,Psycho-Pass,2
1145,One Piece,3
1145,Skip and Loafer,2
1145,The Eminence in Shadow,1
1145,Made in Abyss,2
1145,Assassination Classroom,4
1145,Kaguya-sama: Love is War,2
1145,Nichijou - My Ordinary Life,2
1145,Black Clover,1
1145,Horimiya,3
1146,My Dress-Up Darling,3
1146,Assassination Classroom,5
1146,Horimiya,2
1146,Mob Psycho 100,3
1146,KONOSUBA -God's blessing on this wonderful world!,2
1146,Kuroko's Basketball,4
1146,Re:ZERO -Starting Life in Another World-,3
1146,Mushoku Tensei: Jobless Reincarnation,3
1146,Wind Breaker,4
1146,Psycho-Pass,3
1146,Free! - Iwatobi Swim Club,5
1146,Blue Lock,5
1147,Dragon Ball Super,3
1147,Dandadan,5
1147,Demon Slayer: Kimetsu no Yaiba,5
1147,Fire Force,3
1147,Jujutsu Kaisen,5
1147,Chainsaw Man,3
1147,Jojo's Bizarre Adventure,3
1147,Naruto Shippuden,4
1147,Naruto,4
1147,Kaiju No. 8,3
1147,Hell's Paradise,3
1148,Haikyu!!,5
1148,Frieren: Beyond Journey's End,3
1148,Free! - Iwatobi Swim Club,5
1148,Kuroko's Basketball,5
1148,Fullmetal Alchemist: Brotherhood,4
1148,KONOSUBA -God's blessing on this wonderful world!,2
1148,Yuri!!! on Ice,4
1148,Assassination Classroom,5
1148,Wind Breaker,5
1148,Horimiya,2
1148,Blue Lock,4
1149,Kaguya-sama: Love is War,5
1149,Overlord,5
1149,Rascal Does Not Dream of Bunny Girl Senpai,5
1149,KONOSUBA -God's blessing on this wonderful world!,5
1149,Fire Force,1
1149,Attack on Titan,3
1149,Mushoku Tensei: Jobless Reincarnation,4
1149,The Promised Neverland,1
1149,Your Lie in April,4
1149,Fruits Basket,5
1149,Gintama,2
1149,Toradora!,4
1149,Naruto Shippuden,3
1149,Mashle: Magic and Muscles,2
1149,Spy x Family,5
1149,The Eminence in Shadow,5
1149,Solo Leveling,4
1149,My Dress-Up Darling,5
1149,Dandadan,4
1150,Dandadan,5
1150,Toradora!,4
1150,Spy x Family,5
1150,Fruits Basket,3
1150,Clannad After Story,3
1150,Assassination Classroom,3
1150,Rascal Does Not Dream of Bunny Girl Senpai,3
1150,Attack on Titan,4
1150,Your Lie in April,4
1150,Kaguya-sama: Love is War,4
1150,Horimiya,4
1150,Banana Fish,3
1150,Death Note,3
1150,Erased,4
1150,Steins;Gate,5
1150,Psycho-Pass,3
1150,The Apothecary Diaries,4
1150,My Dress-Up Darling,4
1151,Spy x Family,5
1151,Kaguya-sama: Love is War,5
1151,Dandadan,5
1151,Bocchi the Rock!,4
1151,Toradora!,5
1151,Horimiya,5
1151,Your Lie in April,5
1151,My Dress-Up Darling,4
1151,Fruits Basket,5
1151,Sword Art Online,2
1151,Rascal Does Not Dream of Bunny Girl Senpai,5
1151,Naruto Shippuden,3
1151,Mushishi,3
1151,Clannad After Story,5
1151,Mashle: Magic and Muscles,3
1151,Attack on Titan,4
1152,Skip and Loafer,4
1152,Erased,2
1152,Nichijou - My Ordinary Life,4
1152,Odd Taxi,2
1152,Ranking of Kings,5
1152,Bocchi the Rock!,4
1153,Yuri!!! on Ice,4
1153,Naruto,2
1153,Free! - Iwatobi Swim Club,3
1153,Blue Lock,4
1153,Frieren: Beyond Journey's End,2
1153,Assassination Classroom,3
1153,Attack on Titan,2
1153,Kuroko's Basketball,3
1153,The Apothecary Diaries,2
1153,Haikyu!!,4
1153,Dandadan,2
1153,Code Geass,2
1153,Wind Breaker,4
1154,Bocchi the Rock!,5
1154,The Apothecary Diaries,2
1154,Kaguya-sama: Love is War,3
1154,Spy x Family,4
1154,Solo Leveling,3
1154,KONOSUBA -God's blessing on this wonderful world!,4
1154,Re:ZERO -Starting Life in Another World-,3
1154,Mashle: Magic and Muscles,1
1155,Naruto,2
1155,Kuroko's Basketball,4
1155,Haikyu!!,4
1155,Psycho-Pass,2
1155,Cowboy Bebop,2
1155,Assassination Classroom,4
1155,Yuri!!! on Ice,4
1155,Kaguya-sama: Love is War,2
1155,Dandadan,2
1155,Blue Lock,4
1156,Dandadan,3
1156,Erased,2
1156,Chainsaw Man,4
1156,Kaiju No. 8,4
1156,Wind Breaker,4
1156,Jojo's Bizarre Adventure,3
1156,The Apothecary Diaries,2
1156,Jujutsu Kaisen,5
1156,Demon Slayer: Kimetsu no Yaiba,4
1156,My Hero Academia,4
1157,Demon Slayer: Kimetsu no Yaiba,3
1157,One-Punch Man,5
1157,Gintama,5
1157,Mob Psycho 100,4
1157,Skip and Loafer,5
1157,Kaguya-sama: Love is War,5
1157,Fruits Basket,3
1157,Spy x Family,5
1157,Mashle: Magic and Muscles,5
1158,The Promised Neverland,3
1158,Cowboy Bebop,3
1158,The Apothecary Diaries,4
1158,One Piece,4
1158,Haikyu!!,5
1158,The Eminence in Shadow,3
1158,Kuroko's Basketball,5
1158,Your Lie in April,3
1158,Blue Lock,5
1158,Wind Breaker,5
1158,That Time I Got Reincarnated as a Slime,3
1158,Jojo's Bizarre Adventure,3
1158,My Hero Academia,4
1158,Laid-Back Camp,3
1159,Ranking of Kings,4
1159,Haikyu!!,3
1159,Kuroko's Basketball,5
1159,Frieren: Beyond Journey's End,5
1159,Laid-Back Camp,4
1159,Dr. Stone,4
1159,Assassination Classroom,4
1159,The Apothecary Diaries,4
1159,Bocchi the Rock!,4
1159,Spy x Family,5
1159,The Rising of the Shield Hero,2
1159,Free! - Iwatobi Swim Club,3
1159,Hell's Paradise,2
1159,Fullmetal Alchemist: Brotherhood,2
1159,Mushishi,3
1160,Dandadan,1
1160,Laid-Back Camp,3
1160,Skip and Loafer,5
1160,Ranking of Kings,4
1160,Mushishi,3
1160,Steins;Gate,3
1160,Nichijou - My Ordinary Life,3
1160,Spy x Family,4
1160,The Apothecary Diaries,4
1160,Frieren: Beyond Journey's End,5
1160,Bocchi the Rock!,4
1160,Dr. Stone,5
1160,Haikyu!!,4
1160,Blue Lock,2
1160,Jujutsu Kaisen,1
1160,Attack on Titan,1
1160,Psycho-Pass,1
1160,Toradora!,2
1160,Black Clover,1
1161,Gintama,3
1161,Fire Force,2
1161,Demon Slayer: Kimetsu no Yaiba,2
1161,Steins;Gate,5
1161,One-Punch Man,2
1161,The Apothecary Diaries,4
1162,Your Lie in April,2
1162,The Promised Neverland,4
1162,Banana Fish,4
1162,Erased,4
1162,Fullmetal Alchemist: Brotherhood,4
1162,Neon Genesis Evangelion,4
1162,Hunter x Hunter,4
1162,Mushishi,4
1162,Psycho-Pass,5
1162,Frieren: Beyond Journey's End,5
1162,Attack on Titan,4
1162,Odd Taxi,4
1162,Mashle: Magic and Muscles,3
1162,Vinland Saga,4
1162,Cowboy Bebop,5
1162,Steins;Gate,5
1162,The Apothecary Diaries,4
1162,Jojo's Bizarre Adventure,2
1162,Haikyu!!,3
1162,The Eminence in Shadow,1
1162,Death Note,5
1162,Kaguya-sama: Love is War,3
1163,Bocchi the Rock!,4
1163,Laid-Back Camp,5
1163,Frieren: Beyond Journey's End,4
1163,Spy x Family,3
1163,Odd Taxi,2
1163,Mushishi,4
1163,Haikyu!!,4
1163,Clannad After Story,3
1163,Demon Slayer: Kimetsu no Yaiba,2
1163,Vinland Saga,2
1163,Neon Genesis Evangelion,2
1163,Re:ZERO -Starting Life in Another World-,3
1163,Ranking of Kings,4
1164,That Time I Got Reincarnated as a Slime,4
1164,Code Geass,3
1164,My Dress-Up Darling,4
1164,Mashle: Magic and Muscles,4
1164,Black Clover,3
1164,Yuri!!! on Ice,3
1164,Re:ZERO -Starting Life in Another World-,4
1164,Overlord,4
1164,The Rising of the Shield Hero,5
1164,Kuroko's Basketball,3
1164,Solo Leveling,4
1164,KONOSUBA -God's blessing on this wonderful world!,4
1164,Death Note,4
1164,Naruto Shippuden,2
1164,Mushoku Tensei: Jobless Reincarnation,5
1164,Spy x Family,3
1164,The Eminence in Shadow,4
1165,Bocchi the Rock!,4
1165,Kaguya-sama: Love is War,5
1165,Spy x Family,4
1165,Mob Psycho 100,3
1165,One-Punch Man,4
1165,Mashle: Magic and Muscles,4
1165,Assassination Classroom,3
1165,Dragon Ball Super,1
1165,KONOSUBA -God's blessing on this wonderful world!,4
1165,The Eminence in Shadow,2
1165,Gintama,4
1165,Horimiya,3
1165,Hell's Paradise,1
1165,Cowboy Bebop,2
1165,Free! - Iwatobi Swim Club,2
1165,Erased,2
1165,Frieren: Beyond Journey's End,2
1166,Nichijou - My Ordinary Life,4
1166,Assassination Classroom,4
1166,Attack on Titan,3
1166,One-Punch Man,3
1166,Kaguya-sama: Love is War,5
1166,Bocchi the Rock!,5
1166,Mob Psycho 100,4
1166,KONOSUBA -God's blessing on this wonderful world!,4
1166,Spy x Family,5
1166,Re:ZERO -Starting Life in Another World-,2
1166,Chainsaw Man,2
1166,Frieren: Beyond Journey's End,4
1166,The Eminence in Shadow,3
1166,My Dress-Up Darling,2
1166,Death Note,2
1166,Mashle: Magic and Muscles,5
1166,Gintama,4
1166,The Apothecary Diaries,3
1166,Yuri!!! on Ice,1
1166,Hell's Paradise,1
1167,Kaguya-sama: Love is War,2
1167,Solo Leveling,5
1167,Skip and Loafer,5
1167,Ranking of Kings,3
1167,The Eminence in Shadow,5
1167,Frieren: Beyond Journey's End,5
1168,Solo Leveling,3
1168,One Piece,4
1168,Spy x Family,5
1168,Rascal Does Not Dream of Bunny Girl Senpai,4
1168,Demon Slayer: Kimetsu no Yaiba,4
1168,Gintama,2
1168,Bleach,4
1168,Fruits Basket,5
1168,Chainsaw Man,3
1168,Fire Force,4
1168,My Hero Academia,3
1168,Kaguya-sama: Love is War,5
1168,Kaiju No. 8,3
1168,Vinland Saga,2
1168,Clannad After Story,3
1168,That Time I Got Reincarnated as a Slime,1
1168,Death Note,2
1168,Jojo's Bizarre Adventure,4
1168,Naruto Shippuden,2
1168,Yuri!!! on Ice,2
1168,Dandadan,3
1169,Demon Slayer: Kimetsu no Yaiba,4
1169,Solo Leveling,4
1169,One Piece,4
1169,Jojo's Bizarre Adventure,4
1169,Steins;Gate,5
1169,Psycho-Pass,3
1169,Fruits Basket,2
1169,My Hero Academia,3
1169,Dragon Ball Super,3
1169,Erased,5
1169,Kaiju No. 8,5
1169,Hell's Paradise,4
1169,The Apothecary Diaries,5
1169,Naruto Shippuden,4
1169,Naruto,4
1169,Mob Psycho 100,3
1169,Attack on Titan,4
1169,Fire Force,4
1169,Odd Taxi,4
1169,Rascal Does Not Dream of Bunny Girl Senpai,2
1169,KONOSUBA -God's blessing on this wonderful world!,2
1170,Kuroko's Basketball,3
1170,Free! - Iwatobi Swim Club,4
1170,Yuri!!! on Ice,4
1170,Fruits Basket,1
1170,One Piece,2
1170,Wind Breaker,3
1170,Assassination Classroom,5
1170,Dr. Stone,2
1170,Haikyu!!,4
1170,Frieren: Beyond Journey's End,2
1170,Kaiju No. 8,1
1170,Black Clover,2
1170,Log Horizon,2
1170,Laid-Back Camp,2
1170,Blue Lock,4
1170,Clannad After Story,2
1170,Neon Genesis Evangelion,2
1171,Spy x Family,2
1171,Banana Fish,4
1171,Attack on Titan,4
1171,The Promised Neverland,3
1171,Solo Leveling,3
1171,Dr. Stone,1
1171,The Eminence in Shadow,4
1172,Banana Fish,4
1172,Wind Breaker,3
1172,Demon Slayer: Kimetsu no Yaiba,4
1172,Jujutsu Kaisen,4
1172,Death Note,5
1172,Dandadan,4
1172,Black Clover,4
1172,One Piece,4
1172,Kaiju No. 8,4
1172,Odd Taxi,4
1172,Solo Leveling,4
1172,Naruto Shippuden,4
1172,Fire Force,3
1172,Bleach,5
1172,Code Geass,4
1172,Steins;Gate,3
1172,Attack on Titan,3
1172,Naruto,4
1172,The Apothecary Diaries,5
1172,Erased,4
1172,My Hero Academia,4
1173,Spy x Family,3
1173,Fruits Basket,2
1173,Chainsaw Man,4
1173,My Hero Academia,4
1173,Death Note,2
1173,Black Clover,5
1173,Naruto Shippuden,4
1173,Banana Fish,2
1173,Jujutsu Kaisen,4
1173,Jojo's Bizarre Adventure,4
1173,Dandadan,4
1173,Steins;Gate,3
1173,Fire Force,4
1173,Wind Breaker,5
1173,Hell's Paradise,3
1173,Demon Slayer: Kimetsu no Yaiba,4
1173,Psycho-Pass,2
1173,Gintama,2
1173,Naruto,4
1173,One Piece,4
1174,One-Punch Man,2
1174,Spy x Family,3
1174,Rascal Does Not Dream of Bunny Girl Senpai,5
1174,Jojo's Bizarre Adventure,1
1174,My Dress-Up Darling,4
1174,Bleach,2
1174,Toradora!,3
1174,Dandadan,4
1174,Fruits Basket,4
1174,Your Lie in April,4
1174,Horimiya,4
1174,Clannad After Story,4
1174,Chainsaw Man,3
1174,Jujutsu Kaisen,2
1174,Kaguya-sama: Love is War,5
1174,Re:ZERO -Starting Life in Another World-,1
1175,Ranking of Kings,4
1175,Laid-Back Camp,5
1175,Mushishi,3
1175,Skip and Loafer,4
1175,Spy x Family,4
1175,Nichijou - My Ordinary Life,4
1175,The Apothecary Diaries,4
1175,Black Clover,2
1175,Naruto Shippuden,3
1175,Dr. Stone,4
1175,Bleach,2
1175,Frieren: Beyond Journey's End,5
1175,Jojo's Bizarre Adventure,2
1175,Your Lie in April,1
1175,Bocchi the Rock!,4
1175,Dragon Ball Super,3
1175,Jujutsu Kaisen,3
1175,Mushoku Tensei: Jobless Reincarnation,2
1175,Erased,2
1175,Haikyu!!,5
1175,Vinland Saga,2
1175,My Hero Academia,2
1175,Log Horizon,2
1176,Laid-Back Camp,4
1176,Skip and Loafer,3
1176,The Apothecary Diaries,3
1176,Frieren: Beyond Journey's End,4
1176,Dandadan,2
1176,KONOSUBA -God's blessing on this wonderful world!,3
1176,Dr. Stone,4
1176,Bocchi the Rock!,4
1176,Attack on Titan,1
1176,Spy x Family,4
1176,Neon Genesis Evangelion,1
1176,Haikyu!!,5
1176,Toradora!,2
1176,Nichijou - My Ordinary Life,4
1176,Kaguya-sama: Love is War,3
1176,Mushishi,5
1176,Ranking of Kings,4
1176,Jujutsu Kaisen,2
1176,Re:ZERO -Starting Life in Another World-,3
1176,My Dress-Up Darling,2
1176,Horimiya,3
1176,Wind Breaker,2
1176,The Promised Neverland,2
1176,Psycho-Pass,1
1176,One Piece,4
1177,Dragon Ball Super,1
1177,Frieren: Beyond Journey's End,4
1177,Skip and Loafer,5
1177,Mushishi,5
1177,Bocchi the Rock!,5
1177,Haikyu!!,4
1177,Dr. Stone,5
1177,Laid-Back Camp,5
1177,Spy x Family,5
1177,Yuri!!! on Ice,2
1177,The Apothecary Diaries,4
1177,Dandadan,4
1178,The Rising of the Shield Hero,3
1178,Kaguya-sama: Love is War,4
1178,Frieren: Beyond Journey's End,5
1178,Laid-Back Camp,5
1178,Dr. Stone,5
1178,Spy x Family,5
1178,Steins;Gate,3
1178,Bocchi the Rock!,3
1178,Ranking of Kings,4
1178,That Time I Got Reincarnated as a Slime,3
1178,Nichijou - My Ordinary Life,4
1178,Mashle: Magic and Muscles,5
1178,Skip and Loafer,5
1178,One-Punch Man,5
1178,Haikyu!!,4
1179,Bocchi the Rock!,5
1179,Ranking of Kings,4
1179,Frieren: Beyond Journey's End,4
1179,Fire Force,3
1179,The Apothecary Diaries,5
1179,Haikyu!!,4
1179,Sword Art Online,1
1179,Laid-Back Camp,5
1179,Spy x Family,4
1179,Skip and Loafer,5
1179,My Dress-Up Darling,3
1179,Dr. Stone,5
1179,Mushishi,4
1180,Chainsaw Man,4
1180,Dandadan,5
1180,Bleach,5
1180,Wind Breaker,4
1180,Kaiju No. 8,5
1180,One Piece,4
1181,Nichijou - My Ordinary Life,3
1181,Wind Breaker,5
1181,Yuri!!! on Ice,5
1181,Kuroko's Basketball,4
1181,Haikyu!!,5
1181,Naruto Shippuden,3
1181,Toradora!,3
1181,Hunter x Hunter,3
1181,Fullmetal Alchemist: Brotherhood,3
1181,Spy x Family,4
1181,Blue Lock,5
1181,Made in Abyss,3
1181,Kaguya-sama: Love is War,4
1181,Demon Slayer: Kimetsu no Yaiba,3
1181,Re:ZERO -Starting Life in Another World-,3
1181,The Eminence in Shadow,3
1181,Assassination Classroom,4
1181,Gintama,3
1181,Free! - Iwatobi Swim Club,5
1182,My Dress-Up Darling,4
1182,Kaguya-sama: Love is War,5
1182,Assassination Classroom,4
1182,Spy x Family,5
1182,Gintama,4
1182,Toradora!,4
1182,Clannad After Story,4
1182,Mashle: Magic and Muscles,4
1182,Your Lie in April,5
1182,Mob Psycho 100,4
1182,Fullmetal Alchemist: Brotherhood,3
1182,Rascal Does Not Dream of Bunny Girl Senpai,5
1183,Fire Force,3
1183,That Time I Got Reincarnated as a Slime,3
1183,Jojo's Bizarre Adventure,4
1183,One Piece,5
1183,Dandadan,5
1183,Naruto,3
1183,Dragon Ball Super,4
1183,Naruto Shippuden,4
1183,Re:ZERO -Starting Life in Another World-,3
1183,Log Horizon,3
1183,Death Note,2
1183,The Apothecary Diaries,2
1183,Solo Leveling,5
1183,Mob Psycho 100,2
1184,Solo Leveling,5
1184,Re:ZERO -Starting Life in Another World-,3
1184,Gintama,3
1184,The Rising of the Shield Hero,4
1184,Sword Art Online,4
1184,That Time I Got Reincarnated as a Slime,4
1184,Steins;Gate,3
1184,One Piece,3
1184,The Eminence in Shadow,5
1184,KONOSUBA -God's blessing on this wonderful world!,4
1184,Mob Psycho 100,3
1184,Mushoku Tensei: Jobless Reincarnation,4
1184,Mashle: Magic and Muscles,5
1184,Tokyo Ghoul,3
1184,Overlord,4
1184,Jojo's Bizarre Adventure,3
1184,Horimiya,3
1185,Frieren: Beyond Journey's End,4
1185,Code Geass,4
1185,Attack on Titan,5
1185,Fullmetal Alchemist: Brotherhood,5
1185,Banana Fish,4
1185,Vinland Saga,4
1185,Tokyo Ghoul,1
1185,Steins;Gate,5
1185,The Promised Neverland,4
1186,Kuroko's Basketball,4
1186,Yuri!!! on Ice,4
1186,Spy x Family,4
1186,Wind Breaker,4
1186,Bocchi the Rock!,5
1186,Mashle: Magic and Muscles,4
1186,One-Punch Man,5
1186,Free! - Iwatobi Swim Club,4
1186,My Dress-Up Darling,2
1186,Kaguya-sama: Love is War,5
1186,Erased,3
1186,Gintama,5
1186,Mob Psycho 100,4
1186,KONOSUBA -God's blessing on this wonderful world!,5
1186,Nichijou - My Ordinary Life,4
1186,Blue Lock,4
1186,Haikyu!!,5
1186,Made in Abyss,3
1186,Re:ZERO -Starting Life in Another World-,2
1186,Hunter x Hunter,3
1186,Chainsaw Man,2
1186,Skip and Loafer,3
1186,Mushoku Tensei: Jobless Reincarnation,3
1186,Assassination Classroom,5
1186,Laid-Back Camp,3
1187,Banana Fish,5
1187,Erased,5
1187,Code Geass,5
1187,Nichijou - My Ordinary Life,3
1187,Attack on Titan,5
1187,Steins;Gate,4
1187,The Promised Neverland,4
1187,Odd Taxi,4
1187,The Apothecary Diaries,5
1187,Death Note,4
1187,KONOSUBA -God's blessing on this wonderful world!,3
1187,Vinland Saga,2
1187,That Time I Got Reincarnated as a Slime,1
1187,Sword Art Online,3
1187,My Hero Academia,2
1187,Haikyu!!,3
1187,Gintama,3
1187,Blue Lock,2
1187,Mob Psycho 100,2
1187,Toradora!,2
1187,Free! - Iwatobi Swim Club,2
1187,My Dress-Up Darling,2
1187,Kuroko's Basketball,2
1187,Mushishi,2
1187,Overlord,3
1188,Wind Breaker,3
1188,Horimiya,2
1188,Jujutsu Kaisen,5
1188,Solo Leveling,5
1188,Attack on Titan,2
1188,My Dress-Up Darling,4
1188,Black Clover,4
1188,Jojo's Bizarre Adventure,3
1188,Demon Slayer: Kimetsu no Yaiba,5
1188,Dandadan,4
1189,Assassination Classroom,5
1189,Blue Lock,4
1189,Ranking of Kings,3
1189,Kaguya-sama: Love is War,2
1189,Haikyu!!,4
1189,The Apothecary Diaries,2
1190,Odd Taxi,4
1190,Haikyu!!,4
1190,Ranking of Kings,5
1190,Nichijou - My Ordinary Life,4
1190,Rascal Does Not Dream of Bunny Girl Senpai,2
1190,Spy x Family,4
1190,Mushishi,3
1190,Steins;Gate,4
1190,Attack on Titan,5
1190,Frieren: Beyond Journey's End,5
1190,The Apothecary Diaries,4
1191,KONOSUBA -God's blessing on this wonderful world!,4
1191,Bocchi the Rock!,5
1191,Mushishi,3
1191,Code Geass,3
1191,Kaguya-sama: Love is War,4
1191,Mashle: Magic and Muscles,4
1191,The Promised Neverland,2
1191,Horimiya,2
1191,Assassination Classroom,4
1191,Ranking of Kings,2
1191,Death Note,1
1191,One-Punch Man,5
1191,Your Lie in April,3
1192,Yuri!!! on Ice,5
1192,Kaguya-sama: Love is War,3
1192,KONOSUBA -God's blessing on this wonderful world!,5
1192,Nichijou - My Ordinary Life,4
1192,Free! - Iwatobi Swim Club,4
1192,Assassination Classroom,5
1192,Haikyu!!,4
1192,One-Punch Man,3
1192,Mashle: Magic and Muscles,3
1193,That Time I Got Reincarnated as a Slime,2
1193,Yuri!!! on Ice,4
1193,Kuroko's Basketball,4
1193,Blue Lock,4
1193,Haikyu!!,4
1193,Nichijou - My Ordinary Life,3
1193,Vinland Saga,3
1193,Free! - Iwatobi Swim Club,4
1193,Assassination Classroom,4
1193,Wind Breaker,3
1193,Skip and Loafer,2
1193,Dragon Ball Super,3
1193,Kaiju No. 8,3
1194,The Promised Neverland,1
1194,Vinland Saga,4
1194,Steins;Gate,5
1194,Hunter x Hunter,3
1194,Frieren: Beyond Journey's End,5
1194,Neon Genesis Evangelion,3
1194,Attack on Titan,4
1194,Cowboy Bebop,5
1194,Fullmetal Alchemist: Brotherhood,4
1194,Kuroko's Basketball,3
1194,Mushishi,4
1194,Hell's Paradise,2
1194,Haikyu!!,3
1194,Mashle: Magic and Muscles,3
1194,Made in Abyss,4
1194,Kaiju No. 8,2
1194,Gintama,3
1194,My Hero Academia,2
1195,Demon Slayer: Kimetsu no Yaiba,2
1195,Toradora!,3
1195,Wind Breaker,3
1195,KONOSUBA -God's blessing on this wonderful world!,3
1195,Mashle: Magic and Muscles,4
1195,That Time I Got Reincarnated as a Slime,4
1195,Solo Leveling,4
1195,The Eminence in Shadow,4
1196,Clannad After Story,5
1196,Steins;Gate,5
1196,Hunter x Hunter,5
1196,Attack on Titan,5
1196,My Dress-Up Darling,5
1196,Demon Slayer: Kimetsu no Yaiba,3
1196,Fruits Basket,5
1196,Spy x Family,5
1196,Gintama,4
1196,Yuri!!! on Ice,4
1196,Mushishi,5
1196,Odd Taxi,3
1196,Cowboy Bebop,4
1197,Odd Taxi,3
1197,Erased,4
1197,Death Note,4
1197,Code Geass,5
1197,The Apothecary Diaries,4
1197,Steins;Gate,5
1197,Frieren: Beyond Journey's End,3
1197,Nichijou - My Ordinary Life,3
1197,Vinland Saga,3
1197,Psycho-Pass,4
1197,Toradora!,2
1197,Neon Genesis Evangelion,3
1198,Horimiya,2
1198,Code Geass,2
1198,The Promised Neverland,3
1198,Gintama,4
1198,Your Lie in April,2
1198,Assassination Classroom,4
1198,Erased,3
1198,One-Punch Man,4
1198,Mashle: Magic and Muscles,5
1198,KONOSUBA -God's blessing on this wonderful world!,3
1198,Laid-Back Camp,2
1198,Frieren: Beyond Journey's End,2
1198,Vinland Saga,3
1198,Jujutsu Kaisen,3
1198,Spy x Family,4
1198,Nichijou - My Ordinary Life,4
1198,Kaguya-sama: Love is War,5
1198,Dragon Ball Super,2
1199,Spy x Family,4
1199,Horimiya,4
1199,Kaguya-sama: Love is War,5
1199,Toradora!,4
1199,Your Lie in April,4
1199,Clannad After Story,5
1200,Bocchi the Rock!,4
1200,Assassination Classroom,5
1200,Mashle: Magic and Muscles,3
1200,The Rising of the Shield Hero,5
1200,Overlord,4
1200,Solo Leveling,4
1200,Sword Art Online,3
1200,Gintama,5
1200,Mob Psycho 100,5
1200,KONOSUBA -God's blessing on this wonderful world!,4
1200,The Eminence in Shadow,4
1200,Psycho-Pass,3
1201,Ranking of Kings,4
1201,The Eminence in Shadow,4
1201,That Time I Got Reincarnated as a Slime,4
1201,Re:ZERO -Starting Life in Another World-,5
1201,Haikyu!!,4
1201,Log Horizon,4
1202,Attack on Titan,4
1202,Odd Taxi,4
1202,Frieren: Beyond Journey's End,3
1202,Death Note,4
1202,Dr. Stone,4
1202,The Promised Neverland,4
1202,Demon Slayer: Kimetsu no Yaiba,2
1202,Laid-Back Camp,4
1202,Bocchi the Rock!,4
1202,Ranking of Kings,4
1202,Code Geass,4
1202,That Time I Got Reincarnated as a Slime,2
1202,Haikyu!!,4
1202,Fire Force,1
1202,Psycho-Pass,3
1202,Erased,4
1202,Spy x Family,3
1202,Jujutsu Kaisen,2
1203,Steins;Gate,4
1203,Neon Genesis Evangelion,4
1203,Gintama,5
1203,Mushishi,3
1203,Frieren: Beyond Journey's End,5
1203,Kaiju No. 8,5
1204,Assassination Classroom,4
1204,Kaguya-sama: Love is War,4
1204,Gintama,4
1204,Rascal Does Not Dream of Bunny Girl Senpai,2
1204,One-Punch Man,4
1204,Bocchi the Rock!,4
1204,KONOSUBA -God's blessing on this wonderful world!,5
1204,Mashle: Magic and Muscles,4
1204,Nichijou - My Ordinary Life,4
1204,Code Geass,1
1204,The Promised Neverland,2
1204,Hunter x Hunter,2
1204,Death Note,2
1205,Rascal Does Not Dream of Bunny Girl Senpai,5
1205,Spy x Family,5
1205,Fruits Basket,4
1205,Bocchi the Rock!,1
1205,Clannad After Story,3
1205,Kaguya-sama: Love is War,4
1205,Dandadan,5
1205,Toradora!,5
1205,One-Punch Man,1
1205,The Apothecary Diaries,3
1205,Your Lie in April,5
1205,Horimiya,3
1205,Psycho-Pass,2
1205,My Dress-Up Darling,4
1205,Laid-Back Camp,1
1206,Kaguya-sama: Love is War,4
1206,Dandadan,4
1206,One-Punch Man,4
1206,Fruits Basket,5
1206,Toradora!,5
1206,Nichijou - My Ordinary Life,4
1206,Your Lie in April,4
1206,Gintama,3
1206,Clannad After Story,3
1206,Mashle: Magic and Muscles,3
1206,My Dress-Up Darling,4
1206,Naruto Shippuden,2
1207,Erased,3
1207,Attack on Titan,4
1207,Your Lie in April,2
1207,Toradora!,3
1207,Death Note,5
1207,Code Geass,4
1207,Banana Fish,4
1207,Bocchi the Rock!,2
1207,Steins;Gate,4
1207,Psycho-Pass,4
1207,Clannad After Story,2
1207,Jujutsu Kaisen,1
1207,Haikyu!!,3
1207,The Promised Neverland,4
1207,Horimiya,2
1207,Odd Taxi,3
1207,The Eminence in Shadow,3
1207,Fruits Basket,3
1207,Free! - Iwatobi Swim Club,2
1207,The Apothecary Diaries,4
1207,Log Horizon,2
1207,Mushoku Tensei: Jobless Reincarnation,2
1207,Dragon Ball Super,2
1207,Naruto Shippuden,2
1208,Wind Breaker,2
1208,Kuroko's Basketball,3
1208,Assassination Classroom,4
1208,Free! - Iwatobi Swim Club,3
1208,Kaguya-sama: Love is War,2
1208,Jujutsu Kaisen,2
1208,Haikyu!!,4
1208,Yuri!!! on Ice,3
1208,Bocchi the Rock!,3
1208,Blue Lock,4
1208,Naruto,3
1208,Mashle: Magic and Muscles,2
1208,Attack on Titan,1
1208,Chainsaw Man,1
1208,Code Geass,2
1208,Made in Abyss,2
1208,Mushoku Tensei: Jobless Reincarnation,1
1208,Steins;Gate,2
1208,The Apothecary Diaries,2
1208,Overlord,2
1208,Toradora!,2
1208,That Time I Got Reincarnated as a Slime,1
1208,Laid-Back Camp,2
1208,Nichijou - My Ordinary Life,2
1208,Demon Slayer: Kimetsu no Yaiba,2
1209,Mushoku Tensei: Jobless Reincarnation,5
1209,My Hero Academia,2
1209,KONOSUBA -God's blessing on this wonderful world!,5
1209,Solo Leveling,4
1209,Re:ZERO -Starting Life in Another World-,5
1209,Log Horizon,4
1209,Overlord,4
1209,Steins;Gate,2
1209,Fire Force,2
1210,Re:ZERO -Starting Life in Another World-,2
1210,Jujutsu Kaisen,3
1210,Kuroko's Basketball,4
1210,Frieren: Beyond Journey's End,2
1210,Toradora!,2
1210,Hunter x Hunter,2
1210,Made in Abyss,3
1210,Yuri!!! on Ice,4
1210,Demon Slayer: Kimetsu no Yaiba,4
1210,Blue Lock,5
1210,Haikyu!!,5
1210,Kaguya-sama: Love is War,3
1210,Assassination Classroom,5
1210,Banana Fish,3
1210,Steins;Gate,3
1210,Free! - Iwatobi Swim Club,5
1210,Wind Breaker,5
1210,Cowboy Bebop,2
1210,One-Punch Man,3
1210,Kaiju No. 8,2
1210,Black Clover,3
1210,Naruto Shippuden,3
1210,Dr. Stone,3
1211,Toradora!,5
1211,Horimiya,4
1211,Clannad After Story,5
1211,Fruits Basket,5
1211,Dandadan,4
1211,Demon Slayer: Kimetsu no Yaiba,2
1211,Spy x Family,5
1211,Odd Taxi,2
1211,Bleach,2
1211,Attack on Titan,2
1211,Your Lie in April,5
1211,The Apothecary Diaries,2
1211,Rascal Does Not Dream of Bunny Girl Senpai,5
1211,Cowboy Bebop,1
1211,Kaguya-sama: Love is War,3
1211,Mashle: Magic and Muscles,2
1211,Assassination Classroom,2
1212,Spy x Family,5
1212,Nichijou - My Ordinary Life,4
1212,Skip and Loafer,4
1212,Wind Breaker,5
1212,Blue Lock,3
1212,Your Lie in April,3
1212,Haikyu!!,3
1212,The Apothecary Diaries,5
1212,Dr. Stone,4
1212,Fullmetal Alchemist: Brotherhood,3
1213,Attack on Titan,5
1213,The Promised Neverland,5
1213,Banana Fish,5
1213,Neon Genesis Evangelion,1
1213,One-Punch Man,3
1213,Death Note,4
1213,The Apothecary Diaries,5
1213,One Piece,2
1213,Steins;Gate,5
1213,Black Clover,3
1213,Frieren: Beyond Journey's End,2
1213,Psycho-Pass,4
1214,Steins;Gate,3
1214,Fullmetal Alchemist: Brotherhood,5
1214,Cowboy Bebop,5
1214,Banana Fish,4
1214,Attack on Titan,4
1214,Death Note,4
1214,Gintama,4
1215,Dandadan,5
1215,Spy x Family,4
1215,Horimiya,4
1215,Assassination Classroom,1
1215,Kaiju No. 8,2
1215,Your Lie in April,4
1215,Kaguya-sama: Love is War,5
1215,Hunter x Hunter,3
1215,My Hero Academia,2
1216,Gintama,4
1216,KONOSUBA -God's blessing on this wonderful world!,3
1216,Haikyu!!,5
1216,The Rising of the Shield Hero,2
1216,One-Punch Man,5
1216,Bocchi the Rock!,4
1216,Yuri!!! on Ice,4
1216,Mashle: Magic and Muscles,4
1216,Steins;Gate,3
1216,Kuroko's Basketball,5
1216,Mushishi,3
1216,Rascal Does Not Dream of Bunny Girl Senpai,2
1216,Assassination Classroom,4
1216,Wind Breaker,4
1216,Toradora!,2
1217,Solo Leveling,5
1217,Mashle: Magic and Muscles,4
1217,Kuroko's Basketball,2
1217,Mushoku Tensei: Jobless Reincarnation,4
1217,The Eminence in Shadow,4
1217,That Time I Got Reincarnated as a Slime,4
1217,KONOSUBA -God's blessing on this wonderful world!,5
1217,Death Note,2
1217,Re:ZERO -Starting Life in Another World-,4
1217,Psycho-Pass,3
1217,Log Horizon,4
1217,Sword Art Online,3
1217,Haikyu!!,2
1217,Spy x Family,2
1217,Chainsaw Man,1
1217,The Rising of the Shield Hero,4
1217,Fruits Basket,3
1217,Dragon Ball Super,2
1217,Overlord,4
1217,Yuri!!! on Ice,2
1217,Kaguya-sama: Love is War,2
1217,Bocchi the Rock!,2
1217,One-Punch Man,2
1217,Mob Psycho 100,3
1218,Mushishi,5
1218,Spy x Family,4
1218,Kuroko's Basketball,5
1218,Haikyu!!,5
1218,That Time I Got Reincarnated as a Slime,3
1218,Erased,3
1218,Blue Lock,4
1218,Yuri!!! on Ice,4
1218,Bocchi the Rock!,5
1218,KONOSUBA -God's blessing on this wonderful world!,2
1218,Frieren: Beyond Journey's End,4
1218,Ranking of Kings,5
1219,Death Note,5
1219,Naruto,3
1219,Banana Fish,5
1219,Black Clover,2
1219,Code Geass,5
1219,The Promised Neverland,4
1219,Attack on Titan,5
1219,The Apothecary Diaries,5
1219,Clannad After Story,2
1219,Laid-Back Camp,4
1219,Dr. Stone,3
1219,Dandadan,2
1219,Steins;Gate,4
1219,Erased,3
1219,Odd Taxi,5
1219,Psycho-Pass,4
1219,Mushishi,2
1219,Dragon Ball Super,2
1219,Chainsaw Man,3
1219,Blue Lock,3
1219,Kaiju No. 8,2
1219,Spy x Family,2
1219,Ranking of Kings,3
1220,Spy x Family,5
1220,Overlord,2
1220,Bleach,3
1220,Haikyu!!,5
1220,Frieren: Beyond Journey's End,4
1220,Skip and Loafer,4
1220,The Apothecary Diaries,4
1220,Laid-Back Camp,5
1220,Hunter x Hunter,4
1220,Nichijou - My Ordinary Life,5
1220,Ranking of Kings,4
1220,Dr. Stone,5
1220,Bocchi the Rock!,4
1220,Code Geass,3
1220,Toradora!,3
1220,Wind Breaker,4
1220,Gintama,3
1221,Made in Abyss,5
1221,Jujutsu Kaisen,5
1221,Steins;Gate,4
1221,My Hero Academia,3
1221,Naruto Shippuden,3
1221,My Dress-Up Darling,2
1221,Black Clover,4
1221,One Piece,4
1221,Frieren: Beyond Journey's End,4
1221,Fullmetal Alchemist: Brotherhood,5
1222,Fullmetal Alchemist: Brotherhood,3
1222,Neon Genesis Evangelion,3
1222,Mashle: Magic and Muscles,4
1222,KONOSUBA -God's blessing on this wonderful world!,4
1222,That Time I Got Reincarnated as a Slime,3
1222,Solo Leveling,4
1222,Banana Fish,3
1222,Cowboy Bebop,2
1222,Made in Abyss,4
1222,Overlord,4
1222,Frieren: Beyond Journey's End,4
1222,Attack on Titan,4
1222,Mushishi,3
1222,Code Geass,2
1222,The Rising of the Shield Hero,3
1222,Log Horizon,3
1222,Vinland Saga,4
1222,Spy x Family,1
1222,Free! - Iwatobi Swim Club,1
1222,Chainsaw Man,2
1223,My Dress-Up Darling,2
1223,Code Geass,4
1223,Death Note,4
1223,Blue Lock,4
1223,Jojo's Bizarre Adventure,3
1223,Erased,3
1223,Free! - Iwatobi Swim Club,4
1223,The Promised Neverland,5
1223,Haikyu!!,4
1223,Wind Breaker,4
1223,Kuroko's Basketball,3
1223,Odd Taxi,5
1223,Yuri!!! on Ice,4
1223,Steins;Gate,3
1223,Attack on Titan,5
1223,Spy x Family,2
1223,Gintama,2
1224,Demon Slayer: Kimetsu no Yaiba,4
1224,Jojo's Bizarre Adventure,4
1224,KONOSUBA -God's blessing on this wonderful world!,5
1224,One Piece,4
1224,Dandadan,4
1224,Kaiju No. 8,5
1224,Naruto Shippuden,5
1224,Re:ZERO -Starting Life in Another World-,4
1224,Overlord,4
1224,Wind Breaker,5
1224,Chainsaw Man,5
1224,The Apothecary Diaries,3
1224,That Time I Got Reincarnated as a Slime,5
1224,Dragon Ball Super,3
1224,Mashle: Magic and Muscles,5
1224,Bleach,4
1224,Jujutsu Kaisen,4
1224,Mushoku Tensei: Jobless Reincarnation,3
1224,The Eminence in Shadow,4
1224,The Rising of the Shield Hero,3
1224,My Hero Academia,4
1225,The Apothecary Diaries,4
1225,Ranking of Kings,3
1225,Cowboy Bebop,2
1225,Nichijou - My Ordinary Life,4
1225,Dandadan,4
1225,Dragon Ball Super,3
1225,Naruto Shippuden,3
1225,Kaiju No. 8,3
1225,Haikyu!!,4
1225,Laid-Back Camp,5
1225,Kuroko's Basketball,2
1225,Dr. Stone,4
1225,Clannad After Story,2
1225,Wind Breaker,4
1225,Chainsaw Man,5
1225,Jojo's Bizarre Adventure,4
1225,Hell's Paradise,4
1225,Mushishi,4
1225,One Piece,5
1225,Demon Slayer: Kimetsu no Yaiba,4
1225,Frieren: Beyond Journey's End,4
1225,Fire Force,3
1225,Spy x Family,4
1226,Mushishi,5
1226,Hunter x Hunter,4
1226,Nichijou - My Ordinary Life,4
1226,Dr. Stone,2
1226,Spy x Family,4
1226,Steins;Gate,5
1226,Mob Psycho 100,4
1226,Cowboy Bebop,4
1226,Fullmetal Alchemist: Brotherhood,4
1226,Mashle: Magic and Muscles,4
1226,Fire Force,2
1226,Attack on Titan,5
1226,Made in Abyss,5
1226,Mushoku Tensei: Jobless Reincarnation,3
1226,Gintama,4
1226,Assassination Classroom,4
1226,Frieren: Beyond Journey's End,5
1226,Bocchi the Rock!,5
1226,Naruto Shippuden,3
1226,Kaguya-sama: Love is War,4
1227,Log Horizon,3
1227,Sword Art Online,4
1227,Kuroko's Basketball,4
1227,Kaguya-sama: Love is War,2
1227,Spy x Family,2
1227,That Time I Got Reincarnated as a Slime,4
1227,Free! - Iwatobi Swim Club,4
1227,Solo Leveling,3
1227,Overlord,5
1227,Re:ZERO -Starting Life in Another World-,4
1227,Frieren: Beyond Journey's End,2
1227,Blue Lock,4
1227,Mashle: Magic and Muscles,4
1227,The Eminence in Shadow,4
1227,Haikyu!!,5
1227,Assassination Classroom,3
1227,Yuri!!! on Ice,5
1228,Assassination Classroom,4
1228,Wind Breaker,4
1228,Yuri!!! on Ice,4
1228,Haikyu!!,4
1228,Made in Abyss,2
1228,Jujutsu Kaisen,1
1228,Blue Lock,3
1229,Steins;Gate,4
1229,The Eminence in Shadow,4
1229,Re:ZERO -Starting Life in Another World-,5
1229,Fullmetal Alchemist: Brotherhood,5
1229,KONOSUBA -God's blessing on this wonderful world!,4
1229,Vinland Saga,5
1229,Cowboy Bebop,4
1229,Banana Fish,4
1229,Log Horizon,3
1229,Sword Art Online,2
1230,Bocchi the Rock!,2
1230,Steins;Gate,4
1230,Death Note,5
1230,Odd Taxi,4
1230,Chainsaw Man,2
1230,Code Geass,4
1230,The Apothecary Diaries,5
1230,Banana Fish,5
1230,Erased,5
1230,Attack on Titan,5
1230,Bleach,2
1230,Psycho-Pass,3
1230,My Dress-Up Darling,2
1230,The Eminence in Shadow,3
1230,Mushishi,1
1230,Demon Slayer: Kimetsu no Yaiba,3
1231,Ranking of Kings,4
1231,Dr. Stone,5
1231,Blue Lock,3
1231,Haikyu!!,5
1231,Bocchi the Rock!,5
1231,Mushishi,5
1231,Attack on Titan,3
1231,One Piece,2
1231,The Apothecary Diaries,5
1231,Frieren: Beyond Journey's End,5
1231,Skip and Loafer,5
1232,The Rising of the Shield Hero,5
1232,Death Note,5
1232,Attack on Titan,4
1232,Re:ZERO -Starting Life in Another World-,5
1232,That Time I Got Reincarnated as a Slime,5
1232,Bocchi the Rock!,3
1232,Odd Taxi,5
1232,KONOSUBA -God's blessing on this wonderful world!,4
1232,Banana Fish,5
1232,Overlord,5
1232,The Eminence in Shadow,5
1232,Mashle: Magic and Muscles,4
1232,Log Horizon,4
1232,Fullmetal Alchemist: Brotherhood,3
1232,Mushoku Tensei: Jobless Reincarnation,5
1232,Steins;Gate,5
1232,The Promised Neverland,5
1232,Solo Leveling,4
1232,Skip and Loafer,3
1232,Erased,5
1233,Naruto Shippuden,4
1233,Demon Slayer: Kimetsu no Yaiba,3
1233,Dragon Ball Super,3
1233,Solo Leveling,3
1233,Naruto,3
1233,Wind Breaker,3
1233,One Piece,4
1233,Black Clover,4
1233,Chainsaw Man,3
1233,Fire Force,3
1233,Tokyo Ghoul,1
1233,My Hero Academia,3
1233,Dandadan,4
1233,Hell's Paradise,3
1233,Bleach,5
1233,Kaiju No. 8,4
1233,Mushishi,1
1233,Jujutsu Kaisen,4
1233,Kaguya-sama: Love is War,1
1233,Skip and Loafer,1
1233,Spy x Family,2
1233,Vinland Saga,2
1233,Attack on Titan,2
1233,Hunter x Hunter,1
1233,Bocchi the Rock!,2
1234,Kaguya-sama: Love is War,4
1234,Blue Lock,4
1234,Spy x Family,4
1234,Bocchi the Rock!,5
1234,Mob Psycho 100,5
1234,Mashle: Magic and Muscles,4
1234,That Time I Got Reincarnated as a Slime,3
1234,Frieren: Beyond Journey's End,3
1234,Gintama,5
1234,Assassination Classroom,4
1234,KONOSUBA -God's blessing on this wonderful world!,3
1234,The Eminence in Shadow,2
1234,Fullmetal Alchemist: Brotherhood,3
1234,Nichijou - My Ordinary Life,5
1234,One-Punch Man,5
1234,Fire Force,4
1234,Dandadan,3
1234,Mushishi,2
1234,Skip and Loafer,3
1234,Banana Fish,3
1235,Kaiju No. 8,5
1235,Odd Taxi,3
1235,Fire Force,4
1235,Kuroko's Basketball,2
1235,Chainsaw Man,4
1235,Wind Breaker,4
1235,One Piece,5
1235,Jujutsu Kaisen,5
1235,Solo Leveling,4
1235,Black Clover,5
1235,Bleach,3
1235,Demon Slayer: Kimetsu no Yaiba,4
1235,Naruto Shippuden,5
1235,Your Lie in April,2
1235,Naruto,4
1236,KONOSUBA -God's blessing on this wonderful world!,4
1236,Mashle: Magic and Muscles,3
1236,Re:ZERO -Starting Life in Another World-,3
1236,The Eminence in Shadow,4
1236,Solo Leveling,3
1236,Overlord,4
1236,The Rising of the Shield Hero,4
1236,Bocchi the Rock!,3
1236,Sword Art Online,3
1236,Haikyu!!,1
1236,That Time I Got Reincarnated as a Slime,2
1237,Yuri!!! on Ice,4
1237,Mashle: Magic and Muscles,1
1237,Fruits Basket,2
1237,Nichijou - My Ordinary Life,1
1237,Haikyu!!,4
1237,Frieren: Beyond Journey's End,2
1237,Free! - Iwatobi Swim Club,3
1237,Horimiya,2
1237,Blue Lock,4
1237,Assassination Classroom,4
1237,Skip and Loafer,2
1237,Wind Breaker,3
1237,KONOSUBA -God's blessing on this wonderful world!,3
1237,Kuroko's Basketball,4
1237,Overlord,2
1237,Dragon Ball Super,2
1237,The Promised Neverland,1
1237,One-Punch Man,3
1237,Cowboy Bebop,2
1237,Dr. Stone,2
1237,Mushishi,2
1238,The Eminence in Shadow,4
1238,Rascal Does Not Dream of Bunny Girl Senpai,1
1238,Sword Art Online,3
1238,Solo Leveling,5
1238,The Rising of the Shield Hero,4
1238,Overlord,5
1238,Demon Slayer: Kimetsu no Yaiba,2
1238,Mushoku Tensei: Jobless Reincarnation,3
1238,Re:ZERO -Starting Life in Another World-,3
1238,Fullmetal Alchemist: Brotherhood,2
1238,Mashle: Magic and Muscles,4
1238,Steins;Gate,3
1238,Death Note,2
1238,That Time I Got Reincarnated as a Slime,4
1239,Death Note,4
1239,Fullmetal Alchemist: Brotherhood,2
1239,The Apothecary Diaries,3
1239,Odd Taxi,4
1239,Jojo's Bizarre Adventure,2
1239,Naruto Shippuden,1
1239,Steins;Gate,5
1239,Banana Fish,3
1239,That Time I Got Reincarnated as a Slime,2
1239,Haikyu!!,1
1239,The Promised Neverland,4
1239,Attack on Titan,5
1239,Bocchi the Rock!,2
1239,Tokyo Ghoul,1
1240,Your Lie in April,5
1240,Vinland Saga,5
1240,Kaguya-sama: Love is War,4
1240,Fullmetal Alchemist: Brotherhood,4
1240,Solo Leveling,2
1240,Fruits Basket,4
1240,Clannad After Story,4
1240,Steins;Gate,3
1240,Attack on Titan,5
1240,Banana Fish,5
1240,Horimiya,3
1240,Hunter x Hunter,5
1240,Rascal Does Not Dream of Bunny Girl Senpai,4
1240,Gintama,5
1240,My Dress-Up Darling,5
1240,Frieren: Beyond Journey's End,5
1240,Neon Genesis Evangelion,4
1240,Cowboy Bebop,4
1241,Ranking of Kings,3
1241,Steins;Gate,5
1241,That Time I Got Reincarnated as a Slime,5
1241,Re:ZERO -Starting Life in Another World-,5
1241,Psycho-Pass,3
1241,Erased,5
1241,Yuri!!! on Ice,3
1241,Wind Breaker,3
1241,Overlord,5
1241,The Apothecary Diaries,5
1241,Mashle: Magic and Muscles,4
1241,Sword Art Online,4
1241,The Eminence in Shadow,5
1241,Attack on Titan,4
1241,KONOSUBA -God's blessing on this wonderful world!,5
1241,Death Note,5
1241,Mushoku Tensei: Jobless Reincarnation,5
1241,Odd Taxi,4
1242,Dragon Ball Super,4
1242,Frieren: Beyond Journey's End,4
1242,Hunter x Hunter,5
1242,Fire Force,5
1242,Black Clover,4
1242,Solo Leveling,5
1242,Naruto,3
1242,One Piece,5
1242,Chainsaw Man,4
1242,Gintama,4
1242,Steins;Gate,5
1242,Wind Breaker,4
1242,Fullmetal Alchemist: Brotherhood,5
1242,My Hero Academia,5
1242,Naruto Shippuden,5
1243,Your Lie in April,5
1243,Fruits Basket,5
1243,Dandadan,4
1243,Clannad After Story,5
1243,My Dress-Up Darling,5
1243,Rascal Does Not Dream of Bunny Girl Senpai,5
1243,Jujutsu Kaisen,2
1243,Horimiya,5
1243,Spy x Family,5
1243,Kaguya-sama: Love is War,4
1243,Neon Genesis Evangelion,1
1244,Erased,5
1244,The Eminence in Shadow,2
1244,Cowboy Bebop,2
1244,Attack on Titan,4
1244,Kuroko's Basketball,2
1244,Code Geass,4
1244,Horimiya,2
1244,Banana Fish,4
1244,Steins;Gate,4
1244,Death Note,3
1244,Overlord,2
1244,Fullmetal Alchemist: Brotherhood,2
1244,Re:ZERO -Starting Life in Another World-,2
1244,Psycho-Pass,3
1244,Rascal Does Not Dream of Bunny Girl Senpai,2
1244,Mob Psycho 100,2
1244,Odd Taxi,3
1244,The Apothecary Diaries,4
1244,Naruto,1
1244,Black Clover,2
1245,Vinland Saga,4
1245,Fullmetal Alchemist: Brotherhood,4
1245,Cowboy Bebop,5
1245,Steins;Gate,4
1245,Frieren: Beyond Journey's End,4
1245,Made in Abyss,4
1246,My Hero Academia,2
1246,Overlord,4
1246,That Time I Got Reincarnated as a Slime,5
1246,Dandadan,3
1246,KONOSUBA -God's blessing on this wonderful world!,5
1246,Re:ZERO -Starting Life in Another World-,4
1246,The Rising of the Shield Hero,4
1247,Spy x Family,5
1247,Naruto Shippuden,5
1247,Demon Slayer: Kimetsu no Yaiba,5
1247,Jujutsu Kaisen,5
1247,Frieren: Beyond Journey's End,3
1247,Bocchi the Rock!,5
1247,One Piece,5
1247,Dandadan,5
1247,Naruto,4
1247,Chainsaw Man,5
1247,Kaiju No. 8,5
1247,Gintama,4
1247,One-Punch Man,4
1247,Solo Leveling,5
1247,Dragon Ball Super,4
1247,Wind Breaker,4
1247,Black Clover,4
1247,Fire Force,5
1247,Bleach,4
1247,Mob Psycho 100,5
1248,Solo Leveling,5
1248,Re:ZERO -Starting Life in Another World-,4
1248,Mashle: Magic and Muscles,4
1248,Jojo's Bizarre Adventure,3
1248,Attack on Titan,3
1248,Overlord,3
1248,That Time I Got Reincarnated as a Slime,4
1249,Chainsaw Man,5
1249,My Hero Academia,4
1249,The Apothecary Diaries,3
1249,Naruto,4
1249,Black Clover,4
1249,Jojo's Bizarre Adventure,4
1249,Kaiju No. 8,4
1249,Solo Leveling,4
1249,Dandadan,4
1249,Wind Breaker,4
1249,One Piece,5
1249,Mob Psycho 100,2
1249,Fire Force,5
1249,Jujutsu Kaisen,5
1249,Demon Slayer: Kimetsu no Yaiba,3
1249,My Dress-Up Darling,2
1250,Hunter x Hunter,3
1250,Neon Genesis Evangelion,4
1250,Fullmetal Alchemist: Brotherhood,4
1250,Mushishi,4
1250,Steins;Gate,3
1250,Vinland Saga,4
1250,Dandadan,3
1250,Cowboy Bebop,3
1250,Psycho-Pass,1
1250,Banana Fish,4
1250,Your Lie in April,1
1250,Toradora!,2
1250,Made in Abyss,2
1250,Horimiya,1
1250,Free! - Iwatobi Swim Club,2
1250,Attack on Titan,3
1250,Gintama,3
1250,Kaguya-sama: Love is War,2
1250,Solo Leveling,2
1250,My Hero Academia,1
1250,Jujutsu Kaisen,2
1251,Skip and Loafer,4
1251,Frieren: Beyond Journey's End,5
1251,Death Note,4
1251,Haikyu!!,4
1251,Steins;Gate,4
1251,Code Geass,4
1252,Made in Abyss,4
1252,Steins;Gate,4
1252,Cowboy Bebop,3
1252,Rascal Does Not Dream of Bunny Girl Senpai,3
1252,Fruits Basket,4
1252,Horimiya,4
1252,My Dress-Up Darling,4
1252,Toradora!,4
1252,Spy x Family,5
1252,Frieren: Beyond Journey's End,4
1252,Fullmetal Alchemist: Brotherhood,4
1253,KONOSUBA -God's blessing on this wonderful world!,5
1253,Kaguya-sama: Love is War,5
1253,Mob Psycho 100,4
1253,Toradora!,3
1253,Mashle: Magic and Muscles,4
1253,One-Punch Man,5
1253,Nichijou - My Ordinary Life,4
1253,Mushoku Tensei: Jobless Reincarnation,2
1253,Spy x Family,5
1253,Demon Slayer: Kimetsu no Yaiba,3
1253,Fruits Basket,4
1253,Assassination Classroom,5
1253,That Time I Got Reincarnated as a Slime,3
1253,Hell's Paradise,1
1253,Blue Lock,3
1253,Black Clover,3
1253,Bocchi the Rock!,5
1253,Attack on Titan,3
1253,Cowboy Bebop,3
1253,Skip and Loafer,2
1253,Gintama,5
1253,The Eminence in Shadow,3
1254,Kaiju No. 8,1
1254,Dr. Stone,3
1254,Toradora!,2
1254,Frieren: Beyond Journey's End,4
1254,Haikyu!!,4
1254,Laid-Back Camp,4
1254,Mushishi,2
1254,Bocchi the Rock!,4
1254,Skip and Loafer,5
1255,Dragon Ball Super,3
1255,Dandadan,3
1255,Gintama,3
1255,Made in Abyss,3
1255,Naruto Shippuden,3
1255,Banana Fish,3
1255,Fullmetal Alchemist: Brotherhood,4
1255,Bleach,4
1255,Vinland Saga,3
1255,Chainsaw Man,5
1255,One Piece,4
1255,Neon Genesis Evangelion,3
1255,Naruto,4
1255,Hunter x Hunter,4
1255,Fire Force,3
1255,Jojo's Bizarre Adventure,4
1255,Yuri!!! on Ice,1
1255,Black Clover,4
1255,Attack on Titan,5
1255,Frieren: Beyond Journey's End,4
1255,Steins;Gate,4
1255,Cowboy Bebop,3
1256,One Piece,2
1256,Yuri!!! on Ice,3
1256,Haikyu!!,4
1256,Blue Lock,4
1256,Psycho-Pass,2
1256,Wind Breaker,3
1256,Assassination Classroom,4
1256,Free! - Iwatobi Swim Club,5
1256,Kuroko's Basketball,3
1256,Naruto Shippuden,2
1257,Mushoku Tensei: Jobless Reincarnation,1
1257,Odd Taxi,4
1257,Erased,3
1257,Death Note,4
1257,Cowboy Bebop,2
1257,Banana Fish,4
1258,Attack on Titan,5
1258,Hunter x Hunter,2
1258,Code Geass,2
1258,Erased,4
1258,Steins;Gate,5
1258,Odd Taxi,3
1258,Banana Fish,3
1258,The Apothecary Diaries,4
1258,Fire Force,3
1258,Death Note,4
1258,Mushishi,1
1259,KONOSUBA -God's blessing on this wonderful world!,5
1259,Kaguya-sama: Love is War,4
1259,Gintama,3
1259,Bocchi the Rock!,4
1259,Dandadan,3
1259,Attack on Titan,3
1259,Re:ZERO -Starting Life in Another World-,2
1259,One-Punch Man,4
1259,Mob Psycho 100,4
1259,Assassination Classroom,4
1259,Mashle: Magic and Muscles,3
1259,Spy x Family,4
1259,The Apothecary Diaries,3
1259,Vinland Saga,2
1260,Log Horizon,4
1260,The Eminence in Shadow,5
1260,Skip and Loafer,2
1260,Death Note,2
1260,Solo Leveling,3
1260,Mushoku Tensei: Jobless Reincarnation,4
1260,The Rising of the Shield Hero,3
1260,That Time I Got Reincarnated as a Slime,4
1260,Banana Fish,2
1260,Fruits Basket,1
1260,KONOSUBA -God's blessing on this wonderful world!,3
1260,Fullmetal Alchemist: Brotherhood,2
1260,Kaguya-sama: Love is War,2
1260,Mashle: Magic and Muscles,3
1260,Sword Art Online,3
1260,Overlord,3
1260,Jujutsu Kaisen,2
1260,Re:ZERO -Starting Life in Another World-,4
1260,Hell's Paradise,2
1260,Neon Genesis Evangelion,2
1260,Chainsaw Man,3
1260,Vinland Saga,2
1261,Dandadan,5
1261,Clannad After Story,5
1261,Spy x Family,5
1261,Rascal Does Not Dream of Bunny Girl Senpai,5
1261,Fruits Basket,5
1261,Bocchi the Rock!,3
1261,Your Lie in April,3
1261,My Dress-Up Darling,4
1261,Kaguya-sama: Love is War,4
1261,Naruto,4
1261,Sword Art Online,1
1261,Toradora!,3
1261,Horimiya,2
1261,Re:ZERO -Starting Life in Another World-,2
1261,Hell's Paradise,2
1261,Haikyu!!,3
1261,Kaiju No. 8,2
1261,My Hero Academia,3
1261,Fullmetal Alchemist: Brotherhood,2
1261,Black Clover,2
1261,Hunter x Hunter,3
1262,The Promised Neverland,5
1262,One-Punch Man,5
1262,Death Note,4
1262,Assassination Classroom,5
1262,Banana Fish,5
1262,Erased,4
1262,Steins;Gate,5
1262,Cowboy Bebop,3
1262,The Apothecary Diaries,5
1263,Psycho-Pass,5
1263,The Promised Neverland,5
1263,Fire Force,2
1263,Banana Fish,4
1263,The Apothecary Diaries,5
1263,Cowboy Bebop,5
1263,Steins;Gate,5
1263,Attack on Titan,5
1263,Vinland Saga,5
1263,Black Clover,3
1263,Code Geass,5
1263,Wind Breaker,3
1263,Erased,5
1263,Horimiya,3
1263,Mushishi,5
1263,Made in Abyss,4
1263,Neon Genesis Evangelion,5
1263,Hunter x Hunter,5
1263,Odd Taxi,5
1263,Mashle: Magic and Muscles,3
1263,Frieren: Beyond Journey's End,5
1263,Death Note,5
1263,Jujutsu Kaisen,3
1264,One-Punch Man,4
1264,KONOSUBA -God's blessing on this wonderful world!,4
1264,Nichijou - My Ordinary Life,4
1264,Assassination Classroom,5
1264,Attack on Titan,4
1264,Code Geass,5
1264,Psycho-Pass,5
1264,Spy x Family,4
1264,Erased,4
1265,Wind Breaker,5
1265,Blue Lock,4
1265,Dandadan,5
1265,Jojo's Bizarre Adventure,5
1265,One Piece,5
1265,Yuri!!! on Ice,5
1265,Demon Slayer: Kimetsu no Yaiba,5
1265,Naruto,4
1265,Mashle: Magic and Muscles,2
1265,Hell's Paradise,5
1265,Jujutsu Kaisen,5
1265,Assassination Classroom,5
1265,Haikyu!!,5
1265,Naruto Shippuden,4
1265,Kaiju No. 8,5
1265,Dragon Ball Super,5
1265,The Eminence in Shadow,2
1265,Fullmetal Alchemist: Brotherhood,2
1266,Nichijou - My Ordinary Life,3
1266,Clannad After Story,5
1266,The Apothecary Diaries,4
1266,Gintama,1
1266,Rascal Does Not Dream of Bunny Girl Senpai,4
1266,Mushishi,3
1266,Fruits Basket,2
1266,Horimiya,3
1266,Haikyu!!,5
1266,Bocchi the Rock!,4
1266,Laid-Back Camp,5
1266,Kaguya-sama: Love is War,3
1266,Dr. Stone,4
1266,My Dress-Up Darling,4
1266,Frieren: Beyond Journey's End,4
1267,Spy x Family,3
1267,Bocchi the Rock!,2
1267,Fruits Basket,4
1267,Overlord,5
1267,Horimiya,4
1267,That Time I Got Reincarnated as a Slime,3
1267,Solo Leveling,5
1267,Dandadan,4
1267,Mushoku Tensei: Jobless Reincarnation,3
1267,The Eminence in Shadow,4
1267,Sword Art Online,3
1267,Yuri!!! on Ice,3
1267,KONOSUBA -God's blessing on this wonderful world!,3
1267,Mashle: Magic and Muscles,4
1268,Kaguya-sama: Love is War,5
1268,Fruits Basket,5
1268,Toradora!,4
1268,Attack on Titan,3
1268,Clannad After Story,5
1268,My Dress-Up Darling,4
1268,Rascal Does Not Dream of Bunny Girl Senpai,5
1268,My Hero Academia,3
1268,Horimiya,5
1268,Spy x Family,5
1268,Fire Force,3
1268,Yuri!!! on Ice,3
1268,Dandadan,4
1268,Naruto Shippuden,1
1268,Tokyo Ghoul,2
1268,Fullmetal Alchemist: Brotherhood,3
1268,The Eminence in Shadow,3
1268,Vinland Saga,3
1268,Haikyu!!,3
1269,Dr. Stone,5
1269,Frieren: Beyond Journey's End,5
1269,Jujutsu Kaisen,4
1269,Bocchi the Rock!,5
1269,The Apothecary Diaries,5
1269,Ranking of Kings,5
1269,Nichijou - My Ordinary Life,4
1269,Spy x Family,5
1269,Mushishi,4
1269,Laid-Back Camp,5
1269,Skip and Loafer,4
1269,Dragon Ball Super,3
1269,Haikyu!!,5
1269,Dandadan,3
1269,Rascal Does Not Dream of Bunny Girl Senpai,3
1269,Demon Slayer: Kimetsu no Yaiba,3
1269,Fullmetal Alchemist: Brotherhood,3
1269,Kaiju No. 8,2
1269,One Piece,3
1269,Assassination Classroom,3
1269,Mashle: Magic and Muscles,3
1269,Blue Lock,2
1269,Steins;Gate,4
1270,Hunter x Hunter,3
1270,Log Horizon,4
1270,Overlord,4
1270,Solo Leveling,4
1270,Naruto,2
1270,Nichijou - My Ordinary Life,2
1270,Death Note,3
1270,Mushoku Tensei: Jobless Reincarnation,4
1270,That Time I Got Reincarnated as a Slime,4
1270,Mashle: Magic and Muscles,4
1270,Cowboy Bebop,3
1270,Re:ZERO -Starting Life in Another World-,4
1270,The Rising of the Shield Hero,4
1270,Toradora!,3
1270,Haikyu!!,3
1271,Log Horizon,3
1271,Overlord,3
1271,The Eminence in Shadow,4
1271,That Time I Got Reincarnated as a Slime,4
1271,Solo Leveling,5
1271,Mushoku Tensei: Jobless Reincarnation,4
1271,KONOSUBA -God's blessing on this wonderful world!,5
1271,Assassination Classroom,2
1271,Re:ZERO -Starting Life in Another World-,4
1271,Spy x Family,2
1271,Demon Slayer: Kimetsu no Yaiba,1
1271,Mashle: Magic and Muscles,4
1271,The Rising of the Shield Hero,3
1271,One Piece,4
1271,Frieren: Beyond Journey's End,2
1271,Fullmetal Alchemist: Brotherhood,1
1271,Jojo's Bizarre Adventure,2
1271,Sword Art Online,2
1271,Wind Breaker,2
1272,Hell's Paradise,3
1272,Haikyu!!,5
1272,Kuroko's Basketball,5
1272,Steins;Gate,4
1272,Wind Breaker,5
1272,Vinland Saga,2
1272,Yuri!!! on Ice,5
1272,Spy x Family,2
1272,Death Note,3
1272,Blue Lock,4
1272,Hunter x Hunter,1
1272,Solo Leveling,3
1272,Assassination Classroom,5
1272,Chainsaw Man,3
1273,Psycho-Pass,4
1273,Odd Taxi,3
1273,Horimiya,2
1273,Attack on Titan,5
1273,Hunter x Hunter,2
1273,Death Note,5
1273,Made in Abyss,2
1273,Banana Fish,4
1273,Code Geass,4
1273,Steins;Gate,3
1273,The Apothecary Diaries,4
1273,Fruits Basket,3
1273,Black Clover,3
1273,Erased,4
1273,Sword Art Online,1
1273,Your Lie in April,3
1273,Dr. Stone,2
1273,Mashle: Magic and Muscles,2
1273,Gintama,2
1273,The Promised Neverland,4
1273,Jujutsu Kaisen,2
1273,Frieren: Beyond Journey's End,3
1273,Haikyu!!,2
1274,Yuri!!! on Ice,4
1274,Chainsaw Man,3
1274,Rascal Does Not Dream of Bunny Girl Senpai,2
1274,Wind Breaker,4
1274,Frieren: Beyond Journey's End,2
1274,Naruto Shippuden,3
1274,Haikyu!!,4
1274,Blue Lock,4
1274,Fire Force,3
1274,Assassination Classroom,4
1274,Naruto,3
1274,Steins;Gate,1
1274,Toradora!,2
1274,Cowboy Bebop,2
1274,Kuroko's Basketball,5
1274,Free! - Iwatobi Swim Club,4
1274,Black Clover,2
1274,Bleach,3
1274,Bocchi the Rock!,2
1274,Solo Leveling,1
1274,Fullmetal Alchemist: Brotherhood,3
1274,Clannad After Story,3
1274,The Rising of the Shield Hero,2
1274,Hunter x Hunter,2
1274,Attack on Titan,3
1275,Blue Lock,3
1275,Free! - Iwatobi Swim Club,3
1275,Rascal Does Not Dream of Bunny Girl Senpai,4
1275,Horimiya,4
1275,Haikyu!!,5
1275,Fruits Basket,5
1275,Your Lie in April,3
1275,Clannad After Story,5
1275,Mob Psycho 100,2
1275,Neon Genesis Evangelion,3
1275,Tokyo Ghoul,2
1275,Spy x Family,5
1275,Yuri!!! on Ice,4
1275,Kaguya-sama: Love is War,4
1275,Dandadan,5
1275,Steins;Gate,2
1275,Kuroko's Basketball,4
1275,One Piece,4
1275,My Hero Academia,2
1275,Toradora!,4
1275,My Dress-Up Darling,4
1275,Assassination Classroom,4
1275,Frieren: Beyond Journey's End,2
1275,The Eminence in Shadow,3
1275,Black Clover,3
1276,Mashle: Magic and Muscles,5
1276,KONOSUBA -God's blessing on this wonderful world!,5
1276,Bocchi the Rock!,3
1276,Blue Lock,4
1276,Haikyu!!,4
1276,Assassination Classroom,4
1276,Sword Art Online,3
1276,Re:ZERO -Starting Life in Another World-,5
1276,The Eminence in Shadow,5
1276,Wind Breaker,4
1276,Solo Leveling,4
1276,Free! - Iwatobi Swim Club,3
1276,The Rising of the Shield Hero,4
1276,Frieren: Beyond Journey's End,2
1276,Fullmetal Alchemist: Brotherhood,2
1276,Mushoku Tensei: Jobless Reincarnation,5
1276,Yuri!!! on Ice,3
1276,Overlord,3
1276,That Time I Got Reincarnated as a Slime,5
1276,Log Horizon,4
1277,Spy x Family,4
1277,Frieren: Beyond Journey's End,3
1277,Fullmetal Alchemist: Brotherhood,2
1277,Dr. Stone,3
1277,Skip and Loafer,4
1277,Haikyu!!,4
1277,Nichijou - My Ordinary Life,3
1277,Ranking of Kings,4
1277,The Apothecary Diaries,4
1277,Bocchi the Rock!,4
1277,Mushishi,3
1277,Dragon Ball Super,1
1277,Laid-Back Camp,2
1277,Overlord,1
1277,My Dress-Up Darling,1
1277,Chainsaw Man,2
1277,The Rising of the Shield Hero,1
1277,One Piece,2
1277,Sword Art Online,1
1277,Death Note,1
1277,Assassination Classroom,1
1277,Attack on Titan,2
1277,Fire Force,1
1277,Hell's Paradise,1
1278,Fullmetal Alchemist: Brotherhood,5
1278,Made in Abyss,5
1278,Erased,5
1278,Odd Taxi,5
1278,Jujutsu Kaisen,3
1278,Banana Fish,5
1278,Dandadan,3
1278,Gintama,4
1278,The Apothecary Diaries,4
1278,Frieren: Beyond Journey's End,5
1278,Mushishi,5
1278,Code Geass,4
1278,Steins;Gate,4
1278,Death Note,5
1278,Hell's Paradise,4
1278,Hunter x Hunter,4
1278,Skip and Loafer,1
1278,Vinland Saga,5
1279,Clannad After Story,2
1279,Vinland Saga,2
1279,Solo Leveling,4
1279,The Rising of the Shield Hero,4
1279,Mushoku Tensei: Jobless Reincarnation,3
1279,Overlord,5
1279,Re:ZERO -Starting Life in Another World-,3
1279,Log Horizon,4
1279,Mashle: Magic and Muscles,5
1279,The Eminence in Shadow,4
1279,That Time I Got Reincarnated as a Slime,4
1279,KONOSUBA -God's blessing on this wonderful world!,4
1279,Assassination Classroom,2
1279,Sword Art Online,2
1279,Hell's Paradise,2
1279,Yuri!!! on Ice,3
1280,Yuri!!! on Ice,2
1280,My Hero Academia,5
1280,Dragon Ball Super,4
1280,Wind Breaker,5
1280,Chainsaw Man,5
1280,Black Clover,4
1280,Solo Leveling,4
1280,Dandadan,5
1280,Your Lie in April,3
1280,Naruto Shippuden,4
1280,Bleach,5
1280,Fire Force,4
1280,Horimiya,3
1280,Kaguya-sama: Love is War,2
1280,Bocchi the Rock!,2
1280,Jojo's Bizarre Adventure,5
1280,Kaiju No. 8,5
1280,Demon Slayer: Kimetsu no Yaiba,5
1281,Psycho-Pass,5
1281,Steins;Gate,5
1281,The Apothecary Diaries,5
1281,Erased,4
1281,Odd Taxi,4
1281,Death Note,4
1281,Banana Fish,5
1281,Jujutsu Kaisen,2
1281,Attack on Titan,5
1281,Dandadan,3
1281,Chainsaw Man,2
1281,Dragon Ball Super,2
1281,Mushoku Tensei: Jobless Reincarnation,2
1281,Code Geass,5
1282,Steins;Gate,5
1282,Fullmetal Alchemist: Brotherhood,4
1282,Vinland Saga,4
1282,Erased,2
1282,Made in Abyss,3
1282,Frieren: Beyond Journey's End,4
1282,Mashle: Magic and Muscles,2
1282,Neon Genesis Evangelion,4
1282,Cowboy Bebop,4
1282,Hunter x Hunter,5
1282,Assassination Classroom,3
1282,Attack on Titan,4
1282,Banana Fish,3
1282,Mushishi,4
1282,Black Clover,2
1283,Mashle: Magic and Muscles,4
1283,Sword Art Online,4
1283,Bocchi the Rock!,3
1283,KONOSUBA -God's blessing on this wonderful world!,5
1283,Solo Leveling,4
1283,Steins;Gate,2
1283,Chainsaw Man,1
1284,Dragon Ball Super,4
1284,Wind Breaker,4
1284,Bleach,4
1284,Kaiju No. 8,5
1284,Erased,2
1284,Assassination Classroom,2
1284,Naruto Shippuden,3
1284,Dandadan,4
1284,Black Clover,4
1284,My Hero Academia,3
1284,Solo Leveling,4
1284,Banana Fish,3
1284,Spy x Family,3
1284,One Piece,4
1284,Toradora!,2
1284,Demon Slayer: Kimetsu no Yaiba,5
1284,KONOSUBA -God's blessing on this wonderful world!,3
1284,Jujutsu Kaisen,5
1284,Jojo's Bizarre Adventure,3
1284,Hell's Paradise,3
1284,Psycho-Pass,2
1284,Rascal Does Not Dream of Bunny Girl Senpai,2
1284,Chainsaw Man,3
1285,Mashle: Magic and Muscles,2
1285,Yuri!!! on Ice,4
1285,Assassination Classroom,5
1285,Wind Breaker,5
1285,Naruto Shippuden,2
1285,Free! - Iwatobi Swim Club,4
1285,Skip and Loafer,3
1285,Kuroko's Basketball,5
1285,Haikyu!!,4
1285,The Apothecary Diaries,3
1285,The Rising of the Shield Hero,2
1285,Fullmetal Alchemist: Brotherhood,3
1285,Dragon Ball Super,2
1285,Made in Abyss,3
1285,Hunter x Hunter,3
1285,Steins;Gate,4
1285,Kaiju No. 8,3
1285,Code Geass,2
1286,The Rising of the Shield Hero,5
1286,KONOSUBA -God's blessing on this wonderful world!,5
1286,Mashle: Magic and Muscles,4
1286,The Promised Neverland,2
1286,Chainsaw Man,2
1286,That Time I Got Reincarnated as a Slime,5
1287,Yuri!!! on Ice,5
1287,Wind Breaker,5
1287,Free! - Iwatobi Swim Club,4
1287,Blue Lock,5
1287,Haikyu!!,4
1287,Chainsaw Man,4
1288,The Apothecary Diaries,3
1288,Chainsaw Man,4
1288,Frieren: Beyond Journey's End,4
1288,Laid-Back Camp,4
1288,Naruto Shippuden,4
1288,Jojo's Bizarre Adventure,4
1288,Demon Slayer: Kimetsu no Yaiba,5
1289,Fullmetal Alchemist: Brotherhood,4
1289,Made in Abyss,4
1289,Steins;Gate,4
1289,Attack on Titan,4
1289,Frieren: Beyond Journey's End,5
1289,Hunter x Hunter,3
1289,Vinland Saga,3
1289,Bocchi the Rock!,2
1289,Cowboy Bebop,4
1289,Haikyu!!,3
1290,My Dress-Up Darling,5
1290,Clannad After Story,4
1290,Fruits Basket,4
1290,Horimiya,4
1290,Toradora!,5
1290,Your Lie in April,4
1290,Rascal Does Not Dream of Bunny Girl Senpai,4
1290,Mushishi,2
1290,The Apothecary Diaries,4
1291,The Apothecary Diaries,5
1291,Laid-Back Camp,5
1291,Ranking of Kings,4
1291,Spy x Family,5
1291,Bocchi the Rock!,5
1291,Skip and Loafer,4
1291,Tokyo Ghoul,2
1291,That Time I Got Reincarnated as a Slime,3
1291,Haikyu!!,5
1291,Mushishi,5
1291,Dr. Stone,5
1291,Frieren: Beyond Journey's End,3
1291,Fullmetal Alchemist: Brotherhood,3
1292,Assassination Classroom,5
1292,Neon Genesis Evangelion,2
1292,Haikyu!!,5
1292,Kuroko's Basketball,5
1292,Blue Lock,3
1292,Jujutsu Kaisen,2
1292,Cowboy Bebop,3
1292,Steins;Gate,3
1292,Free! - Iwatobi Swim Club,5
1292,Yuri!!! on Ice,4
1292,Wind Breaker,5
1293,Chainsaw Man,4
1293,Demon Slayer: Kimetsu no Yaiba,4
1293,Psycho-Pass,2
1293,Dandadan,5
1293,My Hero Academia,4
1293,Assassination Classroom,4
1293,Black Clover,4
1293,One Piece,4
1293,Vinland Saga,1
1293,Kuroko's Basketball,4
1293,That Time I Got Reincarnated as a Slime,2
1293,Fire Force,5
1293,Yuri!!! on Ice,4
1293,Solo Leveling,5
1293,Jojo's Bizarre Adventure,4
1293,Naruto Shippuden,5
1293,Kaiju No. 8,5
1293,Naruto,4
1293,Free! - Iwatobi Swim Club,4
1293,Tokyo Ghoul,2
1294,Mob Psycho 100,4
1294,Neon Genesis Evangelion,5
1294,Nichijou - My Ordinary Life,5
1294,Mushishi,4
1294,Bocchi the Rock!,5
1294,Attack on Titan,4
1294,Vinland Saga,5
1294,KONOSUBA -God's blessing on this wonderful world!,4
1294,Cowboy Bebop,5
1295,Haikyu!!,5
1295,Assassination Classroom,4
1295,Hunter x Hunter,1
1295,Kuroko's Basketball,4
1295,Wind Breaker,4
1295,Re:ZERO -Starting Life in Another World-,2
1295,Blue Lock,3
1295,Free! - Iwatobi Swim Club,4
1295,Nichijou - My Ordinary Life,1
1295,KONOSUBA -God's blessing on this wonderful world!,1
1296,Naruto Shippuden,4
1296,Blue Lock,4
1296,Hell's Paradise,4
1296,Solo Leveling,3
1296,Yuri!!! on Ice,4
1296,Jujutsu Kaisen,4
1296,Frieren: Beyond Journey's End,3
1296,Dragon Ball Super,5
1296,Dandadan,5
1296,Haikyu!!,3
1296,Chainsaw Man,4
1296,Black Clover,5
1296,Jojo's Bizarre Adventure,4
1296,Kaiju No. 8,3
1296,Bocchi the Rock!,4
1296,Bleach,3
1296,My Hero Academia,5
1296,One Piece,4
1297,Bocchi the Rock!,5
1297,Assassination Classroom,4
1297,Mashle: Magic and Muscles,4
1297,Spy x Family,5
1297,Mob Psycho 100,5
1297,Kaguya-sama: Love is War,5
1297,Gintama,4
1297,Hell's Paradise,3
1297,Solo Leveling,2
1297,Sword Art Online,2
1297,Haikyu!!,2
1297,My Dress-Up Darling,3
1298,One Piece,3
1298,Spy x Family,2
1298,Naruto,1
1298,Kaguya-sama: Love is War,4
1298,Overlord,3
1298,Mob Psycho 100,4
1298,One-Punch Man,4
1298,KONOSUBA -God's blessing on this wonderful world!,5
1298,That Time I Got Reincarnated as a Slime,3
1298,Dr. Stone,2
1298,Mashle: Magic and Muscles,5
1298,The Eminence in Shadow,4
1298,Mushoku Tensei: Jobless Reincarnation,3
1298,Gintama,4
1298,Solo Leveling,5
1298,Fruits Basket,1
1298,Sword Art Online,2
1298,Bocchi the Rock!,4
1298,Assassination Classroom,4
1298,Log Horizon,4
1298,The Rising of the Shield Hero,3
1298,Re:ZERO -Starting Life in Another World-,3
1298,Vinland Saga,1
1298,My Dress-Up Darling,1
1299,Made in Abyss,4
1299,Mushishi,4
1299,Your Lie in April,2
1299,Skip and Loafer,4
1299,The Apothecary Diaries,5
1299,Banana Fish,4
1299,Spy x Family,5
1299,Vinland Saga,4
1299,Fullmetal Alchemist: Brotherhood,5
1299,Fruits Basket,3
1299,Bocchi the Rock!,4
1299,Dr. Stone,4
1299,Laid-Back Camp,5
1299,Ranking of Kings,4
1299,Neon Genesis Evangelion,4
1299,Clannad After Story,2
1299,Steins;Gate,3
1300,Nichijou - My Ordinary Life,4
1300,Mob Psycho 100,4
1300,KONOSUBA -God's blessing on this wonderful world!,5
1300,Kaguya-sama: Love is War,5
1300,Your Lie in April,1
1300,One-Punch Man,4
1300,Toradora!,3
1300,Assassination Classroom,4
1300,Spy x Family,5
1300,Tokyo Ghoul,1
1300,Hunter x Hunter,2
1300,Gintama,4
1300,Bocchi the Rock!,5
1300,Odd Taxi,3
1300,Hell's Paradise,3
1300,Fullmetal Alchemist: Brotherhood,2
1300,Blue Lock,2
1300,Kaiju No. 8,2
1300,Mashle: Magic and Muscles,3
1300,Erased,2
1301,Black Clover,4
1301,Wind Breaker,3
1301,One Piece,5
1301,Naruto,4
1301,Demon Slayer: Kimetsu no Yaiba,5
1301,Hell's Paradise,3
1301,Dandadan,5
1301,Jojo's Bizarre Adventure,4
1301,Solo Leveling,2
1301,Jujutsu Kaisen,4
1301,Fire Force,4
1301,Skip and Loafer,2
1302,Skip and Loafer,3
1302,KONOSUBA -God's blessing on this wonderful world!,4
1302,One-Punch Man,4
1302,Hell's Paradise,2
1302,Gintama,5
1302,Assassination Classroom,5
1302,Mashle: Magic and Muscles,3
1302,One Piece,2
1302,Jojo's Bizarre Adventure,2
1302,Yuri!!! on Ice,4
1302,Kuroko's Basketball,4
1302,Blue Lock,4
1302,Kaguya-sama: Love is War,5
1302,Bocchi the Rock!,4
1302,Spy x Family,5
1302,The Apothecary Diaries,3
1302,Wind Breaker,4
1302,Code Geass,2
1302,Horimiya,3
1303,Solo Leveling,3
1303,Wind Breaker,4
1303,Fire Force,4
1303,Dandadan,5
1303,Demon Slayer: Kimetsu no Yaiba,4
1303,My Hero Academia,4
1303,One Piece,4
1303,Dragon Ball Super,3
1303,Naruto Shippuden,3
1303,Chainsaw Man,3
1303,Hunter x Hunter,1
1303,Vinland Saga,3
1303,Kaiju No. 8,3
1303,Black Clover,3
1303,Attack on Titan,2
1303,Spy x Family,3
1303,Naruto,3
1303,Jujutsu Kaisen,4
1303,Bleach,4
1303,Made in Abyss,2
1303,Jojo's Bizarre Adventure,3
1304,Kaguya-sama: Love is War,3
1304,Kaiju No. 8,2
1304,Kuroko's Basketball,4
1304,Wind Breaker,3
1304,Free! - Iwatobi Swim Club,4
1304,Fullmetal Alchemist: Brotherhood,3
1304,Code Geass,2
1305,Fullmetal Alchemist: Brotherhood,5
1305,Attack on Titan,4
1305,Neon Genesis Evangelion,4
1305,Laid-Back Camp,5
1305,Made in Abyss,5
1305,Dr. Stone,5
1305,Banana Fish,4
1305,Steins;Gate,3
1305,Frieren: Beyond Journey's End,4
1305,Dragon Ball Super,3
1305,Bocchi the Rock!,5
1306,Banana Fish,4
1306,Attack on Titan,5
1306,Death Note,4
1306,Skip and Loafer,3
1306,The Apothecary Diaries,5
1306,Hunter x Hunter,3
1307,Attack on Titan,5
1307,Vinland Saga,5
1307,Hunter x Hunter,5
1307,Frieren: Beyond Journey's End,4
1307,Fullmetal Alchemist: Brotherhood,3
1307,Made in Abyss,4
1307,Neon Genesis Evangelion,4
1307,Cowboy Bebop,5
1307,Gintama,4
1307,Bocchi the Rock!,3
1307,Spy x Family,4
1307,Black Clover,3
1307,Your Lie in April,3
1307,Horimiya,3
1307,Steins;Gate,4
1308,Nichijou - My Ordinary Life,4
1308,Naruto Shippuden,3
1308,Laid-Back Camp,4
1308,Kaiju No. 8,3
1308,The Apothecary Diaries,4
1308,Overlord,1
1308,Dragon Ball Super,4
1308,Bleach,2
1308,Demon Slayer: Kimetsu no Yaiba,3
1308,Dandadan,5
1308,Solo Leveling,3
1308,Chainsaw Man,3
1308,Skip and Loafer,4
1308,Psycho-Pass,2
1308,Hell's Paradise,4
1308,Mushishi,3
1308,Black Clover,3
1308,Haikyu!!,4
1308,Ranking of Kings,4
1309,Hunter x Hunter,2
1309,Spy x Family,3
1309,Mushishi,2
1309,Mashle: Magic and Muscles,4
1309,Re:ZERO -Starting Life in Another World-,3
1309,KONOSUBA -God's blessing on this wonderful world!,4
1309,Mob Psycho 100,4
1309,Assassination Classroom,5
1309,Bocchi the Rock!,5
1310,Hunter x Hunter,5
1310,Vinland Saga,5
1310,Gintama,5
1310,Frieren: Beyond Journey's End,5
1310,Banana Fish,5
1310,Steins;Gate,5
1310,Attack on Titan,5
1311,Overlord,4
1311,My Hero Academia,3
1311,Re:ZERO -Starting Life in Another World-,5
1311,The Eminence in Shadow,4
1311,Vinland Saga,3
1311,That Time I Got Reincarnated as a Slime,5
1311,Sword Art Online,5
1311,Fullmetal Alchemist: Brotherhood,4
1311,Fruits Basket,3
1311,The Rising of the Shield Hero,5
1311,Mushoku Tensei: Jobless Reincarnation,5
1311,Solo Leveling,5
1311,Mashle: Magic and Muscles,4
1312,Banana Fish,3
1312,Fullmetal Alchemist: Brotherhood,5
1312,Ranking of Kings,1
1312,Mushoku Tensei: Jobless Reincarnation,3
1312,Vinland Saga,4
1312,Gintama,4
1312,Attack on Titan,5
1312,Odd Taxi,2
1312,Frieren: Beyond Journey's End,4
1312,Steins;Gate,5
1312,That Time I Got Reincarnated as a Slime,3
1312,The Rising of the Shield Hero,3
1312,Cowboy Bebop,5
1312,Mashle: Magic and Muscles,3
1312,Re:ZERO -Starting Life in Another World-,4
1312,Overlord,5
1312,Solo Leveling,2
1312,KONOSUBA -God's blessing on this wonderful world!,4
1312,Log Horizon,4
1312,Bleach,2
1312,Haikyu!!,2
1312,Mushishi,4
1312,Neon Genesis Evangelion,4
1312,The Eminence in Shadow,3
1312,Made in Abyss,4
1313,Frieren: Beyond Journey's End,5
1313,Black Clover,3
1313,Odd Taxi,1
1313,Bleach,4
1313,Fire Force,4
1313,Fullmetal Alchemist: Brotherhood,4
1313,Banana Fish,5
1314,Assassination Classroom,3
1314,Mob Psycho 100,5
1314,Nichijou - My Ordinary Life,5
1314,One-Punch Man,4
1314,Mashle: Magic and Muscles,4
1314,KONOSUBA -God's blessing on this wonderful world!,3
1314,Vinland Saga,2
1314,Gintama,4
1314,My Hero Academia,1
1314,Spy x Family,5
1314,Bocchi the Rock!,4
1314,Tokyo Ghoul,1
1314,Dr. Stone,2
1314,Demon Slayer: Kimetsu no Yaiba,3
1314,Kaguya-sama: Love is War,4
1315,Nichijou - My Ordinary Life,5
1315,Frieren: Beyond Journey's End,4
1315,The Apothecary Diaries,5
1315,Bocchi the Rock!,4
1315,Spy x Family,5
1315,Jujutsu Kaisen,2
1315,Haikyu!!,5
1315,Laid-Back Camp,4
1315,Ranking of Kings,5
1315,Dr. Stone,4
1315,Mushishi,4
1315,Cowboy Bebop,2
1315,Skip and Loafer,4
1315,Kaguya-sama: Love is War,2
1315,Kuroko's Basketball,2
1315,Odd Taxi,2
1315,Naruto Shippuden,2
1315,One Piece,2
1315,Mashle: Magic and Muscles,2
1315,Banana Fish,1
1315,Overlord,2
1316,Mob Psycho 100,1
1316,Psycho-Pass,3
1316,Death Note,4
1316,Attack on Titan,5
1316,Steins;Gate,5
1316,Erased,5
1316,Code Geass,4
1316,Odd Taxi,4
1316,The Apothecary Diaries,4
1316,Dr. Stone,3
1316,Jojo's Bizarre Adventure,3
1316,Nichijou - My Ordinary Life,2
1316,The Promised Neverland,4
1316,Kaguya-sama: Love is War,3
1316,One Piece,2
1316,Hunter x Hunter,2
1316,Black Clover,2
1316,Banana Fish,4
1316,The Rising of the Shield Hero,3
1316,Horimiya,3
1316,Cowboy Bebop,2
1316,Laid-Back Camp,3
1316,Ranking of Kings,2
1316,Gintama,2
1317,Psycho-Pass,3
1317,Kaguya-sama: Love is War,2
1317,Blue Lock,2
1317,Odd Taxi,4
1317,That Time I Got Reincarnated as a Slime,1
1317,Attack on Titan,5
1317,Steins;Gate,5
1317,Naruto Shippuden,2
1317,The Promised Neverland,3
1317,The Apothecary Diaries,4
1318,Demon Slayer: Kimetsu no Yaiba,4
1318,Naruto Shippuden,4
1318,One Piece,5
1318,Dandadan,4
1318,Jujutsu Kaisen,5
1318,Hell's Paradise,4
1318,Code Geass,3
1318,Wind Breaker,4
1318,My Hero Academia,4
1318,Kaiju No. 8,5
1318,That Time I Got Reincarnated as a Slime,2
1318,Dragon Ball Super,5
1318,Chainsaw Man,5
1318,Cowboy Bebop,3
1318,Bocchi the Rock!,2
1318,Jojo's Bizarre Adventure,4
1318,Clannad After Story,4
1318,Bleach,5
1318,Fire Force,4
1318,Frieren: Beyond Journey's End,3
1318,Erased,3
1318,Naruto,5
1318,Solo Leveling,5
1319,Spy x Family,5
1319,Rascal Does Not Dream of Bunny Girl Senpai,5
1319,Attack on Titan,2
1319,One-Punch Man,4
1319,Your Lie in April,5
1319,Kaguya-sama: Love is War,4
1319,Assassination Classroom,5
1319,KONOSUBA -God's blessing on this wonderful world!,5
1319,Mob Psycho 100,5
1319,Nichijou - My Ordinary Life,5
1319,My Dress-Up Darling,5
1319,Horimiya,4
1319,Vinland Saga,2
1320,Wind Breaker,5
1320,Yuri!!! on Ice,5
1320,Dandadan,1
1320,Free! - Iwatobi Swim Club,5
1320,Steins;Gate,3
1320,Mushishi,3
1320,The Apothecary Diaries,3
1320,Haikyu!!,5
1320,Demon Slayer: Kimetsu no Yaiba,2
1320,Bocchi the Rock!,3
1320,Assassination Classroom,4
1320,Fullmetal Alchemist: Brotherhood,2
1320,Vinland Saga,3
1320,Fruits Basket,3
1320,Spy x Family,2
1320,Rascal Does Not Dream of Bunny Girl Senpai,3
1321,Mushoku Tensei: Jobless Reincarnation,4
1321,That Time I Got Reincarnated as a Slime,4
1321,The Rising of the Shield Hero,5
1321,Demon Slayer: Kimetsu no Yaiba,2
1321,Re:ZERO -Starting Life in Another World-,5
1321,Overlord,4
1321,Solo Leveling,5
1321,Log Horizon,4
1321,The Eminence in Shadow,4
1321,Mashle: Magic and Muscles,5
1321,Mob Psycho 100,3
1321,Sword Art Online,3
1321,Code Geass,2
1321,KONOSUBA -God's blessing on this wonderful world!,4
1321,Toradora!,1
1321,Hunter x Hunter,3
1321,Banana Fish,3
1321,Kaiju No. 8,2
1321,Erased,3
1321,One-Punch Man,3
1321,Clannad After Story,2
1321,Mushishi,2
1321,Black Clover,2
1321,Rascal Does Not Dream of Bunny Girl Senpai,3
1322,Skip and Loafer,4
1322,Laid-Back Camp,5
1322,Attack on Titan,4
1322,Cowboy Bebop,3
1322,Haikyu!!,5
1322,Fullmetal Alchemist: Brotherhood,4
1322,Death Note,3
1322,Banana Fish,4
1322,Mushishi,3
1322,The Apothecary Diaries,5
1322,Spy x Family,4
1322,Neon Genesis Evangelion,5
1322,Dr. Stone,4
1322,Vinland Saga,5
1322,My Hero Academia,3
1322,Code Geass,2
1322,Steins;Gate,4
1323,Wind Breaker,5
1323,Sword Art Online,4
1323,The Eminence in Shadow,3
1323,Solo Leveling,5
1323,Yuri!!! on Ice,5
1323,KONOSUBA -God's blessing on this wonderful world!,4
1323,Assassination Classroom,5
1323,Kuroko's Basketball,4
1323,Log Horizon,3
1323,Mashle: Magic and Muscles,4
1323,Fruits Basket,3
1323,Mushoku Tensei: Jobless Reincarnation,4
1323,Haikyu!!,4
1323,Free! - Iwatobi Swim Club,4
1323,The Rising of the Shield Hero,4
1323,That Time I Got Reincarnated as a Slime,4
1324,The Apothecary Diaries,4
1324,That Time I Got Reincarnated as a Slime,2
1324,Your Lie in April,3
1324,Re:ZERO -Starting Life in Another World-,2
1324,Death Note,5
1324,Erased,4
1324,Odd Taxi,3
1324,Psycho-Pass,5
1324,Banana Fish,4
1324,Attack on Titan,4
1324,The Promised Neverland,5
1324,Code Geass,5
1324,Steins;Gate,4
1324,One Piece,3
1324,Dr. Stone,3
1324,Fruits Basket,3
1324,Dandadan,2
1324,Naruto Shippuden,3
1324,Skip and Loafer,3
1325,Erased,5
1325,Steins;Gate,5
1325,Death Note,4
1325,Psycho-Pass,4
1325,Code Geass,5
1325,Ranking of Kings,3
1325,The Promised Neverland,4
1325,Banana Fish,4
1325,The Apothecary Diaries,5
1325,Odd Taxi,5
1326,Nichijou - My Ordinary Life,4
1326,Gintama,4
1326,One-Punch Man,5
1326,Spy x Family,4
1326,Solo Leveling,3
1326,Bocchi the Rock!,4
1326,Mashle: Magic and Muscles,5
1326,Kuroko's Basketball,1
1326,Fullmetal Alchemist: Brotherhood,3
1326,Assassination Classroom,4
1326,Kaguya-sama: Love is War,3
1326,Mob Psycho 100,4
1326,KONOSUBA -God's blessing on this wonderful world!,3
1326,Attack on Titan,2
1326,My Dress-Up Darling,2
1326,Yuri!!! on Ice,2
1326,Made in Abyss,2
1326,Tokyo Ghoul,2
1326,My Hero Academia,3
1326,Black Clover,2
1326,Hunter x Hunter,2
1326,Naruto,2
1326,The Rising of the Shield Hero,2
1327,Code Geass,5
1327,The Apothecary Diaries,5
1327,Attack on Titan,5
1327,Steins;Gate,4
1327,Odd Taxi,4
1327,Mushoku Tensei: Jobless Reincarnation,2
1327,Kaguya-sama: Love is War,5
1327,Gintama,5
1327,Erased,5
1327,Dandadan,2
1328,Steins;Gate,4
1328,The Promised Neverland,4
1328,Death Note,3
1328,Banana Fish,5
1328,Haikyu!!,2
1328,Assassination Classroom,2
1328,Attack on Titan,4
1328,Kaiju No. 8,3
1328,Odd Taxi,4
1328,Overlord,2
1328,Erased,4
1328,Jojo's Bizarre Adventure,2
1328,The Eminence in Shadow,2
1328,The Rising of the Shield Hero,1
1328,Psycho-Pass,4
1328,Code Geass,5
1328,Gintama,3
1328,The Apothecary Diaries,4
1328,Jujutsu Kaisen,2
1329,Attack on Titan,4
1329,Kaguya-sama: Love is War,5
1329,Cowboy Bebop,5
1329,Banana Fish,4
1329,Horimiya,5
1329,Clannad After Story,5
1329,Rascal Does Not Dream of Bunny Girl Senpai,5
1329,Vinland Saga,5
1329,Steins;Gate,5
1329,Hunter x Hunter,5
1329,Dandadan,5
1329,Made in Abyss,4
1329,Fullmetal Alchemist: Brotherhood,4
1329,Mushishi,5
1329,Fruits Basket,5
1329,My Dress-Up Darling,5
1329,Assassination Classroom,4
1329,Bleach,3
1329,Your Lie in April,4
1329,Jujutsu Kaisen,3
1329,Toradora!,5
1330,Gintama,3
1330,Hunter x Hunter,5
1330,Attack on Titan,3
1330,Vinland Saga,4
1330,Kuroko's Basketball,3
1330,Haikyu!!,3
1330,Made in Abyss,5
1330,Frieren: Beyond Journey's End,4
1331,Made in Abyss,1
1331,That Time I Got Reincarnated as a Slime,3
1331,Steins;Gate,5
1331,KONOSUBA -God's blessing on this wonderful world!,4
1331,The Rising of the Shield Hero,4
1331,Attack on Titan,4
1332,One Piece,3
1332,Free! - Iwatobi Swim Club,4
1332,Spy x Family,5
1332,Assassination Classroom,5
1332,Hunter x Hunter,3
1332,Kuroko's Basketball,4
1332,Bocchi the Rock!,5
1332,Mashle: Magic and Muscles,4
1332,Yuri!!! on Ice,5
1332,Blue Lock,4
1332,Wind Breaker,4
1332,Haikyu!!,4
1332,Kaguya-sama: Love is War,4
1332,KONOSUBA -God's blessing on this wonderful world!,5
1332,Mob Psycho 100,4
1332,Nichijou - My Ordinary Life,5
1332,Chainsaw Man,2
1332,Rascal Does Not Dream of Bunny Girl Senpai,3
1332,One-Punch Man,5
1332,Jujutsu Kaisen,2
1332,Gintama,5
1332,My Dress-Up Darling,3
1332,Banana Fish,2
1333,Bocchi the Rock!,5
1333,Kaguya-sama: Love is War,4
1333,One-Punch Man,4
1333,Nichijou - My Ordinary Life,5
1333,Gintama,3
1333,Spy x Family,4
1333,Mashle: Magic and Muscles,3
1333,Dandadan,2
1333,Yuri!!! on Ice,1
1333,Assassination Classroom,3
1333,Mushishi,2
1333,Banana Fish,2
1333,Rascal Does Not Dream of Bunny Girl Senpai,2
1333,Dragon Ball Super,1
1333,Demon Slayer: Kimetsu no Yaiba,2
1333,KONOSUBA -God's blessing on this wonderful world!,4
1333,Mob Psycho 100,5
1333,Attack on Titan,2
1333,Naruto,1
1333,Toradora!,2
1333,Psycho-Pass,1
1333,Jujutsu Kaisen,2
1333,Kaiju No. 8,2
1333,Erased,1
1334,Free! - Iwatobi Swim Club,1
1334,Frieren: Beyond Journey's End,4
1334,Toradora!,2
1334,Dragon Ball Super,2
1334,Kuroko's Basketball,1
1334,Skip and Loafer,3
1334,The Rising of the Shield Hero,3
1334,Ranking of Kings,4
1334,Spy x Family,4
1334,Haikyu!!,4
1334,Jujutsu Kaisen,2
1334,Dandadan,2
1334,Dr. Stone,4
1335,Kaguya-sama: Love is War,4
1335,Horimiya,4
1335,Attack on Titan,3
1335,Free! - Iwatobi Swim Club,2
1335,Rascal Does Not Dream of Bunny Girl Senpai,3
1335,Steins;Gate,5
1335,Death Note,5
1335,Psycho-Pass,3
1335,The Promised Neverland,4
1335,Spy x Family,4
1335,Dandadan,3
1335,Tokyo Ghoul,2
1335,Erased,4
1335,My Dress-Up Darling,3
1335,Odd Taxi,4
1335,Hunter x Hunter,2
1335,Toradora!,4
1335,Fruits Basket,4
1335,The Apothecary Diaries,3
1335,Mob Psycho 100,1
1335,Clannad After Story,4
1335,Made in Abyss,2
1336,Death Note,3
1336,Dr. Stone,1
1336,Steins;Gate,4
1336,Vinland Saga,2
1336,Psycho-Pass,3
1336,The Apothecary Diaries,4
1336,Attack on Titan,4
1336,Code Geass,3
1336,Banana Fish,3
1336,Erased,4
1336,Clannad After Story,1
1336,The Promised Neverland,4
1336,Gintama,3
1336,Dandadan,2
1336,Fullmetal Alchemist: Brotherhood,4
1336,Cowboy Bebop,2
1336,Kaguya-sama: Love is War,2
1336,Blue Lock,1
1336,Chainsaw Man,2
1337,Death Note,3
1337,Bocchi the Rock!,3
1337,Demon Slayer: Kimetsu no Yaiba,4
1337,That Time I Got Reincarnated as a Slime,4
1337,The Eminence in Shadow,5
1337,Log Horizon,4
1337,Fullmetal Alchemist: Brotherhood,4
1338,Solo Leveling,4
1338,Attack on Titan,2
1338,Log Horizon,4
1338,The Apothecary Diaries,5
1338,Cowboy Bebop,2
1338,Ranking of Kings,5
1338,Haikyu!!,5
1338,Skip and Loafer,4
1338,Frieren: Beyond Journey's End,4
1338,Re:ZERO -Starting Life in Another World-,3
1338,Sword Art Online,4
1338,My Hero Academia,1
1338,Spy x Family,5
1339,One Piece,5
1339,Dragon Ball Super,5
1339,Spy x Family,3
1339,Naruto,4
1339,Solo Leveling,4
1339,My Hero Academia,4
1339,Dr. Stone,1
1339,Dandadan,4
1339,Fire Force,4
1339,Demon Slayer: Kimetsu no Yaiba,5
1339,Neon Genesis Evangelion,3
1339,Mushishi,4
1339,Hell's Paradise,4
1339,Vinland Saga,4
1339,Made in Abyss,5
1339,Attack on Titan,5
1339,Banana Fish,4
1339,Hunter x Hunter,5
1339,Wind Breaker,4
1339,Naruto Shippuden,4
1339,Frieren: Beyond Journey's End,5
1339,Kaguya-sama: Love is War,3
1340,Rascal Does Not Dream of Bunny Girl Senpai,1
1340,Dragon Ball Super,2
1340,Assassination Classroom,3
1340,KONOSUBA -God's blessing on this wonderful world!,4
1340,Spy x Family,4
1340,Skip and Loafer,2
1340,Bocchi the Rock!,4
1340,Mob Psycho 100,5
1340,Laid-Back Camp,2
1340,Mashle: Magic and Muscles,3
1340,Kaguya-sama: Love is War,4
1340,One-Punch Man,3
1340,Black Clover,2
1340,Attack on Titan,2
1340,My Dress-Up Darling,2
1340,Dr. Stone,2
1341,Naruto,5
1341,Chainsaw Man,4
1341,One Piece,5
1341,Black Clover,4
1341,Dandadan,5
1341,Dragon Ball Super,4
1341,Jojo's Bizarre Adventure,4
1341,Jujutsu Kaisen,5
1341,Bleach,4
1341,Wind Breaker,3
1341,Hell's Paradise,4
1341,Kaiju No. 8,4
1342,The Promised Neverland,2
1342,Assassination Classroom,2
1342,Kaguya-sama: Love is War,4
1342,Rascal Does Not Dream of Bunny Girl Senpai,4
1342,Code Geass,3
1342,Bocchi the Rock!,3
1342,Dandadan,4
1342,My Dress-Up Darling,4
1342,Your Lie in April,5
1342,Horimiya,4
1342,Spy x Family,5
1342,The Eminence in Shadow,2
1342,Jujutsu Kaisen,3
1342,The Apothecary Diaries,4
1342,Odd Taxi,3
1342,Demon Slayer: Kimetsu no Yaiba,2
1342,Toradora!,5
1342,Clannad After Story,4
1343,Dandadan,5
1343,KONOSUBA -God's blessing on this wonderful world!,4
1343,Spy x Family,4
1343,Wind Breaker,4
1343,Bocchi the Rock!,5
1343,Demon Slayer: Kimetsu no Yaiba,5
1343,Dr. Stone,1
1343,Hunter x Hunter,3
1343,Nichijou - My Ordinary Life,4
1343,Jujutsu Kaisen,5
1343,Toradora!,3
1343,Naruto Shippuden,5
1343,Assassination Classroom,4
1343,Black Clover,5
1343,Naruto,4
1343,Dragon Ball Super,5
1343,Jojo's Bizarre Adventure,4
1343,One-Punch Man,5
1343,Mob Psycho 100,5
1343,One Piece,5
1343,Mashle: Magic and Muscles,4
1343,My Hero Academia,5
1343,Kuroko's Basketball,3
1343,Kaguya-sama: Love is War,4
1343,Kaiju No. 8,5
1344,Hell's Paradise,3
1344,Wind Breaker,4
1344,Fruits Basket,3
1344,Chainsaw Man,3
1344,Your Lie in April,3
1344,Kaguya-sama: Love is War,4
1344,Rascal Does Not Dream of Bunny Girl Senpai,3
1344,Dandadan,4
1344,Clannad After Story,3
1344,Kaiju No. 8,4
1344,One Piece,4
1344,Spy x Family,4
1344,Jujutsu Kaisen,3
1344,My Hero Academia,3
1344,Dr. Stone,2
1344,Horimiya,3
1344,Fire Force,3
1344,Toradora!,4
1344,Naruto Shippuden,3
1344,Solo Leveling,3
1344,Dragon Ball Super,4
1344,Jojo's Bizarre Adventure,4
1345,Bocchi the Rock!,4
1345,Assassination Classroom,4
1345,Hunter x Hunter,2
1345,One-Punch Man,5
1345,Cowboy Bebop,3
1345,Kaguya-sama: Love is War,4
1345,Mashle: Magic and Muscles,3
1345,Spy x Family,4
1345,Death Note,4
1345,Gintama,5
1345,Mob Psycho 100,5
1345,Nichijou - My Ordinary Life,4
1345,KONOSUBA -God's blessing on this wonderful world!,4
1345,Yuri!!! on Ice,2
1345,Laid-Back Camp,2
1346,The Apothecary Diaries,4
1346,Code Geass,4
1346,Erased,4
1346,Yuri!!! on Ice,2
1346,Death Note,4
1346,Neon Genesis Evangelion,2
1346,The Promised Neverland,5
1346,Banana Fish,3
1346,Fullmetal Alchemist: Brotherhood,3
1346,Attack on Titan,4
1347,Kaguya-sama: Love is War,5
1347,The Apothecary Diaries,2
1347,Rascal Does Not Dream of Bunny Girl Senpai,5
1347,My Dress-Up Darling,5
1347,KONOSUBA -God's blessing on this wonderful world!,4
1347,Spy x Family,4
1347,Neon Genesis Evangelion,2
1347,Blue Lock,2
1347,Mashle: Magic and Muscles,5
1347,Nichijou - My Ordinary Life,4
1347,Mob Psycho 100,4
1347,Solo Leveling,3
1347,Bocchi the Rock!,5
1347,Toradora!,4
1347,Clannad After Story,5
1347,Kaiju No. 8,2
1347,Assassination Classroom,4
1347,Gintama,4
1347,Fruits Basket,5
1347,Chainsaw Man,2
1347,Your Lie in April,3
1347,The Eminence in Shadow,3
1347,My Hero Academia,2
1347,One-Punch Man,4
1348,Frieren: Beyond Journey's End,4
1348,Dragon Ball Super,1
1348,Attack on Titan,4
1348,Fullmetal Alchemist: Brotherhood,5
1348,One-Punch Man,2
1348,Neon Genesis Evangelion,4
1348,Steins;Gate,5
1348,Banana Fish,4
1348,Mushishi,4
1348,Assassination Classroom,2
1348,Kaguya-sama: Love is War,1
1348,Gintama,4
1348,Hunter x Hunter,4
1348,Kuroko's Basketball,1
1349,Solo Leveling,4
1349,Bocchi the Rock!,5
1349,KONOSUBA -God's blessing on this wonderful world!,4
1349,Spy x Family,4
1349,The Rising of the Shield Hero,4
1349,Mushoku Tensei: Jobless Reincarnation,5
1349,Overlord,4
1349,Attack on Titan,1
1349,Fire Force,1
1349,Nichijou - My Ordinary Life,3
1350,Assassination Classroom,5
1350,Nichijou - My Ordinary Life,4
1350,Gintama,4
1350,Free! - Iwatobi Swim Club,2
1350,The Eminence in Shadow,1
1350,Kaguya-sama: Love is War,4
1350,Spy x Family,5
1350,Bocchi the Rock!,5
1350,Death Note,3
1350,One-Punch Man,4
1350,Mashle: Magic and Muscles,4
1350,KONOSUBA -God's blessing on this wonderful world!,4
1350,Blue Lock,2
1350,Mob Psycho 100,4
1350,Clannad After Story,2
1350,Mushishi,1
1350,Dandadan,3
1350,Black Clover,2
1350,Your Lie in April,2
1350,Kaiju No. 8,3
1350,One Piece,2
1350,Bleach,1
1350,Mushoku Tensei: Jobless Reincarnation,3
1351,Erased,3
1351,Kaguya-sama: Love is War,5
1351,Rascal Does Not Dream of Bunny Girl Senpai,4
1351,My Dress-Up Darling,4
1351,Your Lie in April,4
1351,Steins;Gate,5
1351,Death Note,4
1351,Clannad After Story,5
1352,Bleach,4
1352,Black Clover,4
1352,Solo Leveling,4
1352,Jojo's Bizarre Adventure,5
1352,Naruto,5
1352,Chainsaw Man,5
1352,Demon Slayer: Kimetsu no Yaiba,5
1352,Wind Breaker,5
1352,One Piece,5
1352,My Hero Academia,4
1352,Fire Force,5
1352,Your Lie in April,2
1352,Naruto Shippuden,5
1352,Jujutsu Kaisen,3
1352,Dandadan,4
1352,Dragon Ball Super,3
1352,The Rising of the Shield Hero,2
1352,Assassination Classroom,2
1353,Kaguya-sama: Love is War,5
1353,Mob Psycho 100,5
1353,Mashle: Magic and Muscles,5
1353,Spy x Family,5
1353,Assassination Classroom,5
1353,Gintama,5
1353,Nichijou - My Ordinary Life,5
1353,Hell's Paradise,3
1353,Bocchi the Rock!,5
1353,One-Punch Man,5
1353,One Piece,4
1353,Demon Slayer: Kimetsu no Yaiba,4
1353,The Eminence in Shadow,3
1353,Clannad After Story,4
1353,KONOSUBA -God's blessing on this wonderful world!,5
1353,Blue Lock,3
1353,That Time I Got Reincarnated as a Slime,3
1353,My Dress-Up Darling,3
1353,Yuri!!! on Ice,2
1353,Chainsaw Man,3
1353,Log Horizon,3
1354,Naruto Shippuden,5
1354,Kaiju No. 8,5
1354,Jujutsu Kaisen,4
1354,One Piece,5
1354,My Hero Academia,4
1354,Black Clover,5
1354,Dragon Ball Super,4
1354,Demon Slayer: Kimetsu no Yaiba,5
1354,Wind Breaker,4
1354,Fire Force,4
1354,Naruto,4
1354,Solo Leveling,4
1354,Yuri!!! on Ice,2
1354,Erased,3
1354,Dandadan,5
1354,Banana Fish,2
1354,Gintama,3
1355,Your Lie in April,4
1355,Nichijou - My Ordinary Life,3
1355,Spy x Family,4
1355,Dandadan,5
1355,Kaguya-sama: Love is War,4
1355,Assassination Classroom,2
1356,Fullmetal Alchemist: Brotherhood,5
1356,Naruto Shippuden,5
1356,Fire Force,3
1356,Dandadan,5
1356,Gintama,4
1356,Frieren: Beyond Journey's End,4
1356,Demon Slayer: Kimetsu no Yaiba,4
1356,Bocchi the Rock!,3
1356,Made in Abyss,4
1356,Banana Fish,5
1356,Mushishi,3
1356,Attack on Titan,5
1356,Cowboy Bebop,4
1356,Hunter x Hunter,4
1356,Yuri!!! on Ice,2
1356,One Piece,4
1356,Kaiju No. 8,4
1356,Jujutsu Kaisen,4
1356,Bleach,4
1357,Re:ZERO -Starting Life in Another World-,5
1357,KONOSUBA -God's blessing on this wonderful world!,4
1357,Bleach,2
1357,The Rising of the Shield Hero,3
1357,Mushoku Tensei: Jobless Reincarnation,5
1357,Solo Leveling,5
1358,Dragon Ball Super,4
1358,Assassination Classroom,3
1358,Jujutsu Kaisen,4
1358,One Piece,3
1358,Kaiju No. 8,4
1358,Solo Leveling,3
1358,Black Clover,3
1358,Fire Force,2
1358,Sword Art Online,1
1358,Free! - Iwatobi Swim Club,4
1358,Demon Slayer: Kimetsu no Yaiba,4
1358,Mushoku Tensei: Jobless Reincarnation,1
1358,Dandadan,3
1358,Kuroko's Basketball,3
1359,Attack on Titan,4
1359,Clannad After Story,2
1359,Steins;Gate,5
1359,Haikyu!!,3
1359,Neon Genesis Evangelion,3
1359,Hunter x Hunter,4
1359,Banana Fish,3
1359,Fruits Basket,3
1359,Made in Abyss,3
1359,Jujutsu Kaisen,2
1359,Wind Breaker,2
1359,Horimiya,1
1359,Death Note,2
1359,Frieren: Beyond Journey's End,4
1359,Vinland Saga,5
1359,Mob Psycho 100,2
1359,Rascal Does Not Dream of Bunny Girl Senpai,1
1359,Gintama,4
1359,Cowboy Bebop,5
1359,One Piece,3
1359,Fullmetal Alchemist: Brotherhood,4
1359,Demon Slayer: Kimetsu no Yaiba,2
1359,Mushishi,4
1360,Laid-Back Camp,4
1360,Death Note,3
1360,Attack on Titan,2
1360,Spy x Family,5
1360,Nichijou - My Ordinary Life,4
1360,Wind Breaker,2
1360,Skip and Loafer,4
1360,Ranking of Kings,4
1361,Your Lie in April,5
1361,Ranking of Kings,5
1361,Haikyu!!,5
1361,My Dress-Up Darling,4
1361,Clannad After Story,4
1361,Rascal Does Not Dream of Bunny Girl Senpai,5
1361,Dr. Stone,4
1361,Laid-Back Camp,4
1361,Spy x Family,5
1361,Code Geass,3
1362,Kaguya-sama: Love is War,5
1362,Spy x Family,5
1362,KONOSUBA -God's blessing on this wonderful world!,5
1362,Mashle: Magic and Muscles,4
1362,Jojo's Bizarre Adventure,3
1362,Assassination Classroom,4
1362,One-Punch Man,5
1362,Bocchi the Rock!,5
1362,Re:ZERO -Starting Life in Another World-,1
1362,Nichijou - My Ordinary Life,4
1362,Fruits Basket,3
1362,Gintama,3
1362,Kuroko's Basketball,3
1362,Death Note,2
1362,Dr. Stone,3
1362,Blue Lock,2
1362,Fire Force,3
1363,Mushoku Tensei: Jobless Reincarnation,4
1363,Re:ZERO -Starting Life in Another World-,4
1363,The Eminence in Shadow,5
1363,The Apothecary Diaries,5
1363,One Piece,3
1363,Steins;Gate,5
1363,Sword Art Online,4
1363,Psycho-Pass,5
1363,Banana Fish,4
1363,Free! - Iwatobi Swim Club,1
1363,Code Geass,4
1364,Haikyu!!,4
1364,The Apothecary Diaries,5
1364,My Dress-Up Darling,4
1364,Your Lie in April,4
1364,Ranking of Kings,4
1364,Bocchi the Rock!,4
1364,Dandadan,5
1364,Laid-Back Camp,4
1364,Dr. Stone,4
1364,Spy x Family,5
1364,Horimiya,4
1364,Rascal Does Not Dream of Bunny Girl Senpai,4
1364,Skip and Loafer,4
1365,Solo Leveling,2
1365,Haikyu!!,5
1365,Kuroko's Basketball,4
1365,Wind Breaker,4
1365,Assassination Classroom,4
1365,Cowboy Bebop,3
1365,Free! - Iwatobi Swim Club,3
1365,Spy x Family,2
1365,Attack on Titan,2
1365,Blue Lock,3
1365,Yuri!!! on Ice,4
1365,Chainsaw Man,2
1365,Nichijou - My Ordinary Life,2
1365,Dr. Stone,3
1365,The Eminence in Shadow,1
1365,Bocchi the Rock!,3
1365,Demon Slayer: Kimetsu no Yaiba,2
1365,Death Note,3
1365,Banana Fish,2
1366,Frieren: Beyond Journey's End,3
1366,Assassination Classroom,5
1366,Haikyu!!,4
1366,Rascal Does Not Dream of Bunny Girl Senpai,4
1366,Wind Breaker,4
1366,Dandadan,4
1366,Yuri!!! on Ice,5
1367,Yuri!!! on Ice,3
1367,Assassination Classroom,4
1367,That Time I Got Reincarnated as a Slime,5
1367,The Rising of the Shield Hero,4
1367,Mushoku Tensei: Jobless Reincarnation,5
1367,The Eminence in Shadow,4
1367,Re:ZERO -Starting Life in Another World-,3
1367,Overlord,4
1367,Mob Psycho 100,2
1367,Solo Leveling,4
1367,Haikyu!!,5
1367,KONOSUBA -God's blessing on this wonderful world!,4
1367,Blue Lock,4
1367,Log Horizon,3
1367,Wind Breaker,3
1367,Free! - Iwatobi Swim Club,3
1368,Ranking of Kings,5
1368,Bocchi the Rock!,4
1368,Mushishi,4
1368,Dr. Stone,4
1368,Naruto Shippuden,2
1368,Frieren: Beyond Journey's End,4
1368,Dandadan,2
1368,Haikyu!!,4
1368,Laid-Back Camp,4
1368,My Dress-Up Darling,2
1369,Assassination Classroom,4
1369,Naruto Shippuden,3
1369,Odd Taxi,2
1369,Wind Breaker,5
1369,Ranking of Kings,1
1369,Free! - Iwatobi Swim Club,3
1370,Demon Slayer: Kimetsu no Yaiba,4
1370,My Hero Academia,4
1370,Odd Taxi,2
1370,Bleach,5
1370,Jujutsu Kaisen,4
1370,Dandadan,4
1370,One Piece,4
1370,Black Clover,4
1370,Chainsaw Man,3
1370,Jojo's Bizarre Adventure,3
1370,Kaiju No. 8,4
1370,Your Lie in April,3
1370,Naruto Shippuden,5
1370,Hell's Paradise,3
1370,Haikyu!!,2
1370,The Promised Neverland,2
1370,My Dress-Up Darling,2
1371,Made in Abyss,5
1371,Jojo's Bizarre Adventure,5
1371,Cowboy Bebop,4
1371,Wind Breaker,4
1371,Fire Force,3
1371,Fullmetal Alchemist: Brotherhood,3
1372,Hunter x Hunter,3
1372,Erased,3
1372,Spy x Family,5
1372,Ranking of Kings,4
1372,Odd Taxi,4
1372,Laid-Back Camp,4
1372,Death Note,4
1372,Nichijou - My Ordinary Life,4
1372,Cowboy Bebop,2
1372,The Apothecary Diaries,4
1372,Mushishi,1
1372,Steins;Gate,3
1372,Haikyu!!,4
1372,Frieren: Beyond Journey's End,4
1372,Banana Fish,4
1372,Dr. Stone,4
1372,Code Geass,3
1373,Attack on Titan,5
1373,Banana Fish,5
1373,Steins;Gate,5
1373,My Dress-Up Darling,5
1373,Spy x Family,5
1373,Horimiya,4
1373,Fruits Basket,4
1373,Psycho-Pass,4
1373,Rascal Does Not Dream of Bunny Girl Senpai,4
1373,The Apothecary Diaries,5
1373,Clannad After Story,4
1373,Solo Leveling,4
1373,Your Lie in April,5
1373,Toradora!,4
1374,Assassination Classroom,4
1374,Mashle: Magic and Muscles,3
1374,Mob Psycho 100,4
1374,Kaguya-sama: Love is War,5
1374,Gintama,4
1374,Spy x Family,5
1374,Steins;Gate,2
1374,KONOSUBA -God's blessing on this wonderful world!,4
1374,Nichijou - My Ordinary Life,4
1374,One-Punch Man,4
1374,One Piece,3
1374,The Rising of the Shield Hero,1
1374,Haikyu!!,3
1374,Hunter x Hunter,3
1374,Bleach,2
1375,Solo Leveling,4
1375,The Apothecary Diaries,3
1375,Frieren: Beyond Journey's End,4
1375,Blue Lock,2
1375,Haikyu!!,5
1375,Log Horizon,4
1375,The Eminence in Shadow,5
1375,Mashle: Magic and Muscles,5
1375,Bocchi the Rock!,4
1375,Black Clover,3
1375,Mushoku Tensei: Jobless Reincarnation,5
1375,That Time I Got Reincarnated as a Slime,4
1375,Overlord,4
1375,Dr. Stone,5
1375,Skip and Loafer,4
1375,KONOSUBA -God's blessing on this wonderful world!,4
1375,Kaguya-sama: Love is War,3
1375,Mushishi,4
1375,Spy x Family,5
1376,The Apothecary Diaries,4
1376,Death Note,5
1376,Dandadan,2
1376,Kuroko's Basketball,2
1376,Psycho-Pass,4
1376,Attack on Titan,5
1376,Blue Lock,2
1376,Banana Fish,5
1376,Steins;Gate,4
1376,Kaguya-sama: Love is War,2
1376,Odd Taxi,5
1376,Frieren: Beyond Journey's End,4
1376,Erased,4
1376,The Promised Neverland,5
1376,Yuri!!! on Ice,3
1376,Code Geass,4
1376,Neon Genesis Evangelion,2
1376,Toradora!,2
1377,Mashle: Magic and Muscles,5
1377,Chainsaw Man,2
1377,Blue Lock,4
1377,Wind Breaker,4
1377,Haikyu!!,4
1377,Nichijou - My Ordinary Life,4
1378,Hunter x Hunter,5
1378,Dragon Ball Super,2
1378,Attack on Titan,4
1378,Haikyu!!,3
1378,Gintama,4
1378,Made in Abyss,4
1378,Fullmetal Alchemist: Brotherhood,4
1378,Log Horizon,1
1378,Laid-Back Camp,3
1378,Mushishi,4
1379,Haikyu!!,4
1379,Dr. Stone,3
1379,Frieren: Beyond Journey's End,3
1379,Kuroko's Basketball,4
1379,Skip and Loafer,3
1379,Laid-Back Camp,4
1379,Nichijou - My Ordinary Life,4
1379,Ranking of Kings,3
1379,Mashle: Magic and Muscles,3
1379,Black Clover,2
1379,Assassination Classroom,4
1379,Blue Lock,2
1379,Clannad After Story,1
1379,Solo Leveling,3
1379,Bocchi the Rock!,5
1379,Mushishi,5
1379,Spy x Family,5
1379,Yuri!!! on Ice,5
1379,Kaguya-sama: Love is War,2
1379,Wind Breaker,4
1379,Hell's Paradise,1
1380,Psycho-Pass,2
1380,Hunter x Hunter,5
1380,Cowboy Bebop,4
1380,Neon Genesis Evangelion,3
1380,Vinland Saga,4
1380,Mushoku Tensei: Jobless Reincarnation,1
1380,Banana Fish,3
1380,Fullmetal Alchemist: Brotherhood,4
1380,Odd Taxi,1
1380,Gintama,3
1380,Haikyu!!,2
1380,Frieren: Beyond Journey's End,4
1381,Nichijou - My Ordinary Life,3
1381,The Apothecary Diaries,4
1381,Banana Fish,2
1381,Spy x Family,4
1381,Bocchi the Rock!,4
1381,Skip and Loafer,4
1381,Frieren: Beyond Journey's End,5
1381,Haikyu!!,5
1381,Naruto Shippuden,2
1381,Bleach,3
1381,Naruto,2
1381,Dandadan,3
1381,Odd Taxi,3
1381,Neon Genesis Evangelion,1
1381,Ranking of Kings,5
1381,Jojo's Bizarre Adventure,3
1381,Dr. Stone,5
1381,Laid-Back Camp,5
1381,Mushishi,4
1381,Yuri!!! on Ice,2
1382,Attack on Titan,5
1382,Steins;Gate,3
1382,Kuroko's Basketball,2
1382,Banana Fish,5
1382,Death Note,4
1382,Spy x Family,2
1382,Free! - Iwatobi Swim Club,2
1382,One-Punch Man,3
1382,Cowboy Bebop,2
1382,Psycho-Pass,4
1382,Odd Taxi,4
1383,Black Clover,3
1383,One Piece,4
1383,Jujutsu Kaisen,5
1383,Naruto,4
1383,Dandadan,5
1383,Naruto Shippuden,4
1383,Fullmetal Alchemist: Brotherhood,3
1383,Bleach,3
1383,Dragon Ball Super,4
1383,Chainsaw Man,5
1383,Fire Force,4
1383,Demon Slayer: Kimetsu no Yaiba,4
1383,Blue Lock,3
1383,My Hero Academia,4
1383,Hell's Paradise,5
1383,Free! - Iwatobi Swim Club,2
1383,Assassination Classroom,2
1383,Solo Leveling,4
1383,Kaiju No. 8,4
1383,Banana Fish,2
1383,Wind Breaker,3
1383,Re:ZERO -Starting Life in Another World-,1
1383,Jojo's Bizarre Adventure,4
1384,Mob Psycho 100,4
1384,Kaguya-sama: Love is War,4
1384,Gintama,4
1384,Your Lie in April,3
1384,Mashle: Magic and Muscles,4
1384,One-Punch Man,4
1384,Bocchi the Rock!,4
1384,Jujutsu Kaisen,2
1384,Spy x Family,3
1384,Naruto,1
1384,Fruits Basket,3
1384,My Dress-Up Darling,3
1384,Assassination Classroom,3
1384,Nichijou - My Ordinary Life,4
1385,Attack on Titan,3
1385,Odd Taxi,5
1385,Haikyu!!,3
1385,Kaiju No. 8,2
1385,The Apothecary Diaries,4
1385,Steins;Gate,3
1385,The Promised Neverland,4
1385,Gintama,2
1385,KONOSUBA -God's blessing on this wonderful world!,3
1385,Yuri!!! on Ice,5
1385,Banana Fish,4
1385,Psycho-Pass,2
1386,Dragon Ball Super,4
1386,Jujutsu Kaisen,5
1386,Chainsaw Man,4
1386,Kaiju No. 8,4
1386,Fire Force,5
1386,Naruto Shippuden,4
1386,My Hero Academia,3
1386,Attack on Titan,2
1386,Wind Breaker,5
1386,One Piece,5
1387,Solo Leveling,4
1387,Kuroko's Basketball,3
1387,Spy x Family,2
1387,Bleach,4
1387,Black Clover,4
1387,Naruto,4
1387,Demon Slayer: Kimetsu no Yaiba,4
1387,Jojo's Bizarre Adventure,4
1387,Banana Fish,3
1387,Dandadan,4
1387,One Piece,3
1387,Kaiju No. 8,4
1387,Naruto Shippuden,4
1387,Yuri!!! on Ice,3
1387,Hell's Paradise,4
1387,Blue Lock,3
1387,Haikyu!!,4
1387,Jujutsu Kaisen,5
1387,Fire Force,4
1387,Toradora!,2
1387,Frieren: Beyond Journey's End,2
1387,My Dress-Up Darling,3
1387,Free! - Iwatobi Swim Club,4
1388,Banana Fish,4
1388,One Piece,5
1388,Demon Slayer: Kimetsu no Yaiba,4
1388,Solo Leveling,4
1388,Steins;Gate,4
1388,My Hero Academia,4
1388,Wind Breaker,3
1388,Jujutsu Kaisen,5
1388,Dragon Ball Super,5
1388,Black Clover,3
1388,Odd Taxi,5
1388,Erased,5
1388,Tokyo Ghoul,2
1388,Psycho-Pass,4
1388,Dandadan,4
1388,Bleach,4
1388,Naruto,4
1388,Kaiju No. 8,5
1388,Naruto Shippuden,4
1388,Death Note,4
1388,Code Geass,5
1388,Jojo's Bizarre Adventure,5
1388,Hunter x Hunter,1
1388,Attack on Titan,3
1388,Chainsaw Man,4
1389,Laid-Back Camp,4
1389,Dr. Stone,5
1389,Frieren: Beyond Journey's End,4
1389,Haikyu!!,4
1389,Kaguya-sama: Love is War,3
1389,Mashle: Magic and Muscles,2
1389,The Apothecary Diaries,5
1389,Bocchi the Rock!,4
1389,Spy x Family,4
1389,Skip and Loafer,5
1389,Dragon Ball Super,3
1389,Clannad After Story,1
1389,Mushishi,4
1389,Chainsaw Man,2
1389,My Hero Academia,2
1389,Gintama,1
1389,Ranking of Kings,4
1389,Hunter x Hunter,2
1389,Demon Slayer: Kimetsu no Yaiba,2
1389,Dandadan,3
1390,Rascal Does Not Dream of Bunny Girl Senpai,5
1390,Fruits Basket,4
1390,KONOSUBA -God's blessing on this wonderful world!,5
1390,Mob Psycho 100,4
1390,Spy x Family,3
1390,Kaguya-sama: Love is War,4
1390,Your Lie in April,4
1390,My Dress-Up Darling,5
1390,Frieren: Beyond Journey's End,3
1390,Nichijou - My Ordinary Life,4
1390,Haikyu!!,4
1390,Toradora!,5
1390,One-Punch Man,4
1390,Mashle: Magic and Muscles,3
1390,Hunter x Hunter,2
1390,Clannad After Story,5
1390,Gintama,4
1391,Solo Leveling,4
1391,Dragon Ball Super,4
1391,Skip and Loafer,4
1391,Jojo's Bizarre Adventure,4
1391,Bocchi the Rock!,4
1391,Spy x Family,5
1391,The Apothecary Diaries,5
1391,Mushishi,5
1391,Chainsaw Man,4
1391,Nichijou - My Ordinary Life,3
1391,Laid-Back Camp,5
1391,Dandadan,5
1391,Dr. Stone,4
1391,Bleach,5
1391,Fire Force,4
1391,Kaiju No. 8,5
1391,Demon Slayer: Kimetsu no Yaiba,5
1391,One Piece,4
1392,Blue Lock,3
1392,Cowboy Bebop,2
1392,Attack on Titan,2
1392,Kaguya-sama: Love is War,1
1392,Wind Breaker,4
1392,Kuroko's Basketball,5
1392,That Time I Got Reincarnated as a Slime,2
1392,Yuri!!! on Ice,4
1392,Jujutsu Kaisen,2
1392,Assassination Classroom,3
1392,Fruits Basket,2
1393,Haikyu!!,3
1393,Code Geass,2
1393,Naruto Shippuden,2
1393,Assassination Classroom,4
1393,Free! - Iwatobi Swim Club,4
1393,Kuroko's Basketball,4
1393,Wind Breaker,4
1394,My Dress-Up Darling,1
1394,Steins;Gate,4
1394,Mushishi,4
1394,Haikyu!!,4
1394,Frieren: Beyond Journey's End,4
1394,Dr. Stone,2
1394,The Rising of the Shield Hero,2
1395,Vinland Saga,4
1395,Frieren: Beyond Journey's End,4
1395,Fullmetal Alchemist: Brotherhood,5
1395,Made in Abyss,3
1395,Steins;Gate,3
1395,Attack on Titan,4
1395,Naruto Shippuden,2
1395,Hunter x Hunter,3
1395,KONOSUBA -God's blessing on this wonderful world!,2
1395,Mushishi,3
1396,Re:ZERO -Starting Life in Another World-,5
1396,Steins;Gate,3
1396,Mashle: Magic and Muscles,5
1396,My Dress-Up Darling,5
1396,Sword Art Online,4
1396,Mushoku Tensei: Jobless Reincarnation,3
1396,Toradora!,3
1396,Dandadan,3
1396,Rascal Does Not Dream of Bunny Girl Senpai,3
1396,Clannad After Story,3
1396,Chainsaw Man,3
1396,Kaguya-sama: Love is War,4
1396,Solo Leveling,4
1396,Fullmetal Alchemist: Brotherhood,2
1396,KONOSUBA -God's blessing on this wonderful world!,4
1396,That Time I Got Reincarnated as a Slime,4
1396,Spy x Family,4
1396,Your Lie in April,4
1396,The Rising of the Shield Hero,3
1396,Fruits Basket,4
1396,Horimiya,4
1396,Dr. Stone,3
1397,Haikyu!!,4
1397,Fruits Basket,2
1397,Dandadan,2
1397,Kuroko's Basketball,4
1397,Wind Breaker,5
1397,Assassination Classroom,5
1398,Kaguya-sama: Love is War,4
1398,Spy x Family,4
1398,Kaiju No. 8,5
1398,My Dress-Up Darling,5
1398,Yuri!!! on Ice,3
1398,One Piece,5
1398,Dandadan,5
1398,Jojo's Bizarre Adventure,5
1398,Wind Breaker,5
1398,Rascal Does Not Dream of Bunny Girl Senpai,4
1398,Fruits Basket,5
1398,Jujutsu Kaisen,5
1398,My Hero Academia,4
1398,Your Lie in April,4
1399,Fullmetal Alchemist: Brotherhood,5
1399,Frieren: Beyond Journey's End,5
1399,Vinland Saga,4
1399,Hunter x Hunter,5
1399,Cowboy Bebop,4
1399,Bocchi the Rock!,3
1399,That Time I Got Reincarnated as a Slime,3
1399,Nichijou - My Ordinary Life,4
1399,Mashle: Magic and Muscles,3
1399,One-Punch Man,4
1399,Overlord,1
1399,Made in Abyss,4
1399,Kaguya-sama: Love is War,4
1399,Banana Fish,5
1399,Attack on Titan,4
1399,Neon Genesis Evangelion,3
1399,Gintama,5
1399,Steins;Gate,5
1399,Mob Psycho 100,5
1400,Demon Slayer: Kimetsu no Yaiba,4
1400,Naruto,4
1400,Dandadan,4
1400,Solo Leveling,3
1400,Overlord,2
1400,Fire Force,4
1400,Assassination Classroom,5
1400,Bleach,3
1400,Sword Art Online,1
1400,Haikyu!!,4
1400,Chainsaw Man,4
1400,Kaiju No. 8,4
1400,Kuroko's Basketball,3
1400,Psycho-Pass,1
1400,Wind Breaker,5
1400,My Hero Academia,3
1400,One Piece,3
1400,Dragon Ball Super,3
1400,Jujutsu Kaisen,4
1401,Laid-Back Camp,5
1401,One Piece,3
1401,Haikyu!!,4
1401,Re:ZERO -Starting Life in Another World-,3
1401,KONOSUBA -God's blessing on this wonderful world!,3
1401,Mushishi,3
1401,Spy x Family,4
1401,Assassination Classroom,3
1401,Bocchi the Rock!,5
1401,The Apothecary Diaries,5
1401,Naruto Shippuden,3
1401,Ranking of Kings,5
1402,KONOSUBA -God's blessing on this wonderful world!,4
1402,Assassination Classroom,5
1402,Mob Psycho 100,5
1402,The Apothecary Diaries,2
1402,Hunter x Hunter,3
1402,Mashle: Magic and Muscles,4
1402,Solo Leveling,2
1402,Nichijou - My Ordinary Life,3
1402,Bocchi the Rock!,5
1402,Spy x Family,5
1402,Dragon Ball Super,3
1402,One-Punch Man,3
1402,Kaguya-sama: Love is War,4
1402,Kuroko's Basketball,2
1402,Clannad After Story,3
1402,Mushoku Tensei: Jobless Reincarnation,2
1402,Vinland Saga,2
1402,Fullmetal Alchemist: Brotherhood,2
1402,Gintama,4
1402,Banana Fish,3
1402,Steins;Gate,3
1402,Dandadan,3
1402,The Eminence in Shadow,3
1402,Frieren: Beyond Journey's End,2
1403,Spy x Family,5
1403,KONOSUBA -God's blessing on this wonderful world!,5
1403,Gintama,4
1403,Nichijou - My Ordinary Life,3
1403,Mashle: Magic and Muscles,5
1403,Mob Psycho 100,4
1403,Assassination Classroom,5
1403,Kaguya-sama: Love is War,4
1403,Death Note,3
1403,Ranking of Kings,2
1403,One-Punch Man,5
1403,Dr. Stone,2
1403,Bocchi the Rock!,4
1403,The Promised Neverland,3
1403,The Apothecary Diaries,3
1403,Wind Breaker,3
1403,Laid-Back Camp,4
1403,Fruits Basket,2
1403,Chainsaw Man,3
1403,Re:ZERO -Starting Life in Another World-,2
1403,Toradora!,2
1403,Haikyu!!,2
1403,That Time I Got Reincarnated as a Slime,2
1403,Bleach,1
1403,Made in Abyss,2
1404,Laid-Back Camp,2
1404,That Time I Got Reincarnated as a Slime,4
1404,Fullmetal Alchemist: Brotherhood,2
1404,KONOSUBA -God's blessing on this wonderful world!,5
1404,Demon Slayer: Kimetsu no Yaiba,3
1404,The Eminence in Shadow,3
1404,Assassination Classroom,3
1404,Kuroko's Basketball,3
1404,Yuri!!! on Ice,4
1404,Mushoku Tensei: Jobless Reincarnation,5
1404,Horimiya,2
1404,Dandadan,2
1404,Solo Leveling,4
1404,The Rising of the Shield Hero,4
1404,Wind Breaker,5
1404,Re:ZERO -Starting Life in Another World-,4
1404,Haikyu!!,4
1404,Overlord,4
1404,Mashle: Magic and Muscles,4
1404,Log Horizon,4
1404,One Piece,3
1404,Blue Lock,4
1404,Free! - Iwatobi Swim Club,4
1404,Steins;Gate,2
1404,Attack on Titan,3
1405,Bleach,4
1405,Banana Fish,5
1405,The Apothecary Diaries,5
1405,Hunter x Hunter,4
1405,Made in Abyss,2
1405,Code Geass,5
1405,Fruits Basket,3
1405,Erased,5
1405,Death Note,5
1405,Odd Taxi,4
1405,Chainsaw Man,4
1405,Toradora!,3
1405,Skip and Loafer,3
1405,Steins;Gate,5
1405,Overlord,2
1405,Nichijou - My Ordinary Life,2
1405,The Promised Neverland,4
1406,Your Lie in April,4
1406,Clannad After Story,5
1406,Dandadan,4
1406,Spy x Family,5
1406,Fruits Basket,5
1406,My Dress-Up Darling,5
1406,Ranking of Kings,2
1406,Horimiya,4
1406,Jujutsu Kaisen,3
1406,Kaguya-sama: Love is War,5
1406,Toradora!,5
1406,That Time I Got Reincarnated as a Slime,3
1406,Made in Abyss,1
1406,Steins;Gate,3
1406,Jojo's Bizarre Adventure,3
1406,Kuroko's Basketball,2
1406,Hell's Paradise,2
1406,Banana Fish,1
1407,Gintama,5
1407,One-Punch Man,5
1407,Black Clover,2
1407,Bocchi the Rock!,4
1407,Mob Psycho 100,5
1407,Frieren: Beyond Journey's End,4
1407,Kaguya-sama: Love is War,5
1407,Assassination Classroom,4
1407,Skip and Loafer,4
1407,Mushishi,4
1407,Steins;Gate,2
1407,Haikyu!!,4
1407,Odd Taxi,1
1407,Mashle: Magic and Muscles,5
1407,The Apothecary Diaries,5
1407,Hunter x Hunter,3
1407,Laid-Back Camp,5
1408,Clannad After Story,4
1408,Jojo's Bizarre Adventure,1
1408,Dandadan,4
1408,Steins;Gate,2
1408,Your Lie in April,4
1408,Fruits Basket,5
1408,My Dress-Up Darling,5
1408,Gintama,3
1408,Toradora!,4
1408,One-Punch Man,2
1408,Made in Abyss,2
1409,That Time I Got Reincarnated as a Slime,4
1409,Log Horizon,4
1409,My Dress-Up Darling,2
1409,Attack on Titan,4
1409,The Eminence in Shadow,5
1409,Erased,5
1409,Death Note,4
1409,Kuroko's Basketball,3
1409,Code Geass,5
1409,KONOSUBA -God's blessing on this wonderful world!,4
1409,The Apothecary Diaries,5
1410,Death Note,5
1410,The Promised Neverland,4
1410,Skip and Loafer,1
1410,KONOSUBA -God's blessing on this wonderful world!,4
1410,Mashle: Magic and Muscles,3
1410,Spy x Family,4
1410,Assassination Classroom,5
1410,Mob Psycho 100,4
1410,Made in Abyss,3
1410,Psycho-Pass,3
1410,Steins;Gate,4
1410,Code Geass,5
1410,Erased,4
1411,Toradora!,4
1411,Yuri!!! on Ice,4
1411,Laid-Back Camp,2
1411,Clannad After Story,4
1411,Fruits Basket,3
1411,Haikyu!!,5
1411,Horimiya,3
1411,Your Lie in April,4
1411,Fullmetal Alchemist: Brotherhood,3
1411,Skip and Loafer,1
1411,Rascal Does Not Dream of Bunny Girl Senpai,3
1411,Dandadan,4
1411,Kaguya-sama: Love is War,5
1411,Wind Breaker,3
1411,My Dress-Up Darling,4
1411,Kuroko's Basketball,4
1412,Frieren: Beyond Journey's End,4
1412,Spy x Family,4
1412,Bocchi the Rock!,5
1412,Steins;Gate,4
1412,Death Note,4
1412,Code Geass,5
1412,Erased,5
1412,Nichijou - My Ordinary Life,4
1412,Your Lie in April,2
1412,Dr. Stone,4
1412,Attack on Titan,4
1412,Haikyu!!,5
1412,Odd Taxi,5
1412,Skip and Loafer,4
1412,Psycho-Pass,4
1413,Steins;Gate,4
1413,Banana Fish,5
1413,Fullmetal Alchemist: Brotherhood,5
1413,Attack on Titan,4
1413,Death Note,4
1413,Tokyo Ghoul,2
1413,Frieren: Beyond Journey's End,4
1413,Mushishi,4
1413,Made in Abyss,4
1413,Hunter x Hunter,5
1413,Neon Genesis Evangelion,4
1413,Cowboy Bebop,4
1413,Spy x Family,3
1413,Vinland Saga,4
1413,Clannad After Story,3
1413,Code Geass,2
1413,Assassination Classroom,3
1413,Black Clover,2
1413,Nichijou - My Ordinary Life,2
1413,Kaguya-sama: Love is War,2
1414,Attack on Titan,4
1414,Ranking of Kings,5
1414,Frieren: Beyond Journey's End,4
1414,Bocchi the Rock!,5
1414,Gintama,5
1414,Laid-Back Camp,4
1414,Hunter x Hunter,5
1414,Dr. Stone,4
1415,One-Punch Man,4
1415,KONOSUBA -God's blessing on this wonderful world!,4
1415,Demon Slayer: Kimetsu no Yaiba,2
1415,Assassination Classroom,2
1415,Mashle: Magic and Muscles,4
1415,Mob Psycho 100,4
1415,Dandadan,2
1415,Clannad After Story,3
1415,Kaguya-sama: Love is War,4
1415,Fullmetal Alchemist: Brotherhood,2
1415,My Dress-Up Darling,2
1415,Spy x Family,3
1415,Gintama,4
1415,Attack on Titan,3
1415,Banana Fish,1
1415,Bocchi the Rock!,4
1415,Haikyu!!,3
1415,Made in Abyss,3
1415,Mushishi,1
1415,The Apothecary Diaries,3
1416,Mob Psycho 100,5
1416,KONOSUBA -God's blessing on this wonderful world!,5
1416,Naruto,2
1416,One-Punch Man,4
1416,Assassination Classroom,4
1416,Gintama,4
1416,Bocchi the Rock!,4
1416,Mashle: Magic and Muscles,4
1416,Kaguya-sama: Love is War,4
1416,Yuri!!! on Ice,2
1416,Spy x Family,4
1416,My Hero Academia,1
1416,My Dress-Up Darling,1
1416,Sword Art Online,1
1416,Dr. Stone,2
1416,Nichijou - My Ordinary Life,4
1416,Skip and Loafer,2
1416,Fire Force,2
1416,Clannad After Story,3
1417,Mashle: Magic and Muscles,4
1417,Re:ZERO -Starting Life in Another World-,5
1417,Naruto Shippuden,3
1417,Hunter x Hunter,3
1417,Dandadan,2
1417,Psycho-Pass,2
1417,The Eminence in Shadow,4
1417,Solo Leveling,5
1417,Sword Art Online,4
1417,Laid-Back Camp,4
1417,That Time I Got Reincarnated as a Slime,4
1417,Overlord,4
1417,Fruits Basket,3
1417,Tokyo Ghoul,2
1417,The Rising of the Shield Hero,4
1418,Assassination Classroom,4
1418,Wind Breaker,3
1418,The Eminence in Shadow,5
1418,Yuri!!! on Ice,4
1418,Odd Taxi,2
1418,Haikyu!!,5
1418,Re:ZERO -Starting Life in Another World-,4
1419,Haikyu!!,4
1419,Dr. Stone,4
1419,Skip and Loafer,5
1419,Mushishi,5
1419,The Apothecary Diaries,5
1419,Ranking of Kings,3
1419,Bocchi the Rock!,5
1419,Spy x Family,4
1419,Steins;Gate,4
1419,Laid-Back Camp,4
1419,The Promised Neverland,2
1420,Dandadan,4
1420,Mushoku Tensei: Jobless Reincarnation,4
1420,Solo Leveling,4
1420,Your Lie in April,4
1420,Fruits Basket,5
1420,Re:ZERO -Starting Life in Another World-,4
1420,Sword Art Online,4
1420,The Rising of the Shield Hero,5
1420,KONOSUBA -God's blessing on this wonderful world!,4
1421,Nichijou - My Ordinary Life,5
1421,Bocchi the Rock!,4
1421,Dr. Stone,5
1421,Laid-Back Camp,4
1421,Spy x Family,5
1421,The Apothecary Diaries,4
1421,KONOSUBA -God's blessing on this wonderful world!,2
1421,Haikyu!!,4
1421,Psycho-Pass,2
1421,Mushishi,5
1421,Ranking of Kings,4
1421,Frieren: Beyond Journey's End,5
1421,Skip and Loafer,5
1421,Blue Lock,1
1421,The Promised Neverland,3
1421,The Rising of the Shield Hero,2
1421,Mob Psycho 100,2
1421,Banana Fish,3
1421,Neon Genesis Evangelion,2
1421,Made in Abyss,1
1421,Chainsaw Man,3
1421,Wind Breaker,3
1421,Bleach,2
1421,Dandadan,2
1422,Assassination Classroom,4
1422,KONOSUBA -God's blessing on this wonderful world!,4
1422,Fullmetal Alchemist: Brotherhood,3
1422,Steins;Gate,3
1422,One-Punch Man,5
1422,Mob Psycho 100,4
1422,Hunter x Hunter,3
1422,The Apothecary Diaries,4
1422,Kaguya-sama: Love is War,5
1423,Mushishi,4
1423,Frieren: Beyond Journey's End,5
1423,Kaguya-sama: Love is War,5
1423,One-Punch Man,5
1423,Nichijou - My Ordinary Life,4
1423,Odd Taxi,2
1423,Laid-Back Camp,4
1423,The Apothecary Diaries,4
1423,Demon Slayer: Kimetsu no Yaiba,2
1423,Haikyu!!,5
1424,Code Geass,3
1424,Death Note,5
1424,My Hero Academia,2
1424,Assassination Classroom,3
1424,Hunter x Hunter,3
1424,The Apothecary Diaries,5
1424,Odd Taxi,3
1424,Steins;Gate,5
1424,Dr. Stone,2
1424,My Dress-Up Darling,2
1424,Erased,4
1424,Jujutsu Kaisen,2
1424,Banana Fish,4
1424,Attack on Titan,4
1424,Kaiju No. 8,1
1424,Mob Psycho 100,2
1424,Made in Abyss,3
1425,The Apothecary Diaries,4
1425,Spy x Family,4
1425,Attack on Titan,4
1425,Death Note,4
1425,Kaguya-sama: Love is War,5
1425,Steins;Gate,4
1425,Frieren: Beyond Journey's End,3
1426,Demon Slayer: Kimetsu no Yaiba,3
1426,Jojo's Bizarre Adventure,4
1426,Attack on Titan,4
1426,Jujutsu Kaisen,5
1426,Kaiju No. 8,4
1426,Black Clover,3
1426,Banana Fish,4
1426,Erased,4
1426,Naruto,3
1426,Wind Breaker,3
1427,Fruits Basket,4
1427,Your Lie in April,4
1427,Kaiju No. 8,3
1427,Dandadan,4
1427,Horimiya,4
1427,My Dress-Up Darling,4
1427,One-Punch Man,5
1427,Spy x Family,5
1427,Clannad After Story,4
1427,Mushoku Tensei: Jobless Reincarnation,2
1427,Toradora!,3
1427,Kaguya-sama: Love is War,5
1427,Rascal Does Not Dream of Bunny Girl Senpai,5
1428,Vinland Saga,4
1428,Banana Fish,4
1428,Steins;Gate,4
1428,Tokyo Ghoul,1
1428,Gintama,3
1428,Kaiju No. 8,2
1428,Hunter x Hunter,3
1428,Made in Abyss,3
1429,Wind Breaker,4
1429,One Piece,4
1429,Jujutsu Kaisen,4
1429,KONOSUBA -God's blessing on this wonderful world!,1
1429,Chainsaw Man,4
1429,Dandadan,3
1429,Naruto Shippuden,4
1429,Demon Slayer: Kimetsu no Yaiba,4
1429,My Hero Academia,3
1429,Naruto,3
1429,Bleach,4
1429,Fire Force,4
1429,Jojo's Bizarre Adventure,4
1429,Dragon Ball Super,4
1429,Bocchi the Rock!,2
1429,Hell's Paradise,4
1429,Banana Fish,1
1430,Nichijou - My Ordinary Life,5
1430,Mashle: Magic and Muscles,3
1430,Bocchi the Rock!,4
1430,Kaguya-sama: Love is War,4
1430,One-Punch Man,4
1430,Mob Psycho 100,3
1431,That Time I Got Reincarnated as a Slime,5
1431,Solo Leveling,5
1431,Mushoku Tensei: Jobless Reincarnation,4
1431,Jojo's Bizarre Adventure,3
1431,The Eminence in Shadow,5
1431,Kuroko's Basketball,5
1432,Code Geass,2
1432,Kaguya-sama: Love is War,3
1432,Bocchi the Rock!,4
1432,Neon Genesis Evangelion,2
1432,Fruits Basket,2
1432,Assassination Classroom,4
1432,That Time I Got Reincarnated as a Slime,2
1432,Laid-Back Camp,1
1432,Nichijou - My Ordinary Life,4
1432,Mashle: Magic and Muscles,3
1433,Attack on Titan,5
1433,Fullmetal Alchemist: Brotherhood,5
1433,KONOSUBA -God's blessing on this wonderful world!,3
1433,Banana Fish,5
1433,Steins;Gate,4
1433,Gintama,5
1433,Bocchi the Rock!,5
1434,Overlord,3
1434,Gintama,5
1434,Your Lie in April,4
1434,Assassination Classroom,5
1434,Bocchi the Rock!,5
1434,Clannad After Story,5
1434,Horimiya,5
1434,My Dress-Up Darling,5
1434,Free! - Iwatobi Swim Club,3
1434,Fruits Basket,5
1434,Rascal Does Not Dream of Bunny Girl Senpai,5
1434,One Piece,3
1434,Vinland Saga,4
1434,Mob Psycho 100,5
1434,Mashle: Magic and Muscles,5
1434,Spy x Family,5
1435,Spy x Family,4
1435,Mashle: Magic and Muscles,4
1435,One-Punch Man,3
1435,KONOSUBA -God's blessing on this wonderful world!,5
1435,Bocchi the Rock!,4
1435,Attack on Titan,2
1435,Death Note,2
1435,Bleach,2
1435,Assassination Classroom,4
1435,Neon Genesis Evangelion,2
1435,Mob Psycho 100,3
1435,Ranking of Kings,1
1435,Nichijou - My Ordinary Life,4
1435,Free! - Iwatobi Swim Club,2
1436,My Dress-Up Darling,2
1436,The Promised Neverland,5
1436,Banana Fish,5
1436,The Apothecary Diaries,5
1436,Demon Slayer: Kimetsu no Yaiba,3
1436,Yuri!!! on Ice,4
1436,Attack on Titan,3
1437,Spy x Family,4
1437,Gintama,2
1437,My Dress-Up Darling,4
1437,The Eminence in Shadow,2
1437,Kaguya-sama: Love is War,4
1437,Dandadan,5
1437,Your Lie in April,4
1437,Toradora!,4
1437,Clannad After Story,4
1437,Nichijou - My Ordinary Life,2
1437,Fullmetal Alchemist: Brotherhood,3
1437,Fruits Basket,4
1437,Black Clover,2
1437,Skip and Loafer,3
1437,Re:ZERO -Starting Life in Another World-,2
1438,Assassination Classroom,4
1438,Kuroko's Basketball,5
1438,Haikyu!!,4
1438,Yuri!!! on Ice,4
1438,Free! - Iwatobi Swim Club,4
1438,Gintama,2
1438,Wind Breaker,4
1438,Blue Lock,4
1438,Black Clover,2
1438,The Promised Neverland,2
1438,Laid-Back Camp,2
1438,Solo Leveling,2
1438,Frieren: Beyond Journey's End,2
1438,Fruits Basket,2
1438,Erased,2
1438,Kaiju No. 8,3
1438,Chainsaw Man,3
1438,Vinland Saga,2
1438,Steins;Gate,2
1438,Horimiya,2
1438,Spy x Family,3
1438,Dandadan,3
1438,Clannad After Story,2
1438,One-Punch Man,2
1439,The Eminence in Shadow,4
1439,Mushoku Tensei: Jobless Reincarnation,3
1439,Mashle: Magic and Muscles,4
1439,Log Horizon,3
1439,Laid-Back Camp,3
1439,Solo Leveling,3
1439,Nichijou - My Ordinary Life,2
1439,Blue Lock,3
1439,KONOSUBA -God's blessing on this wonderful world!,4
1439,Fire Force,2
1439,Re:ZERO -Starting Life in Another World-,4
1439,Tokyo Ghoul,2
1439,Attack on Titan,2
1439,Bocchi the Rock!,2
1440,Assassination Classroom,4
1440,Yuri!!! on Ice,5
1440,Wind Breaker,5
1440,Clannad After Story,2
1440,Solo Leveling,2
1440,Haikyu!!,4
1440,The Apothecary Diaries,3
1440,Psycho-Pass,2
1440,Blue Lock,5
1440,Erased,3
1440,Free! - Iwatobi Swim Club,5
1440,Steins;Gate,2
1440,Kaiju No. 8,4
1440,Vinland Saga,3
1440,Kuroko's Basketball,4
1440,Laid-Back Camp,3
1440,Naruto Shippuden,2
1440,My Dress-Up Darling,2
1440,Demon Slayer: Kimetsu no Yaiba,2
1440,Fullmetal Alchemist: Brotherhood,3
1441,Wind Breaker,5
1441,Chainsaw Man,5
1441,One Piece,5
1441,Jojo's Bizarre Adventure,4
1441,Dandadan,4
1441,Black Clover,4
1441,Bleach,4
1441,Mushishi,2
1441,Dragon Ball Super,5
1441,Naruto Shippuden,5
1441,Demon Slayer: Kimetsu no Yaiba,4
1441,Haikyu!!,3
1441,Jujutsu Kaisen,5
1441,Log Horizon,1
1441,Death Note,3
1441,Kaiju No. 8,4
1441,Spy x Family,4
1441,Hell's Paradise,5
1441,Fire Force,4
1441,The Eminence in Shadow,2
1441,Naruto,4
1442,Neon Genesis Evangelion,4
1442,Assassination Classroom,5
1442,Made in Abyss,5
1442,Hunter x Hunter,5
1442,Banana Fish,5
1442,Kuroko's Basketball,5
1443,The Promised Neverland,1
1443,Jujutsu Kaisen,5
1443,Fullmetal Alchemist: Brotherhood,4
1443,Fire Force,4
1443,One Piece,4
1443,Gintama,5
1443,Dandadan,5
1443,Demon Slayer: Kimetsu no Yaiba,4
1443,Kaiju No. 8,4
1443,Banana Fish,3
1443,Mushishi,4
1443,Frieren: Beyond Journey's End,4
1443,Vinland Saga,5
1443,Hell's Paradise,4
1443,Cowboy Bebop,4
1443,Jojo's Bizarre Adventure,4
1443,Hunter x Hunter,4
1443,Chainsaw Man,4
1443,Bleach,4
1443,Kaguya-sama: Love is War,3
1443,Made in Abyss,4
1443,One-Punch Man,3
1443,Steins;Gate,5
1444,Nichijou - My Ordinary Life,5
1444,Steins;Gate,5
1444,Mob Psycho 100,5
1444,Death Note,4
1444,The Promised Neverland,4
1444,Attack on Titan,5
1445,Spy x Family,3
1445,Bocchi the Rock!,4
1445,KONOSUBA -God's blessing on this wonderful world!,3
1445,Attack on Titan,2
1445,Horimiya,2
1445,Assassination Classroom,4
1445,Dandadan,2
1445,Banana Fish,1
1445,Kaguya-sama: Love is War,4
1445,Free! - Iwatobi Swim Club,2
1445,Gintama,4
1445,One-Punch Man,4
1445,Mashle: Magic and Muscles,3
1445,Black Clover,2
1445,Wind Breaker,2
1446,KONOSUBA -God's blessing on this wonderful world!,3
1446,The Apothecary Diaries,5
1446,Erased,4
1446,Log Horizon,2
1446,Death Note,5
1446,Banana Fish,5
1446,Code Geass,5
1446,Psycho-Pass,5
1446,Attack on Titan,5
1447,Nichijou - My Ordinary Life,5
1447,Spy x Family,4
1447,Fruits Basket,5
1447,Bocchi the Rock!,4
1447,KONOSUBA -God's blessing on this wonderful world!,4
1447,Kaguya-sama: Love is War,5
1447,Gintama,5
1447,Horimiya,5
1448,Dandadan,4
1448,Fire Force,4
1448,Erased,1
1448,Demon Slayer: Kimetsu no Yaiba,5
1448,Kaiju No. 8,3
1448,Black Clover,4
1448,Solo Leveling,4
1448,One Piece,4
1448,Jujutsu Kaisen,3
1448,Bleach,4
1448,Wind Breaker,3
1448,My Hero Academia,2
1448,Hell's Paradise,4
1448,Jojo's Bizarre Adventure,4
1448,Naruto Shippuden,3
1448,Naruto,4
1448,Vinland Saga,3
1448,Laid-Back Camp,3
1449,Black Clover,3
1449,Jojo's Bizarre Adventure,4
1449,Dandadan,3
1449,That Time I Got Reincarnated as a Slime,3
1449,Demon Slayer: Kimetsu no Yaiba,3
1449,Bleach,3
1449,Chainsaw Man,3
1449,Fire Force,3
1449,Jujutsu Kaisen,4
1449,Dragon Ball Super,3
1449,Hell's Paradise,3
1449,My Hero Academia,5
1449,Solo Leveling,3
1449,Naruto,2
1449,Naruto Shippuden,3
1449,One Piece,4
1449,Wind Breaker,3
1449,Kaiju No. 8,4
1449,Rascal Does Not Dream of Bunny Girl Senpai,3
1449,One-Punch Man,2
1450,Code Geass,4
1450,Spy x Family,4
1450,Psycho-Pass,3
1450,Bocchi the Rock!,4
1450,Hell's Paradise,2
1450,The Apothecary Diaries,4
1450,Erased,4
1450,Steins;Gate,4
1450,Frieren: Beyond Journey's End,4
1450,Skip and Loafer,5
1450,Banana Fish,5
1450,Odd Taxi,5
1450,Mushishi,3
1450,Attack on Titan,4
1450,Haikyu!!,5
1450,The Promised Neverland,3
1451,Steins;Gate,5
1451,Death Note,3
1451,Code Geass,5
1451,Erased,4
1451,Odd Taxi,4
1451,The Promised Neverland,3
1451,Demon Slayer: Kimetsu no Yaiba,2
1451,The Apothecary Diaries,4
1451,Banana Fish,4
1451,Psycho-Pass,4
1451,Attack on Titan,4
1451,Spy x Family,2
1451,Frieren: Beyond Journey's End,2
1451,One Piece,2
1452,Free! - Iwatobi Swim Club,2
1452,Ranking of Kings,5
1452,Skip and Loafer,4
1452,Frieren: Beyond Journey's End,4
1452,Spy x Family,5
1452,One Piece,4
1452,Dr. Stone,4
1453,Overlord,3
1453,Banana Fish,2
1453,That Time I Got Reincarnated as a Slime,4
1453,Odd Taxi,2
1453,The Rising of the Shield Hero,4
1453,KONOSUBA -God's blessing on this wonderful world!,3
1453,Mashle: Magic and Muscles,2
1453,Re:ZERO -Starting Life in Another World-,4
1453,Solo Leveling,4
1453,Log Horizon,3
1453,The Eminence in Shadow,4
1453,Haikyu!!,2
1453,Sword Art Online,4
1453,Assassination Classroom,1
1453,Fruits Basket,2
1453,Wind Breaker,2
1453,My Hero Academia,3
1453,Jujutsu Kaisen,2
1453,Mushoku Tensei: Jobless Reincarnation,4
1453,Tokyo Ghoul,2
1453,Dandadan,2
1453,Attack on Titan,2
1454,Banana Fish,5
1454,Steins;Gate,5
1454,Rascal Does Not Dream of Bunny Girl Senpai,2
1454,Fullmetal Alchemist: Brotherhood,5
1454,Neon Genesis Evangelion,4
1454,Cowboy Bebop,4
1454,Mushishi,4
1454,Naruto Shippuden,1
1454,Gintama,5
1454,Laid-Back Camp,4
1454,Spy x Family,4
1454,Made in Abyss,5
1454,Bocchi the Rock!,4
1454,Vinland Saga,5
1454,Dr. Stone,5
1454,Frieren: Beyond Journey's End,4
1454,Hunter x Hunter,4
1454,Attack on Titan,5
1454,That Time I Got Reincarnated as a Slime,2
1454,Haikyu!!,4
1454,Horimiya,2
1455,Cowboy Bebop,3
1455,Solo Leveling,3
1455,Re:ZERO -Starting Life in Another World-,4
1455,That Time I Got Reincarnated as a Slime,4
1455,Death Note,2
1455,Gintama,5
1455,Steins;Gate,4
1455,Overlord,4
1456,Kuroko's Basketball,3
1456,The Apothecary Diaries,4
1456,Nichijou - My Ordinary Life,4
1456,Free! - Iwatobi Swim Club,5
1456,Laid-Back Camp,4
1456,Frieren: Beyond Journey's End,4
1457,Free! - Iwatobi Swim Club,4
1457,Blue Lock,5
1457,Mashle: Magic and Muscles,4
1457,Hunter x Hunter,1
1457,Solo Leveling,5
1457,Kuroko's Basketball,3
1457,Overlord,4
1457,Re:ZERO -Starting Life in Another World-,5
1457,The Rising of the Shield Hero,4
1457,Yuri!!! on Ice,4
1457,Mushoku Tensei: Jobless Reincarnation,4
1457,That Time I Got Reincarnated as a Slime,4
1457,Jojo's Bizarre Adventure,2
1457,Naruto,2
1457,Rascal Does Not Dream of Bunny Girl Senpai,3
1457,KONOSUBA -God's blessing on this wonderful world!,4
1457,Wind Breaker,4
1458,Rascal Does Not Dream of Bunny Girl Senpai,4
1458,My Dress-Up Darling,3
1458,Kaguya-sama: Love is War,5
1458,Toradora!,5
1458,Hunter x Hunter,5
1458,Neon Genesis Evangelion,2
1458,Banana Fish,5
1458,Mushishi,4
1458,Attack on Titan,4
1458,Vinland Saga,4
1458,Dandadan,5
1458,Your Lie in April,5
1458,Made in Abyss,4
1458,Jojo's Bizarre Adventure,3
1458,Cowboy Bebop,4
1458,Fullmetal Alchemist: Brotherhood,4
1458,Mashle: Magic and Muscles,3
1459,Neon Genesis Evangelion,4
1459,Fullmetal Alchemist: Brotherhood,5
1459,Vinland Saga,5
1459,Steins;Gate,4
1459,Made in Abyss,4
1459,Frieren: Beyond Journey's End,3
1459,Laid-Back Camp,3
1459,Cowboy Bebop,5
1459,Hunter x Hunter,4
1459,Yuri!!! on Ice,2
1459,My Hero Academia,2
1459,Gintama,4
1459,Banana Fish,3
1459,Kaiju No. 8,3
1460,Your Lie in April,3
1460,Sword Art Online,4
1460,Solo Leveling,4
1460,Log Horizon,5
1460,Clannad After Story,3
1460,Re:ZERO -Starting Life in Another World-,3
1460,That Time I Got Reincarnated as a Slime,4
1460,Overlord,4
1460,The Eminence in Shadow,4
1460,One Piece,4
1460,Frieren: Beyond Journey's End,3
1460,The Rising of the Shield Hero,4
1460,Toradora!,2
1460,Wind Breaker,3
1460,KONOSUBA -God's blessing on this wonderful world!,4
1460,Naruto,2
1460,Fullmetal Alchemist: Brotherhood,3
1460,My Dress-Up Darling,2
1460,Mashle: Magic and Muscles,4
1460,Dandadan,2
1460,Kuroko's Basketball,2
1460,Banana Fish,2
1460,Neon Genesis Evangelion,2
1461,Haikyu!!,3
1461,Mashle: Magic and Muscles,4
1461,Nichijou - My Ordinary Life,2
1461,Wind Breaker,4
1461,Overlord,4
1461,Yuri!!! on Ice,4
1461,Re:ZERO -Starting Life in Another World-,4
1461,Mob Psycho 100,2
1461,Mushoku Tensei: Jobless Reincarnation,4
1461,Fruits Basket,2
1461,KONOSUBA -God's blessing on this wonderful world!,3
1461,The Eminence in Shadow,4
1461,Solo Leveling,4
1461,Log Horizon,2
1461,Sword Art Online,4
1461,That Time I Got Reincarnated as a Slime,4
1461,Kuroko's Basketball,4
1461,Ranking of Kings,2
1461,Free! - Iwatobi Swim Club,4
1462,Bocchi the Rock!,3
1462,Black Clover,2
1462,My Dress-Up Darling,1
1462,Erased,5
1462,Steins;Gate,5
1462,Laid-Back Camp,4
1462,That Time I Got Reincarnated as a Slime,2
1462,Mushishi,2
1462,Nichijou - My Ordinary Life,3
1463,Re:ZERO -Starting Life in Another World-,4
1463,Free! - Iwatobi Swim Club,4
1463,Blue Lock,4
1463,Kuroko's Basketball,4
1463,The Eminence in Shadow,4
1463,Fullmetal Alchemist: Brotherhood,3
1463,Assassination Classroom,4
1463,Haikyu!!,4
1463,My Hero Academia,2
1463,Mashle: Magic and Muscles,4
1463,KONOSUBA -God's blessing on this wonderful world!,5
1463,That Time I Got Reincarnated as a Slime,4
1463,Mushoku Tensei: Jobless Reincarnation,4
1463,Wind Breaker,4
1464,Your Lie in April,4
1464,Dandadan,5
1464,Clannad After Story,5
1464,Jojo's Bizarre Adventure,4
1464,Black Clover,3
1464,Jujutsu Kaisen,5
1464,Bocchi the Rock!,2
1464,Kaiju No. 8,5
1465,Solo Leveling,4
1465,KONOSUBA -God's blessing on this wonderful world!,4
1465,Steins;Gate,3
1465,The Rising of the Shield Hero,5
1465,Overlord,3
1465,That Time I Got Reincarnated as a Slime,4
1465,The Eminence in Shadow,4
1465,Re:ZERO -Starting Life in Another World-,4
1465,Log Horizon,5
1465,Dragon Ball Super,2
1465,Blue Lock,3
1465,Free! - Iwatobi Swim Club,1
1465,The Apothecary Diaries,2
1465,Mashle: Magic and Muscles,4
1465,Odd Taxi,2
1465,Nichijou - My Ordinary Life,2
1466,Skip and Loafer,5
1466,Spy x Family,4
1466,Ranking of Kings,5
1466,Cowboy Bebop,3
1466,The Apothecary Diaries,5
1466,Nichijou - My Ordinary Life,4
1466,Blue Lock,3
1466,Dr. Stone,5
1466,Haikyu!!,3
1466,Bocchi the Rock!,5
1466,Frieren: Beyond Journey's End,4
1466,Laid-Back Camp,4
1466,Free! - Iwatobi Swim Club,3
1466,Mashle: Magic and Muscles,3
1466,Kaguya-sama: Love is War,3
1466,Tokyo Ghoul,2
1466,Mushishi,5
1466,Overlord,2
1466,My Hero Academia,3
1466,Fire Force,2
1466,Fruits Basket,3
1466,One Piece,2
1466,The Rising of the Shield Hero,2
1466,My Dress-Up Darling,4
1466,Erased,2
1467,Free! - Iwatobi Swim Club,4
1467,Yuri!!! on Ice,4
1467,Jojo's Bizarre Adventure,4
1467,That Time I Got Reincarnated as a Slime,3
1467,Haikyu!!,4
1467,Wind Breaker,5
1467,Skip and Loafer,2
1468,One Piece,2
1468,Gintama,4
1468,Banana Fish,4
1468,Log Horizon,1
1468,Attack on Titan,4
1468,Cowboy Bebop,5
1468,Steins;Gate,3
1468,Frieren: Beyond Journey's End,5
1468,Mushishi,4
1468,Your Lie in April,2
1468,One-Punch Man,2
1468,Hunter x Hunter,4
1468,Neon Genesis Evangelion,3
1468,Vinland Saga,4
1468,Jojo's Bizarre Adventure,2
1468,Made in Abyss,4
1468,Spy x Family,1
1468,Bocchi the Rock!,2
1468,Fullmetal Alchemist: Brotherhood,4
1468,Fruits Basket,1
1468,Haikyu!!,2
1468,Solo Leveling,2
1468,Death Note,3
1468,Nichijou - My Ordinary Life,1
1468,Mob Psycho 100,2
1469,Spy x Family,4
1469,Kaguya-sama: Love is War,3
1469,Dandadan,4
1469,Blue Lock,2
1469,Attack on Titan,2
1469,Clannad After Story,3
1469,Fruits Basket,4
1469,Psycho-Pass,3
1469,Your Lie in April,5
1469,Nichijou - My Ordinary Life,2
1469,Rascal Does Not Dream of Bunny Girl Senpai,4
1469,Naruto Shippuden,1
1470,Haikyu!!,5
1470,Blue Lock,4
1470,Ranking of Kings,3
1470,Wind Breaker,5
1470,Assassination Classroom,5
1470,My Dress-Up Darling,2
1470,Chainsaw Man,1
1470,Attack on Titan,3
1470,Tokyo Ghoul,3
1470,Hell's Paradise,3
1471,Haikyu!!,1
1471,Dandadan,5
1471,Horimiya,3
1471,My Dress-Up Darling,3
1471,Kaguya-sama: Love is War,4
1471,KONOSUBA -God's blessing on this wonderful world!,1
1471,Erased,3
1471,Clannad After Story,4
1471,Your Lie in April,4
1471,Naruto Shippuden,2
1471,Toradora!,4
1471,Black Clover,2
1471,Assassination Classroom,2
1471,Spy x Family,3
1471,One Piece,2
1471,Rascal Does Not Dream of Bunny Girl Senpai,4
1471,Mushishi,1
1471,Steins;Gate,1
1472,Re:ZERO -Starting Life in Another World-,4
1472,Solo Leveling,4
1472,The Rising of the Shield Hero,4
1472,That Time I Got Reincarnated as a Slime,4
1472,Mashle: Magic and Muscles,4
1472,KONOSUBA -God's blessing on this wonderful world!,4
1472,Mushoku Tensei: Jobless Reincarnation,4
1472,Sword Art Online,3
1472,Fullmetal Alchemist: Brotherhood,3
1472,One Piece,3
1472,Your Lie in April,2
1472,Death Note,3
1472,Haikyu!!,4
1472,Spy x Family,2
1472,Overlord,4
1472,Hunter x Hunter,3
1472,Log Horizon,3
1472,The Eminence in Shadow,4
1472,Kaiju No. 8,2
1472,Frieren: Beyond Journey's End,3
1472,Dandadan,2
1472,Wind Breaker,3
1472,Code Geass,2
1472,Nichijou - My Ordinary Life,3
1472,Odd Taxi,2
1473,Haikyu!!,5
1473,The Eminence in Shadow,3
1473,Wind Breaker,5
1473,The Apothecary Diaries,3
1473,Black Clover,3
1473,Sword Art Online,2
1473,Yuri!!! on Ice,5
1473,Free! - Iwatobi Swim Club,4
1473,Code Geass,3
1473,Blue Lock,4
1473,Kuroko's Basketball,3
1474,Psycho-Pass,4
1474,Spy x Family,4
1474,KONOSUBA -God's blessing on this wonderful world!,4
1474,Skip and Loafer,2
1474,Steins;Gate,5
1474,Nichijou - My Ordinary Life,5
1475,Mushishi,5
1475,Bocchi the Rock!,4
1475,Nichijou - My Ordinary Life,4
1475,Assassination Classroom,4
1475,Kuroko's Basketball,5
1475,Ranking of Kings,5
1475,Haikyu!!,5
1475,Spy x Family,5
1475,Frieren: Beyond Journey's End,4
1475,The Apothecary Diaries,5
1475,Free! - Iwatobi Swim Club,3
1475,Dr. Stone,4
1475,Blue Lock,4
1475,Dandadan,4
1475,Yuri!!! on Ice,5
1475,Skip and Loafer,5
1475,Laid-Back Camp,4
1475,Wind Breaker,5
1475,Chainsaw Man,2
1475,The Eminence in Shadow,2
1476,Hunter x Hunter,4
1476,Cowboy Bebop,3
1476,Haikyu!!,4
1476,Fullmetal Alchemist: Brotherhood,3
1476,Log Horizon,2
1476,Made in Abyss,4
1476,Banana Fish,4
1477,The Rising of the Shield Hero,4
1477,Spy x Family,3
1477,The Eminence in Shadow,5
1477,Mashle: Magic and Muscles,5
1477,That Time I Got Reincarnated as a Slime,4
1477,Laid-Back Camp,2
1477,Re:ZERO -Starting Life in Another World-,3
1477,Mushoku Tensei: Jobless Reincarnation,5
1477,Steins;Gate,3
1477,Sword Art Online,4
1477,My Hero Academia,2
1477,Solo Leveling,5
1477,Log Horizon,3
1477,Vinland Saga,3
1477,My Dress-Up Darling,3
1477,Gintama,2
1477,KONOSUBA -God's blessing on this wonderful world!,4
1477,Horimiya,3
1477,Overlord,4
1478,Spy x Family,5
1478,Hunter x Hunter,3
1478,Your Lie in April,5
1478,My Dress-Up Darling,5
1478,Dandadan,4
1478,Horimiya,4
1479,Hunter x Hunter,4
1479,Vinland Saga,4
1479,Attack on Titan,3
1479,Gintama,4
1479,Cowboy Bebop,4
1479,Frieren: Beyond Journey's End,4
1479,Made in Abyss,4
1479,Neon Genesis Evangelion,4
1479,Kaiju No. 8,1
1479,My Dress-Up Darling,2
1479,Steins;Gate,4
1479,Ranking of Kings,2
1479,Kaguya-sama: Love is War,2
1479,One-Punch Man,2
1479,Fullmetal Alchemist: Brotherhood,4
1479,Banana Fish,3
1479,Psycho-Pass,1
1479,Death Note,2
1479,Mushishi,3
1479,Bocchi the Rock!,2
1479,Jujutsu Kaisen,1
1479,Black Clover,1
1479,Code Geass,2
1479,Jojo's Bizarre Adventure,1
1479,The Rising of the Shield Hero,2
1480,Sword Art Online,4
1480,Solo Leveling,5
1480,Frieren: Beyond Journey's End,2
1480,Neon Genesis Evangelion,2
1480,That Time I Got Reincarnated as a Slime,5
1480,Mob Psycho 100,3
1480,The Rising of the Shield Hero,5
1480,Ranking of Kings,3
1480,KONOSUBA -God's blessing on this wonderful world!,5
1480,Mushoku Tensei: Jobless Reincarnation,5
1480,Gintama,4
1480,Overlord,4
1480,Re:ZERO -Starting Life in Another World-,5
1480,Chainsaw Man,3
1480,Vinland Saga,2
1480,Bocchi the Rock!,3
1480,The Eminence in Shadow,5
1480,Mashle: Magic and Muscles,5
1480,Yuri!!! on Ice,3
1480,The Apothecary Diaries,4
1480,Attack on Titan,4
1480,Rascal Does Not Dream of Bunny Girl Senpai,1
1480,Steins;Gate,3
1480,Wind Breaker,3
1480,Log Horizon,5
1481,Yuri!!! on Ice,3
1481,My Dress-Up Darling,5
1481,Kaguya-sama: Love is War,5
1481,Dandadan,4
1481,Your Lie in April,5
1481,Rascal Does Not Dream of Bunny Girl Senpai,5
1481,Clannad After Story,3
1481,Toradora!,4
1481,Horimiya,4
1481,Jojo's Bizarre Adventure,4
1481,Fruits Basket,5
1481,Attack on Titan,2
1481,Spy x Family,4
1481,Kuroko's Basketball,4
1481,Log Horizon,2
1481,Demon Slayer: Kimetsu no Yaiba,2
1481,Overlord,2
1481,Tokyo Ghoul,3
1481,Hunter x Hunter,3
1481,Jujutsu Kaisen,3
1481,Mashle: Magic and Muscles,5
1481,Naruto Shippuden,2
1481,Hell's Paradise,2
1481,Naruto,3
1482,Frieren: Beyond Journey's End,4
1482,Clannad After Story,4
1482,Kuroko's Basketball,2
1482,Ranking of Kings,2
1482,Spy x Family,3
1482,Fullmetal Alchemist: Brotherhood,5
1482,Toradora!,4
1482,Made in Abyss,5
1482,Banana Fish,4
1482,Vinland Saga,4
1482,Steins;Gate,4
1482,Dandadan,3
1482,Cowboy Bebop,5
1482,Black Clover,2
1482,Kaguya-sama: Love is War,4
1482,Mushishi,3
1482,Hunter x Hunter,3
1482,Fruits Basket,5
1482,Your Lie in April,5
1483,Dandadan,4
1483,Fruits Basket,5
1483,Spy x Family,4
1483,My Dress-Up Darling,4
1483,Ranking of Kings,2
1483,Chainsaw Man,3
1483,Your Lie in April,4
1483,Clannad After Story,4
1484,Death Note,5
1484,Laid-Back Camp,2
1484,Banana Fish,3
1484,Kaguya-sama: Love is War,2
1484,Jojo's Bizarre Adventure,2
1484,Attack on Titan,5
1484,The Apothecary Diaries,3
1484,Steins;Gate,5
1484,Erased,4
1484,Dr. Stone,2
1484,Horimiya,2
1484,Psycho-Pass,3
1485,One Piece,4
1485,Demon Slayer: Kimetsu no Yaiba,4
1485,Banana Fish,5
1485,Jujutsu Kaisen,4
1485,Solo Leveling,3
1485,Steins;Gate,5
1485,Attack on Titan,5
1485,Wind Breaker,4
1485,Fire Force,3
1485,Odd Taxi,3
1485,Dragon Ball Super,4
1485,Code Geass,3
1485,Bleach,4
1485,My Hero Academia,3
1485,Erased,5
1485,Chainsaw Man,5
1485,Dr. Stone,2
1486,Hunter x Hunter,5
1486,Fullmetal Alchemist: Brotherhood,5
1486,Jujutsu Kaisen,4
1486,Made in Abyss,5
1486,Cowboy Bebop,5
1486,Mushishi,5
1486,Banana Fish,5
1486,KONOSUBA -God's blessing on this wonderful world!,3
1486,Frieren: Beyond Journey's End,5
1486,Neon Genesis Evangelion,5
1486,Steins;Gate,5
1487,Psycho-Pass,2
1487,Neon Genesis Evangelion,1
1487,Hunter x Hunter,2
1487,Kaguya-sama: Love is War,3
1487,KONOSUBA -God's blessing on this wonderful world!,4
1487,That Time I Got Reincarnated as a Slime,4
1487,The Eminence in Shadow,4
1487,Re:ZERO -Starting Life in Another World-,4
1487,Clannad After Story,2
1487,Naruto,3
1487,Spy x Family,2
1487,Gintama,2
1487,Mushoku Tensei: Jobless Reincarnation,4
1487,Jujutsu Kaisen,2
1487,Nichijou - My Ordinary Life,2
1488,Free! - Iwatobi Swim Club,3
1488,Blue Lock,4
1488,Wind Breaker,4
1488,Assassination Classroom,4
1488,Haikyu!!,5
1488,Yuri!!! on Ice,4
1488,Log Horizon,1
1488,Banana Fish,2
1488,Kuroko's Basketball,4
1488,Kaiju No. 8,3
1488,Laid-Back Camp,3
1488,Erased,1
1488,The Promised Neverland,3
1488,KONOSUBA -God's blessing on this wonderful world!,2
1488,That Time I Got Reincarnated as a Slime,2
1488,Hunter x Hunter,3
1488,Demon Slayer: Kimetsu no Yaiba,1
1488,Dandadan,2
1488,Horimiya,3
1488,Frieren: Beyond Journey's End,3
1488,Dragon Ball Super,2
1488,Kaguya-sama: Love is War,3
1489,Frieren: Beyond Journey's End,5
1489,Mushishi,4
1489,Spy x Family,5
1489,Laid-Back Camp,4
1489,Kaguya-sama: Love is War,5
1489,Naruto Shippuden,3
1489,Mashle: Magic and Muscles,4
1489,Wind Breaker,3
1489,One-Punch Man,4
1489,Mob Psycho 100,4
1489,Overlord,2
1489,Dr. Stone,4
1490,Assassination Classroom,4
1490,The Rising of the Shield Hero,4
1490,My Hero Academia,3
1490,Yuri!!! on Ice,4
1490,KONOSUBA -God's blessing on this wonderful world!,5
1490,Re:ZERO -Starting Life in Another World-,4
1490,Log Horizon,3
1490,Haikyu!!,4
1490,Wind Breaker,3
1490,Banana Fish,3
1490,That Time I Got Reincarnated as a Slime,5
1490,Odd Taxi,3
1491,Kuroko's Basketball,4
1491,Fullmetal Alchemist: Brotherhood,2
1491,Mushishi,5
1491,Yuri!!! on Ice,4
1491,Bocchi the Rock!,3
1491,Erased,3
1491,Blue Lock,4
1491,Kaguya-sama: Love is War,3
1491,Wind Breaker,5
1491,Laid-Back Camp,5
1492,Code Geass,4
1492,Erased,5
1492,Chainsaw Man,3
1492,Odd Taxi,4
1492,One-Punch Man,2
1492,The Promised Neverland,5
1492,Attack on Titan,5
1493,Laid-Back Camp,4
1493,Bocchi the Rock!,4
1493,Mushishi,4
1493,Jujutsu Kaisen,3
1493,The Apothecary Diaries,4
1493,Spy x Family,4
1493,Nichijou - My Ordinary Life,4
1493,Odd Taxi,2
1493,Haikyu!!,4
1493,Dr. Stone,5
1493,Dragon Ball Super,3
1493,Death Note,2
1494,One Piece,5
1494,Solo Leveling,3
1494,Mushishi,4
1494,Banana Fish,3
1494,Hell's Paradise,4
1494,Demon Slayer: Kimetsu no Yaiba,5
1494,Black Clover,3
1494,Dragon Ball Super,3
1494,Made in Abyss,3
1494,Steins;Gate,4
1494,Dandadan,5
1494,Death Note,3
1494,Laid-Back Camp,3
1494,Jujutsu Kaisen,3
1494,Frieren: Beyond Journey's End,5
1494,Naruto Shippuden,4
1495,Rascal Does Not Dream of Bunny Girl Senpai,1
1495,Solo Leveling,5
1495,Fire Force,3
1495,Jujutsu Kaisen,3
1495,The Eminence in Shadow,4
1495,Jojo's Bizarre Adventure,3
1495,Black Clover,4
1495,Naruto Shippuden,3
1495,The Apothecary Diaries,2
1495,Dragon Ball Super,4
1496,Sword Art Online,4
1496,Nichijou - My Ordinary Life,2
1496,Mashle: Magic and Muscles,4
1496,The Eminence in Shadow,5
1496,KONOSUBA -God's blessing on this wonderful world!,4
1496,Re:ZERO -Starting Life in Another World-,4
1496,Death Note,2
1496,Blue Lock,1
1496,The Rising of the Shield Hero,4
1496,Solo Leveling,4
1497,Kuroko's Basketball,5
1497,Clannad After Story,3
1497,Rascal Does Not Dream of Bunny Girl Senpai,3
1497,Ranking of Kings,3
1497,Wind Breaker,4
1497,Blue Lock,5
1497,Free! - Iwatobi Swim Club,5
1497,That Time I Got Reincarnated as a Slime,3
1497,Mushoku Tensei: Jobless Reincarnation,3
1497,Haikyu!!,5
1497,Yuri!!! on Ice,5
1497,Mushishi,4
1497,The Rising of the Shield Hero,3
1497,Naruto,3
1497,The Promised Neverland,3
1497,Kaguya-sama: Love is War,2
1497,Attack on Titan,4
1497,Assassination Classroom,5
1497,Your Lie in April,4
1497,KONOSUBA -God's blessing on this wonderful world!,3
1497,Dragon Ball Super,3
1497,Banana Fish,3
1497,Skip and Loafer,3
1497,Demon Slayer: Kimetsu no Yaiba,4
1497,My Dress-Up Darling,4
1498,Haikyu!!,4
1498,Mashle: Magic and Muscles,3
1498,Spy x Family,5
1498,Laid-Back Camp,4
1498,Assassination Classroom,5
1498,KONOSUBA -God's blessing on this wonderful world!,5
1498,Skip and Loafer,4
1498,Nichijou - My Ordinary Life,3
1498,Dr. Stone,4
1498,Ranking of Kings,4
1498,Gintama,4
1498,Rascal Does Not Dream of Bunny Girl Senpai,1
1498,Yuri!!! on Ice,2
1498,Kaguya-sama: Love is War,4
1499,Jojo's Bizarre Adventure,2
1499,Vinland Saga,4
1499,Banana Fish,4
1499,Made in Abyss,5
1499,Neon Genesis Evangelion,3
1499,Hunter x Hunter,4
1499,Attack on Titan,4
1499,Frieren: Beyond Journey's End,5
1500,Odd Taxi,3
1500,Steins;Gate,5
1500,Attack on Titan,5
1500,Dandadan,3
1500,Bocchi the Rock!,4
1500,Assassination Classroom,4
1500,Mob Psycho 100,3
1500,Banana Fish,4
1500,Death Note,5
1500,Demon Slayer: Kimetsu no Yaiba,2
1500,KONOSUBA -God's blessing on this wonderful world!,3
1500,Spy x Family,4
1500,Kaiju No. 8,2
1500,Mashle: Magic and Muscles,5
1500,Psycho-Pass,4
1500,That Time I Got Reincarnated as a Slime,2
1500,Kaguya-sama: Love is War,5
1500,Blue Lock,2
1500,Nichijou - My Ordinary Life,4
1500,One-Punch Man,5
1500,Erased,5
1500,Made in Abyss,3
1500,Gintama,4
1501,Haikyu!!,5
1501,Yuri!!! on Ice,5
1501,Kuroko's Basketball,5
1501,My Hero Academia,4
1501,Blue Lock,4
1501,Assassination Classroom,5
1501,Wind Breaker,5
1501,Free! - Iwatobi Swim Club,5
1501,Death Note,2
1501,Psycho-Pass,3
1501,Laid-Back Camp,4
1501,Bocchi the Rock!,2
1501,Kaguya-sama: Love is War,3
1501,Odd Taxi,1
1501,Spy x Family,2
1501,Attack on Titan,3
1501,Demon Slayer: Kimetsu no Yaiba,4
1501,Fruits Basket,3
1501,Your Lie in April,3
1502,The Apothecary Diaries,5
1502,Wind Breaker,4
1502,Frieren: Beyond Journey's End,4
1502,Fire Force,5
1502,Kaiju No. 8,4
1502,Dragon Ball Super,4
1502,Jujutsu Kaisen,4
1502,The Rising of the Shield Hero,2
1502,My Hero Academia,4
1502,Solo Leveling,5
1502,Dr. Stone,5
1502,Ranking of Kings,5
1502,Mushishi,3
1502,Gintama,3
1502,Skip and Loafer,5
1502,Jojo's Bizarre Adventure,5
1502,Bocchi the Rock!,5
1502,Spy x Family,5
1502,Attack on Titan,3
1502,Black Clover,5
1502,Blue Lock,3
1502,One Piece,5
1502,Vinland Saga,3
1503,Cowboy Bebop,2
1503,Frieren: Beyond Journey's End,4
1503,Skip and Loafer,4
1503,Laid-Back Camp,4
1503,Kuroko's Basketball,3
1503,Haikyu!!,5
1503,Wind Breaker,4
1503,Assassination Classroom,4
1503,Jujutsu Kaisen,2
1503,Dr. Stone,4
1503,Horimiya,1
1503,Free! - Iwatobi Swim Club,5
1503,Dandadan,1
1503,Yuri!!! on Ice,3
1503,Spy x Family,3
1503,The Apothecary Diaries,4
1503,Ranking of Kings,4
1503,Odd Taxi,1
1503,Fruits Basket,1
1503,Blue Lock,2
1503,My Hero Academia,2
1504,KONOSUBA -God's blessing on this wonderful world!,4
1504,Gintama,5
1504,Solo Leveling,2
1504,Mashle: Magic and Muscles,4
1504,Assassination Classroom,4
1504,Nichijou - My Ordinary Life,5
1504,The Apothecary Diaries,3
1505,Your Lie in April,3
1505,Gintama,5
1505,Assassination Classroom,5
1505,Fullmetal Alchemist: Brotherhood,5
1505,Kuroko's Basketball,5
1505,Attack on Titan,5
1505,Frieren: Beyond Journey's End,5
1506,My Hero Academia,5
1506,Naruto,4
1506,Dandadan,5
1506,My Dress-Up Darling,3
1506,One Piece,5
1506,Jujutsu Kaisen,4
1506,Death Note,3
1506,Kaiju No. 8,5
1506,Hell's Paradise,3
1506,Fire Force,5
1506,Black Clover,5
1506,Wind Breaker,3
1507,Bocchi the Rock!,5
1507,Spy x Family,5
1507,Kaiju No. 8,1
1507,Frieren: Beyond Journey's End,4
1507,Your Lie in April,1
1507,The Apothecary Diaries,4
1507,Skip and Loafer,4
1507,Mushishi,3
1507,Log Horizon,2
1507,Steins;Gate,2
1507,Hell's Paradise,3
1507,Re:ZERO -Starting Life in Another World-,3
1507,Laid-Back Camp,4
1507,One-Punch Man,2
1507,Nichijou - My Ordinary Life,4
1507,Rascal Does Not Dream of Bunny Girl Senpai,3
1507,Ranking of Kings,3
1507,My Hero Academia,1
1507,Odd Taxi,1
1507,Overlord,2
1507,Jojo's Bizarre Adventure,2
1507,Haikyu!!,4
1507,Dr. Stone,4
1508,The Apothecary Diaries,4
1508,Ranking of Kings,5
1508,Code Geass,2
1508,Laid-Back Camp,5
1508,My Dress-Up Darling,1
1508,Nichijou - My Ordinary Life,4
1509,Jujutsu Kaisen,4
1509,My Hero Academia,4
1509,Fire Force,5
1509,Solo Leveling,4
1509,The Promised Neverland,2
1509,Horimiya,3
1509,One Piece,4
1509,Dragon Ball Super,3
1509,Naruto,4
1509,Clannad After Story,2
1509,Black Clover,4
1509,Mob Psycho 100,2
1509,Wind Breaker,4
1509,Dandadan,4
1509,Kaiju No. 8,5
1509,Chainsaw Man,4
1509,Jojo's Bizarre Adventure,4
1509,Cowboy Bebop,3
1509,Demon Slayer: Kimetsu no Yaiba,4
1509,Attack on Titan,5
1509,Hunter x Hunter,3
1509,Code Geass,3
1509,Naruto Shippuden,4
1510,Haikyu!!,4
1510,Yuri!!! on Ice,4
1510,Assassination Classroom,5
1510,Mushoku Tensei: Jobless Reincarnation,4
1510,Bocchi the Rock!,2
1510,Blue Lock,4
1510,Dr. Stone,2
1510,Odd Taxi,2
1510,Sword Art Online,3
1510,The Rising of the Shield Hero,4
1510,Log Horizon,5
1510,Mashle: Magic and Muscles,4
1510,Demon Slayer: Kimetsu no Yaiba,3
1510,That Time I Got Reincarnated as a Slime,4
1511,One Piece,5
1511,My Hero Academia,5
1511,Naruto Shippuden,5
1511,Bleach,4
1511,Fire Force,5
1511,Dandadan,5
1511,Dragon Ball Super,5
1511,The Rising of the Shield Hero,2
1511,Solo Leveling,5
1511,Kaiju No. 8,5
1512,Neon Genesis Evangelion,3
1512,Cowboy Bebop,3
1512,Hunter x Hunter,3
1512,That Time I Got Reincarnated as a Slime,4
1512,Made in Abyss,4
1512,Attack on Titan,4
1512,Solo Leveling,4
1512,KONOSUBA -God's blessing on this wonderful world!,4
1512,Mashle: Magic and Muscles,5
1512,The Eminence in Shadow,2
1512,Banana Fish,4
1512,Haikyu!!,1
1512,Mushishi,3
1512,Overlord,3
1512,Jujutsu Kaisen,3
1512,Vinland Saga,4
1513,Yuri!!! on Ice,5
1513,Haikyu!!,4
1513,Wind Breaker,4
1513,Frieren: Beyond Journey's End,2
1513,Assassination Classroom,4
1513,Dr. Stone,3
1513,Vinland Saga,3
1513,Kuroko's Basketball,5
1513,Blue Lock,4
1513,Demon Slayer: Kimetsu no Yaiba,3
1513,Black Clover,3
1513,Kaguya-sama: Love is War,3
1513,Laid-Back Camp,3
1513,Spy x Family,4
1513,Fullmetal Alchemist: Brotherhood,3
1513,Neon Genesis Evangelion,3
1513,Mushoku Tensei: Jobless Reincarnation,3
1513,Hunter x Hunter,2
1513,Free! - Iwatobi Swim Club,5
1513,Erased,2
1513,Ranking of Kings,2
1513,Odd Taxi,3
1513,Death Note,2
1513,Code Geass,2
1514,Spy x Family,5
1514,Bocchi the Rock!,4
1514,KONOSUBA -God's blessing on this wonderful world!,4
1514,Log Horizon,1
1514,Kaguya-sama: Love is War,4
1514,One-Punch Man,4
1514,Nichijou - My Ordinary Life,3
1514,Assassination Classroom,4
1514,Gintama,3
1514,Laid-Back Camp,2
1514,Mob Psycho 100,4
1514,My Dress-Up Darling,2
1514,That Time I Got Reincarnated as a Slime,2
1514,Psycho-Pass,1
1515,Black Clover,2
1515,Mushoku Tensei: Jobless Reincarnation,4
1515,Solo Leveling,4
1515,Jojo's Bizarre Adventure,2
1515,Sword Art Online,3
1515,Re:ZERO -Starting Life in Another World-,4
1515,Fullmetal Alchemist: Brotherhood,3
1515,Overlord,4
1515,That Time I Got Reincarnated as a Slime,4
1515,KONOSUBA -God's blessing on this wonderful world!,4
1515,The Eminence in Shadow,4
1515,Mashle: Magic and Muscles,4
1515,The Rising of the Shield Hero,4
1515,Yuri!!! on Ice,4
1515,Hell's Paradise,2
1515,Erased,2
1515,Jujutsu Kaisen,2
1515,Code Geass,2
1515,Dandadan,2
1515,Death Note,2
1515,One Piece,2
1515,Nichijou - My Ordinary Life,3
1515,Log Horizon,4
1515,Gintama,3
1516,Assassination Classroom,4
1516,Rascal Does Not Dream of Bunny Girl Senpai,4
1516,Toradora!,3
1516,Mob Psycho 100,4
1516,Spy x Family,5
1516,Gintama,4
1516,Mashle: Magic and Muscles,3
1516,Dandadan,4
1516,My Dress-Up Darling,4
1516,Tokyo Ghoul,1
1516,Clannad After Story,4
1516,Nichijou - My Ordinary Life,4
1516,Bocchi the Rock!,5
1516,One-Punch Man,3
1516,Horimiya,4
1517,Gintama,1
1517,The Apothecary Diaries,4
1517,Attack on Titan,5
1517,Clannad After Story,3
1517,Banana Fish,4
1517,Code Geass,4
1517,Erased,3
1517,Death Note,4
1517,Your Lie in April,1
1517,Odd Taxi,4
1517,Steins;Gate,4
1517,Assassination Classroom,2
1518,Steins;Gate,4
1518,Spy x Family,2
1518,Mushishi,4
1518,Attack on Titan,4
1518,Fullmetal Alchemist: Brotherhood,4
1518,Made in Abyss,4
1519,Haikyu!!,4
1519,Wind Breaker,5
1519,Blue Lock,4
1519,Free! - Iwatobi Swim Club,5
1519,Ranking of Kings,3
1519,Kuroko's Basketball,4
1519,Spy x Family,3
1519,Yuri!!! on Ice,3
1519,Hell's Paradise,2
1519,Banana Fish,2
1519,Dragon Ball Super,2
1519,Frieren: Beyond Journey's End,3
1519,Neon Genesis Evangelion,1
1520,Toradora!,5
1520,Kaiju No. 8,5
1520,Blue Lock,4
1520,Dragon Ball Super,4
1520,Yuri!!! on Ice,2
1520,Jujutsu Kaisen,4
1520,Fruits Basket,5
1520,Wind Breaker,4
1520,Clannad After Story,5
1520,Solo Leveling,5
1520,Dandadan,5
1520,Demon Slayer: Kimetsu no Yaiba,4
1520,Spy x Family,5
1520,Kaguya-sama: Love is War,5
1520,Hell's Paradise,4
1520,Your Lie in April,4
1520,Chainsaw Man,4
1520,My Hero Academia,5
1520,Laid-Back Camp,2
1520,One Piece,5
1520,Black Clover,5
1520,Fire Force,5
1521,Sword Art Online,5
1521,Mushoku Tensei: Jobless Reincarnation,5
1521,The Eminence in Shadow,4
1521,One-Punch Man,2
1521,Wind Breaker,2
1521,One Piece,2
1521,Frieren: Beyond Journey's End,2
1521,Code Geass,3
1521,Re:ZERO -Starting Life in Another World-,4
1521,Mashle: Magic and Muscles,3
1521,That Time I Got Reincarnated as a Slime,4
1521,The Rising of the Shield Hero,4
1522,Nichijou - My Ordinary Life,5
1522,Kaguya-sama: Love is War,5
1522,Your Lie in April,2
1522,Mob Psycho 100,5
1522,Gintama,5
1522,Spy x Family,5
1523,Demon Slayer: Kimetsu no Yaiba,4
1523,Solo Leveling,3
1523,Wind Breaker,4
1523,One Piece,4
1523,Jujutsu Kaisen,5
1523,Frieren: Beyond Journey's End,3
1523,Dragon Ball Super,4
1523,Toradora!,2
1523,Hell's Paradise,5
1523,Dandadan,3
1523,Kaiju No. 8,4
1523,Naruto,3
1523,Fire Force,2
1523,That Time I Got Reincarnated as a Slime,2
1524,Odd Taxi,3
1524,Haikyu!!,3
1524,One-Punch Man,4
1524,Kuroko's Basketball,5
1524,Mob Psycho 100,4
1524,Spy x Family,5
1524,Wind Breaker,5
1524,Nichijou - My Ordinary Life,4
1524,Blue Lock,5
1524,Kaguya-sama: Love is War,5
1524,Assassination Classroom,5
1524,Bocchi the Rock!,5
1524,Gintama,5
1524,The Apothecary Diaries,2
1524,Free! - Iwatobi Swim Club,5
1524,Mashle: Magic and Muscles,5
1524,Yuri!!! on Ice,5
1524,KONOSUBA -God's blessing on this wonderful world!,4
1524,Sword Art Online,1
1524,That Time I Got Reincarnated as a Slime,3
1524,Clannad After Story,2
1524,Erased,3
1525,Your Lie in April,4
1525,Horimiya,4
1525,Spy x Family,5
1525,Kaguya-sama: Love is War,4
1525,Rascal Does Not Dream of Bunny Girl Senpai,4
1525,Mushoku Tensei: Jobless Reincarnation,2
1525,Clannad After Story,4
1525,Dandadan,4
1526,Your Lie in April,5
1526,My Dress-Up Darling,4
1526,Toradora!,5
1526,The Eminence in Shadow,3
1526,Dandadan,4
1526,Mashle: Magic and Muscles,5
1526,Bocchi the Rock!,3
1526,Log Horizon,4
1526,Re:ZERO -Starting Life in Another World-,5
1526,Overlord,4
1526,KONOSUBA -God's blessing on this wonderful world!,5
1526,Fruits Basket,5
1526,Horimiya,4
1526,Rascal Does Not Dream of Bunny Girl Senpai,5
1526,Blue Lock,3
1526,Nichijou - My Ordinary Life,2
1526,Kaguya-sama: Love is War,5
1526,That Time I Got Reincarnated as a Slime,4
1526,Clannad After Story,4
1526,The Rising of the Shield Hero,4
1526,Haikyu!!,2
1526,Steins;Gate,3
1526,Mushoku Tensei: Jobless Reincarnation,4
1527,Nichijou - My Ordinary Life,5
1527,Spy x Family,5
1527,Frieren: Beyond Journey's End,5
1527,Laid-Back Camp,4
1527,Bocchi the Rock!,3
1527,Haikyu!!,4
1527,Ranking of Kings,4
1527,The Apothecary Diaries,4
1527,Dr. Stone,4
1528,Log Horizon,3
1528,Re:ZERO -Starting Life in Another World-,4
1528,Bocchi the Rock!,4
1528,That Time I Got Reincarnated as a Slime,4
1528,Dr. Stone,4
1528,Spy x Family,4
1528,KONOSUBA -God's blessing on this wonderful world!,5
1529,Jujutsu Kaisen,2
1529,Log Horizon,4
1529,The Rising of the Shield Hero,4
1529,Hell's Paradise,3
1529,Black Clover,5
1529,Wind Breaker,4
1529,Clannad After Story,2
1529,Overlord,4
1529,The Eminence in Shadow,4
1529,Dragon Ball Super,2
1529,Jojo's Bizarre Adventure,4
1529,One Piece,4
1529,Dandadan,4
1529,Horimiya,2
1529,Solo Leveling,4
1529,Naruto,3
1529,Demon Slayer: Kimetsu no Yaiba,4
1529,Hunter x Hunter,2
1529,That Time I Got Reincarnated as a Slime,4
1529,Re:ZERO -Starting Life in Another World-,3
1529,Mushoku Tensei: Jobless Reincarnation,3
1529,Naruto Shippuden,3
1530,Dandadan,2
1530,Rascal Does Not Dream of Bunny Girl Senpai,3
1530,Cowboy Bebop,1
1530,Tokyo Ghoul,4
1530,Assassination Classroom,5
1530,Free! - Iwatobi Swim Club,5
1530,Skip and Loafer,5
1530,Yuri!!! on Ice,4
1530,Haikyu!!,5
1530,Bocchi the Rock!,5
1530,The Apothecary Diaries,5
1530,Laid-Back Camp,4
1530,Attack on Titan,2
1530,Dragon Ball Super,2
1530,Frieren: Beyond Journey's End,5
1530,Wind Breaker,4
1530,Blue Lock,4
1530,Spy x Family,5
1530,Naruto Shippuden,2
1530,Mushishi,4
1531,Frieren: Beyond Journey's End,5
1531,Free! - Iwatobi Swim Club,2
1531,Overlord,4
1531,Skip and Loafer,5
1531,Solo Leveling,5
1531,That Time I Got Reincarnated as a Slime,5
1531,Neon Genesis Evangelion,2
1531,Ranking of Kings,4
1531,KONOSUBA -God's blessing on this wonderful world!,5
1532,Laid-Back Camp,4
1532,Toradora!,4
1532,Re:ZERO -Starting Life in Another World-,5
1532,Fruits Basket,4
1532,Dandadan,5
1532,Sword Art Online,4
1532,Clannad After Story,4
1532,Dragon Ball Super,3
1532,Log Horizon,4
1532,Mashle: Magic and Muscles,5
1533,KONOSUBA -God's blessing on this wonderful world!,4
1533,Assassination Classroom,5
1533,Fullmetal Alchemist: Brotherhood,4
1533,Kaguya-sama: Love is War,5
1533,Bocchi the Rock!,3
1533,Cowboy Bebop,4
1533,Hunter x Hunter,5
1533,Nichijou - My Ordinary Life,4
1533,Neon Genesis Evangelion,4
1533,Mushishi,4
1533,Mashle: Magic and Muscles,4
1533,Jujutsu Kaisen,2
1533,Made in Abyss,4
1533,Skip and Loafer,2
1533,Haikyu!!,3
1534,The Rising of the Shield Hero,3
1534,Bocchi the Rock!,5
1534,Gintama,4
1534,Mob Psycho 100,5
1534,Assassination Classroom,4
1534,Kaguya-sama: Love is War,5
1534,Spy x Family,5
1534,One-Punch Man,5
1534,Tokyo Ghoul,2
1534,Mashle: Magic and Muscles,5
1534,Chainsaw Man,2
1534,KONOSUBA -God's blessing on this wonderful world!,5
1534,Black Clover,3
1534,Made in Abyss,2
1534,Yuri!!! on Ice,2
1534,Blue Lock,2
1534,My Hero Academia,2
1534,One Piece,2
1534,The Promised Neverland,2
1534,Fullmetal Alchemist: Brotherhood,3
1534,Fruits Basket,2
1534,Haikyu!!,3
1534,Demon Slayer: Kimetsu no Yaiba,2
1535,Mashle: Magic and Muscles,5
1535,Bocchi the Rock!,5
1535,KONOSUBA -God's blessing on this wonderful world!,5
1535,Jujutsu Kaisen,3
1535,Spy x Family,5
1535,Black Clover,2
1535,Nichijou - My Ordinary Life,5
1535,Log Horizon,3
1535,Assassination Classroom,5
1535,Kaguya-sama: Love is War,5
1535,Mob Psycho 100,5
1535,One-Punch Man,3
1535,Laid-Back Camp,3
1535,Gintama,5
1535,Vinland Saga,4
1536,Attack on Titan,3
1536,Gintama,3
1536,Made in Abyss,4
1536,Steins;Gate,4
1536,Assassination Classroom,2
1536,Cowboy Bebop,3
1536,Frieren: Beyond Journey's End,4
1536,One-Punch Man,3
1536,Fullmetal Alchemist: Brotherhood,3
1536,Bocchi the Rock!,3
1537,KONOSUBA -God's blessing on this wonderful world!,5
1537,Chainsaw Man,3
1537,Dr. Stone,4
1537,One-Punch Man,5
1537,Blue Lock,4
1537,Haikyu!!,5
1537,Free! - Iwatobi Swim Club,4
1537,Mob Psycho 100,4
1537,Erased,2
1537,Nichijou - My Ordinary Life,4
1537,Bocchi the Rock!,5
1537,Yuri!!! on Ice,4
1537,Mashle: Magic and Muscles,4
1537,Gintama,4
1537,Kaguya-sama: Love is War,5
1537,Wind Breaker,5
1537,Spy x Family,5
1537,Dragon Ball Super,2
1538,Your Lie in April,5
1538,Fruits Basket,4
1538,Kaguya-sama: Love is War,4
1538,Clannad After Story,5
1538,Kaiju No. 8,2
1538,Dr. Stone,3
1538,Horimiya,4
1538,Bocchi the Rock!,2
1538,Neon Genesis Evangelion,2
1538,Spy x Family,5
1539,Laid-Back Camp,2
1539,Kaguya-sama: Love is War,3
1539,Jojo's Bizarre Adventure,4
1539,Naruto,4
1539,Chainsaw Man,4
1539,Demon Slayer: Kimetsu no Yaiba,4
1539,Jujutsu Kaisen,5
1539,Naruto Shippuden,4
1539,Assassination Classroom,1
1539,Wind Breaker,4
1539,Bleach,5
1539,Black Clover,5
1539,Steins;Gate,2
1539,My Hero Academia,5
1539,Spy x Family,3
1539,Dandadan,5
1539,Hell's Paradise,4
1539,Erased,2
1539,Code Geass,2
1540,Fire Force,5
1540,Naruto,4
1540,Solo Leveling,4
1540,My Hero Academia,5
1540,Black Clover,5
1540,Re:ZERO -Starting Life in Another World-,3
1540,Skip and Loafer,3
1540,Dragon Ball Super,5
1540,Wind Breaker,3
1540,Dandadan,4
1540,Jojo's Bizarre Adventure,4
1540,Jujutsu Kaisen,5
1540,Chainsaw Man,4
1540,Naruto Shippuden,5
1540,Haikyu!!,3
1541,Mushishi,4
1541,Nichijou - My Ordinary Life,4
1541,Skip and Loafer,4
1541,Assassination Classroom,2
1541,Haikyu!!,4
1541,Ranking of Kings,5
1541,Dr. Stone,5
1541,The Apothecary Diaries,5
1541,Spy x Family,5
1541,Attack on Titan,3
1541,Wind Breaker,1
1541,Laid-Back Camp,4
1541,Dandadan,3
1541,Chainsaw Man,2
1541,Bocchi the Rock!,5
1541,Frieren: Beyond Journey's End,5
1541,The Eminence in Shadow,2
1541,Re:ZERO -Starting Life in Another World-,3
1541,Horimiya,3
1541,Vinland Saga,3
1541,Fire Force,2
1541,KONOSUBA -God's blessing on this wonderful world!,2
1541,Overlord,2
1542,Hunter x Hunter,2
1542,Kaguya-sama: Love is War,5
1542,Bocchi the Rock!,4
1542,Spy x Family,5
1542,KONOSUBA -God's blessing on this wonderful world!,3
1542,Nichijou - My Ordinary Life,4
1543,Frieren: Beyond Journey's End,3
1543,Bocchi the Rock!,5
1543,Assassination Classroom,5
1543,Mashle: Magic and Muscles,5
1543,Sword Art Online,2
1543,Spy x Family,5
1543,Gintama,3
1543,KONOSUBA -God's blessing on this wonderful world!,4
1543,One-Punch Man,4
1544,Fruits Basket,3
1544,Free! - Iwatobi Swim Club,5
1544,Made in Abyss,3
1544,Haikyu!!,5
1544,Laid-Back Camp,2
1544,Blue Lock,3
1544,Bocchi the Rock!,2
1544,Mushoku Tensei: Jobless Reincarnation,2
1544,That Time I Got Reincarnated as a Slime,2
1544,Black Clover,2
1544,The Rising of the Shield Hero,2
1544,Dandadan,3
1544,Wind Breaker,4
1544,Assassination Classroom,4
1544,Yuri!!! on Ice,4
1544,Log Horizon,2
1544,The Promised Neverland,2
1544,Toradora!,1
1544,Banana Fish,1
1544,Demon Slayer: Kimetsu no Yaiba,3
1544,Fullmetal Alchemist: Brotherhood,2
1545,Demon Slayer: Kimetsu no Yaiba,4
1545,Kuroko's Basketball,2
1545,Wind Breaker,5
1545,Naruto,4
1545,The Eminence in Shadow,4
1545,Bocchi the Rock!,3
1545,Jojo's Bizarre Adventure,4
1545,Naruto Shippuden,5
1545,Chainsaw Man,4
1545,Sword Art Online,3
1545,Re:ZERO -Starting Life in Another World-,3
1545,Kaiju No. 8,4
1545,Steins;Gate,2
1545,Attack on Titan,3
1545,That Time I Got Reincarnated as a Slime,3
1545,My Hero Academia,4
1545,The Rising of the Shield Hero,4
1545,Nichijou - My Ordinary Life,2
1545,Bleach,4
1545,Log Horizon,4
1545,Black Clover,5
1545,Made in Abyss,3
1545,Solo Leveling,5
1546,My Hero Academia,5
1546,One Piece,5
1546,Code Geass,4
1546,Steins;Gate,5
1546,Kaiju No. 8,5
1546,Demon Slayer: Kimetsu no Yaiba,5
1546,The Apothecary Diaries,5
1546,Jujutsu Kaisen,5
1546,Odd Taxi,4
1546,My Dress-Up Darling,2
1546,Jojo's Bizarre Adventure,4
1546,Death Note,5
1546,Banana Fish,5
1546,The Rising of the Shield Hero,3
1546,Attack on Titan,5
1546,Chainsaw Man,4
1546,Bleach,5
1546,Dragon Ball Super,4
1546,Psycho-Pass,4
1546,The Promised Neverland,5
1546,Erased,4
1546,Naruto Shippuden,4
1546,Hell's Paradise,5
1547,Attack on Titan,5
1547,Mushishi,3
1547,Made in Abyss,5
1547,Neon Genesis Evangelion,4
1547,Assassination Classroom,2
1547,Gintama,5
1547,Hunter x Hunter,4
1547,Steins;Gate,4
1547,Frieren: Beyond Journey's End,4
1547,Fullmetal Alchemist: Brotherhood,4
1547,Vinland Saga,4
1547,Cowboy Bebop,4
1547,Rascal Does Not Dream of Bunny Girl Senpai,2
1547,Toradora!,2
1547,Solo Leveling,2
1547,The Apothecary Diaries,4
1548,Nichijou - My Ordinary Life,4
1548,Neon Genesis Evangelion,3
1548,Re:ZERO -Starting Life in Another World-,4
1548,Code Geass,2
1548,Fire Force,2
1548,Solo Leveling,5
1548,Fruits Basket,3
1548,KONOSUBA -God's blessing on this wonderful world!,4
1549,The Eminence in Shadow,2
1549,Jujutsu Kaisen,5
1549,Solo Leveling,5
1549,Dandadan,5
1549,Kaiju No. 8,4
1549,Dragon Ball Super,5
1549,One Piece,5
1549,Demon Slayer: Kimetsu no Yaiba,5
1549,Chainsaw Man,5
1549,Jojo's Bizarre Adventure,5
1549,Cowboy Bebop,3
1549,Naruto Shippuden,4
1549,Spy x Family,3
1549,My Hero Academia,5
1549,Wind Breaker,5
1549,Hell's Paradise,3
1549,Steins;Gate,3
1550,Gintama,3
1550,Mushishi,3
1550,Dr. Stone,3
1550,Free! - Iwatobi Swim Club,4
1550,Haikyu!!,4
1550,Fullmetal Alchemist: Brotherhood,4
1550,Frieren: Beyond Journey's End,5
1551,Hell's Paradise,1
1551,Banana Fish,5
1551,Hunter x Hunter,5
1551,Spy x Family,3
1551,Rascal Does Not Dream of Bunny Girl Senpai,2
1551,Assassination Classroom,4
1551,Fullmetal Alchemist: Brotherhood,4
1551,Bocchi the Rock!,2
1551,Attack on Titan,4
1551,Kaguya-sama: Love is War,3
1551,Made in Abyss,5
1551,Frieren: Beyond Journey's End,5
1551,Mushishi,5
1551,Steins;Gate,4
1551,Gintama,3
1551,Vinland Saga,4
1551,Kuroko's Basketball,3
1551,Cowboy Bebop,5
1551,Chainsaw Man,2
1551,Fire Force,2
1551,Neon Genesis Evangelion,5
1551,My Dress-Up Darling,2
1551,Code Geass,1
1551,Re:ZERO -Starting Life in Another World-,2
1551,Solo Leveling,3
1552,Mashle: Magic and Muscles,4
1552,Overlord,4
1552,The Rising of the Shield Hero,5
1552,That Time I Got Reincarnated as a Slime,5
1552,Psycho-Pass,2
1552,Chainsaw Man,3
1552,Mushishi,4
1552,Naruto,4
1552,KONOSUBA -God's blessing on this wonderful world!,5
1552,The Eminence in Shadow,5
1552,Fullmetal Alchemist: Brotherhood,4
1552,Kaiju No. 8,3
1552,Solo Leveling,5
1552,Assassination Classroom,3
1552,Fire Force,2
1552,Jujutsu Kaisen,4
1552,Re:ZERO -Starting Life in Another World-,5
1553,One Piece,3
1553,Solo Leveling,4
1553,Jojo's Bizarre Adventure,4
1553,Vinland Saga,2
1553,Mushishi,2
1553,The Rising of the Shield Hero,2
1553,My Hero Academia,5
1553,Demon Slayer: Kimetsu no Yaiba,4
1553,Kaiju No. 8,3
1553,Naruto Shippuden,4
1553,Fullmetal Alchemist: Brotherhood,2
1553,Jujutsu Kaisen,5
1553,Wind Breaker,4
1553,Black Clover,4
1554,Death Note,3
1554,Attack on Titan,4
1554,Code Geass,5
1554,Mushishi,1
1554,Steins;Gate,4
1554,Erased,5
1555,Hunter x Hunter,5
1555,Haikyu!!,5
1555,Frieren: Beyond Journey's End,5
1555,Gintama,4
1555,Nichijou - My Ordinary Life,5
1555,Banana Fish,4
1555,Ranking of Kings,4
1555,Attack on Titan,4
1556,Banana Fish,3
1556,Erased,4
1556,Psycho-Pass,3
1556,One Piece,1
1556,Vinland Saga,1
1556,Made in Abyss,2
1556,Mob Psycho 100,2
1556,Attack on Titan,4
1556,Death Note,5
1556,Code Geass,4
1556,Steins;Gate,4
1556,The Apothecary Diaries,5
1556,Odd Taxi,4
1556,Toradora!,1
1556,The Promised Neverland,4
1556,Mashle: Magic and Muscles,3
1556,That Time I Got Reincarnated as a Slime,3
1556,Wind Breaker,2
1556,My Hero Academia,2
1556,Fullmetal Alchemist: Brotherhood,2
1556,Haikyu!!,3
1556,Tokyo Ghoul,1
1556,Jujutsu Kaisen,3
1556,Spy x Family,2
1556,The Eminence in Shadow,1
1557,Kaguya-sama: Love is War,5
1557,Horimiya,3
1557,Fruits Basket,4
1557,Death Note,4
1557,The Promised Neverland,4
1557,My Dress-Up Darling,3
1557,Odd Taxi,3
1557,Clannad After Story,4
1557,Spy x Family,5
1557,The Apothecary Diaries,4
1557,Dandadan,3
1557,Attack on Titan,4
1557,Steins;Gate,5
1557,Erased,4
1557,Psycho-Pass,4
1557,Naruto,2
1557,Code Geass,3
1557,Laid-Back Camp,2
1557,Fullmetal Alchemist: Brotherhood,2
1558,My Hero Academia,2
1558,Banana Fish,4
1558,Assassination Classroom,4
1558,Steins;Gate,3
1558,The Apothecary Diaries,4
1558,Code Geass,4
1558,Gintama,4
1559,The Rising of the Shield Hero,4
1559,Overlord,5
1559,Re:ZERO -Starting Life in Another World-,5
1559,The Eminence in Shadow,3
1559,Assassination Classroom,3
1559,KONOSUBA -God's blessing on this wonderful world!,5
1559,The Promised Neverland,2
1559,Dragon Ball Super,3
1559,Mashle: Magic and Muscles,5
1559,Mushoku Tensei: Jobless Reincarnation,4
1559,Solo Leveling,3
1559,Psycho-Pass,2
1559,Haikyu!!,2
1559,Log Horizon,4
1559,Laid-Back Camp,2
1559,Tokyo Ghoul,2
1559,Kuroko's Basketball,2
1559,Chainsaw Man,2
1559,That Time I Got Reincarnated as a Slime,4
1559,Kaiju No. 8,1
1559,One Piece,3
1560,Dandadan,4
1560,Mashle: Magic and Muscles,5
1560,Fruits Basket,3
1560,Spy x Family,5
1560,Bocchi the Rock!,4
1560,Kaiju No. 8,4
1560,Demon Slayer: Kimetsu no Yaiba,5
1560,Kaguya-sama: Love is War,5
1560,Dragon Ball Super,4
1560,Black Clover,5
1560,Your Lie in April,2
1560,One-Punch Man,5
1560,Jojo's Bizarre Adventure,4
1560,Jujutsu Kaisen,4
1560,Erased,2
1561,Death Note,4
1561,Psycho-Pass,4
1561,The Apothecary Diaries,4
1561,KONOSUBA -God's blessing on this wonderful world!,2
1561,Kuroko's Basketball,3
1561,Steins;Gate,4
1561,Bocchi the Rock!,2
1561,Toradora!,1
1561,Solo Leveling,2
1561,Haikyu!!,2
1561,Odd Taxi,5
1561,Code Geass,4
1561,Attack on Titan,5
1561,Banana Fish,4
1561,Erased,4
1561,The Promised Neverland,3
1561,Naruto Shippuden,2
1561,That Time I Got Reincarnated as a Slime,1
1561,Skip and Loafer,1
1561,Re:ZERO -Starting Life in Another World-,2
1561,Mob Psycho 100,1
1561,Frieren: Beyond Journey's End,1
1561,Overlord,2
1562,Naruto,5
1562,Black Clover,5
1562,Made in Abyss,3
1562,Vinland Saga,3
1562,My Hero Academia,4
1562,Erased,3
1562,Re:ZERO -Starting Life in Another World-,3
1562,Chainsaw Man,4
1562,Fire Force,5
1562,Wind Breaker,4
1562,Demon Slayer: Kimetsu no Yaiba,5
1562,Dandadan,5
1562,Hell's Paradise,3
1563,Mushoku Tensei: Jobless Reincarnation,5
1563,That Time I Got Reincarnated as a Slime,4
1563,Wind Breaker,3
1563,The Eminence in Shadow,3
1563,Free! - Iwatobi Swim Club,2
1563,Solo Leveling,4
1563,Laid-Back Camp,4
1563,Attack on Titan,2
1563,One Piece,2
1563,Kuroko's Basketball,2
1564,Banana Fish,4
1564,Solo Leveling,2
1564,Horimiya,4
1564,Rascal Does Not Dream of Bunny Girl Senpai,4
1564,My Dress-Up Darling,5
1564,Erased,4
1564,Death Note,4
1564,Spy x Family,4
1564,Attack on Titan,4
1564,The Apothecary Diaries,4
1564,Assassination Classroom,3
1564,Toradora!,4
1564,Steins;Gate,5
1564,Kaguya-sama: Love is War,5
1564,The Rising of the Shield Hero,2
1564,KONOSUBA -God's blessing on this wonderful world!,3
1564,Fruits Basket,5
1564,Your Lie in April,5
1564,Code Geass,4
1564,Odd Taxi,5
1564,The Promised Neverland,4
1565,Nichijou - My Ordinary Life,4
1565,Rascal Does Not Dream of Bunny Girl Senpai,2
1565,Mushishi,4
1565,Dr. Stone,4
1565,Bocchi the Rock!,4
1565,Haikyu!!,5
1565,Spy x Family,5
1565,The Apothecary Diaries,5
1565,Laid-Back Camp,5
1565,Frieren: Beyond Journey's End,3
1565,Your Lie in April,2
1565,Kaguya-sama: Love is War,2
1565,Wind Breaker,3
1565,Ranking of Kings,3
1565,That Time I Got Reincarnated as a Slime,2
1565,Skip and Loafer,3
1565,Banana Fish,3
1565,Yuri!!! on Ice,3
1565,Fruits Basket,2
1565,Fullmetal Alchemist: Brotherhood,2
1565,Hunter x Hunter,3
1566,Kaguya-sama: Love is War,5
1566,Nichijou - My Ordinary Life,4
1566,Death Note,3
1566,Cowboy Bebop,3
1566,Spy x Family,5
1566,Gintama,4
1566,Chainsaw Man,3
1566,The Apothecary Diaries,4
1566,One-Punch Man,3
1566,Mashle: Magic and Muscles,5
1566,Mob Psycho 100,5
1566,Assassination Classroom,5
1566,Bocchi the Rock!,4
1566,KONOSUBA -God's blessing on this wonderful world!,5
1566,Laid-Back Camp,2
1567,Jujutsu Kaisen,5
1567,Naruto,5
1567,Fire Force,5
1567,Solo Leveling,4
1567,Demon Slayer: Kimetsu no Yaiba,5
1567,Dandadan,4
1567,Fruits Basket,4
1567,That Time I Got Reincarnated as a Slime,2
1567,Kaiju No. 8,4
1567,Jojo's Bizarre Adventure,5
1567,Chainsaw Man,5
1568,Odd Taxi,4
1568,Banana Fish,4
1568,Attack on Titan,4
1568,Code Geass,5
1568,Naruto Shippuden,3
1568,Death Note,4
1568,Erased,5
1569,Mashle: Magic and Muscles,5
1569,That Time I Got Reincarnated as a Slime,4
1569,Re:ZERO -Starting Life in Another World-,4
1569,The Rising of the Shield Hero,4
1569,KONOSUBA -God's blessing on this wonderful world!,5
1569,Wind Breaker,4
1569,The Eminence in Shadow,5
1569,Solo Leveling,4
1569,Chainsaw Man,2
1569,Gintama,3
1569,Mushoku Tensei: Jobless Reincarnation,4
1569,Log Horizon,2
1569,Kaguya-sama: Love is War,3
1570,Wind Breaker,4
1570,Blue Lock,4
1570,Haikyu!!,4
1570,Overlord,2
1570,Yuri!!! on Ice,4
1570,KONOSUBA -God's blessing on this wonderful world!,2
1570,The Eminence in Shadow,2
1570,Assassination Classroom,4
1570,Free! - Iwatobi Swim Club,5
1570,Kuroko's Basketball,4
1570,Kaiju No. 8,3
1570,Mushoku Tensei: Jobless Reincarnation,1
1570,The Apothecary Diaries,2
1570,Your Lie in April,3
1570,Fullmetal Alchemist: Brotherhood,2
1570,Odd Taxi,2
1570,Jojo's Bizarre Adventure,2
1570,Dandadan,3
1570,Ranking of Kings,3
1570,Naruto,2
1570,Black Clover,2
1570,Skip and Loafer,2
1570,That Time I Got Reincarnated as a Slime,2
1570,Banana Fish,2
1570,Bleach,2
1571,Psycho-Pass,5
1571,The Apothecary Diaries,3
1571,Steins;Gate,5
1571,Death Note,3
1571,The Promised Neverland,4
1571,Erased,5
1571,Code Geass,3
1571,Dr. Stone,2
1572,Rascal Does Not Dream of Bunny Girl Senpai,5
1572,Your Lie in April,5
1572,Frieren: Beyond Journey's End,5
1572,Dandadan,5
1572,Toradora!,4
1572,The Apothecary Diaries,5
1572,Jujutsu Kaisen,2
1572,Bocchi the Rock!,5
1572,Haikyu!!,5
1572,Spy x Family,5
1572,Dr. Stone,5
1572,Solo Leveling,2
1572,Nichijou - My Ordinary Life,5
1572,Laid-Back Camp,5
1572,My Dress-Up Darling,4
1572,Horimiya,4
1572,Code Geass,3
1573,Blue Lock,5
1573,Haikyu!!,5
1573,Bocchi the Rock!,5
1573,The Apothecary Diaries,5
1573,Laid-Back Camp,5
1573,Fullmetal Alchemist: Brotherhood,3
1573,Free! - Iwatobi Swim Club,5
1573,Assassination Classroom,4
1573,Dr. Stone,5
1573,Rascal Does Not Dream of Bunny Girl Senpai,2
1573,Mushishi,5
1573,Frieren: Beyond Journey's End,4
1573,Death Note,3
1573,Kaiju No. 8,4
1573,Kaguya-sama: Love is War,3
1573,Demon Slayer: Kimetsu no Yaiba,3
1573,Skip and Loafer,5
1573,Nichijou - My Ordinary Life,5
1573,Yuri!!! on Ice,5
1573,Wind Breaker,4
1574,Haikyu!!,2
1574,My Dress-Up Darling,5
1574,Clannad After Story,4
1574,Spy x Family,3
1574,Mashle: Magic and Muscles,4
1574,Your Lie in April,4
1574,Nichijou - My Ordinary Life,3
1574,Mob Psycho 100,4
1574,Assassination Classroom,3
1574,Bocchi the Rock!,4
1574,KONOSUBA -God's blessing on this wonderful world!,3
1574,Fruits Basket,3
1574,One-Punch Man,5
1574,Kaguya-sama: Love is War,2
1574,Horimiya,3
1574,Rascal Does Not Dream of Bunny Girl Senpai,3
1574,Free! - Iwatobi Swim Club,2
1574,Dandadan,3
1574,Dr. Stone,1
1574,Laid-Back Camp,2
1574,Overlord,2
1574,Fullmetal Alchemist: Brotherhood,2
1575,Made in Abyss,3
1575,Log Horizon,4
1575,The Rising of the Shield Hero,3
1575,Mushoku Tensei: Jobless Reincarnation,3
1575,Steins;Gate,5
1575,That Time I Got Reincarnated as a Slime,4
1575,Nichijou - My Ordinary Life,2
1575,Mashle: Magic and Muscles,5
1575,Gintama,4
1575,Frieren: Beyond Journey's End,5
1575,Cowboy Bebop,4
1575,Dandadan,2
1575,Re:ZERO -Starting Life in Another World-,4
1575,Attack on Titan,4
1576,Mushoku Tensei: Jobless Reincarnation,3
1576,Spy x Family,4
1576,Naruto Shippuden,2
1576,Toradora!,5
1576,Kaguya-sama: Love is War,4
1576,My Dress-Up Darling,5
1576,Fullmetal Alchemist: Brotherhood,3
1576,Clannad After Story,5
1576,Dandadan,4
1576,Horimiya,5
1576,Rascal Does Not Dream of Bunny Girl Senpai,4
1576,Fruits Basket,4
1577,Blue Lock,5
1577,Vinland Saga,5
1577,Cowboy Bebop,4
1577,Bleach,1
1577,Toradora!,2
1577,Hunter x Hunter,3
1577,Frieren: Beyond Journey's End,4
1577,Kuroko's Basketball,4
1577,Yuri!!! on Ice,5
1577,Assassination Classroom,4
1577,Wind Breaker,5
1577,Mushishi,4
1577,Jujutsu Kaisen,2
1577,Attack on Titan,5
1577,Haikyu!!,5
1577,Steins;Gate,3
1577,Gintama,5
1577,Banana Fish,5
1577,Free! - Iwatobi Swim Club,3
1577,Fullmetal Alchemist: Brotherhood,4
1577,Demon Slayer: Kimetsu no Yaiba,3
1577,Fire Force,2
1577,Naruto Shippuden,3
1578,Mushoku Tensei: Jobless Reincarnation,4
1578,Mashle: Magic and Muscles,4
1578,KONOSUBA -God's blessing on this wonderful world!,5
1578,Steins;Gate,5
1578,Re:ZERO -Starting Life in Another World-,5
1578,That Time I Got Reincarnated as a Slime,4
1578,Vinland Saga,5
1578,Made in Abyss,5
1578,Attack on Titan,4
1578,Hunter x Hunter,5
1578,Fullmetal Alchemist: Brotherhood,4
1578,Cowboy Bebop,5
1578,Frieren: Beyond Journey's End,4
1578,Solo Leveling,4
1578,Gintama,3
1578,The Rising of the Shield Hero,4
1578,The Eminence in Shadow,5
1578,Dragon Ball Super,2
1578,Banana Fish,5
1579,Yuri!!! on Ice,4
1579,Assassination Classroom,4
1579,Solo Leveling,1
1579,Jojo's Bizarre Adventure,3
1579,The Apothecary Diaries,2
1579,Free! - Iwatobi Swim Club,3
1579,Attack on Titan,3
1579,Wind Breaker,4
1579,Black Clover,2
1579,Haikyu!!,3
1579,Blue Lock,4
1579,Kuroko's Basketball,3
1579,Tokyo Ghoul,1
1579,Dragon Ball Super,2
1579,Frieren: Beyond Journey's End,2
1579,Gintama,2
1579,Fruits Basket,3
1579,Dr. Stone,2
1579,My Hero Academia,1
1579,Bleach,2
1580,Free! - Iwatobi Swim Club,3
1580,One-Punch Man,3
1580,Mob Psycho 100,3
1580,Kaguya-sama: Love is War,4
1580,Bocchi the Rock!,4
1580,Yuri!!! on Ice,4
1580,Nichijou - My Ordinary Life,3
1580,Assassination Classroom,4
1581,Death Note,5
1581,One Piece,3
1581,Attack on Titan,5
1581,Steins;Gate,5
1581,The Apothecary Diaries,5
1581,Fruits Basket,2
1581,Banana Fish,5
1581,Kaguya-sama: Love is War,4
1581,Psycho-Pass,4
1581,KONOSUBA -God's blessing on this wonderful world!,3
1581,Gintama,4
1581,Code Geass,5
1581,Laid-Back Camp,4
1581,My Dress-Up Darling,4
1581,Dr. Stone,4
1582,Dandadan,4
1582,My Dress-Up Darling,3
1582,Horimiya,4
1582,Fruits Basket,3
1582,Toradora!,2
1582,Rascal Does Not Dream of Bunny Girl Senpai,3
1582,One Piece,1
1582,Spy x Family,3
1582,Kaguya-sama: Love is War,3
1582,The Promised Neverland,2
1582,Assassination Classroom,1
1582,The Apothecary Diaries,2
1582,My Hero Academia,1
1582,Clannad After Story,3
1582,Your Lie in April,3
1582,Mushoku Tensei: Jobless Reincarnation,1
1582,Erased,2
1582,Dragon Ball Super,1
1582,Naruto,1
1582,Cowboy Bebop,1
1583,Bocchi the Rock!,5
1583,Mob Psycho 100,5
1583,Naruto,2
1583,Kaguya-sama: Love is War,4
1583,The Apothecary Diaries,2
1583,Spy x Family,4
1583,Assassination Classroom,4
1583,One-Punch Man,4
1583,Erased,3
1583,KONOSUBA -God's blessing on this wonderful world!,3
1583,Kaiju No. 8,3
1583,The Eminence in Shadow,2
1583,Mushoku Tensei: Jobless Reincarnation,2
1584,The Eminence in Shadow,4
1584,Overlord,5
1584,Mashle: Magic and Muscles,5
1584,Kaiju No. 8,2
1584,Kaguya-sama: Love is War,2
1584,Solo Leveling,4
1584,One Piece,2
1584,The Rising of the Shield Hero,5
1584,Attack on Titan,2
1584,Log Horizon,4
1584,That Time I Got Reincarnated as a Slime,5
1584,KONOSUBA -God's blessing on this wonderful world!,4
1584,Re:ZERO -Starting Life in Another World-,5
1584,Sword Art Online,2
1584,Haikyu!!,3
1584,Psycho-Pass,2
1584,Spy x Family,2
1584,Skip and Loafer,2
1584,Mushoku Tensei: Jobless Reincarnation,4
1585,Banana Fish,4
1585,Assassination Classroom,4
1585,Bocchi the Rock!,4
1585,Gintama,3
1585,Fullmetal Alchemist: Brotherhood,4
1585,Mashle: Magic and Muscles,3
1585,Vinland Saga,5
1585,Death Note,2
1585,Hunter x Hunter,4
1585,Made in Abyss,4
1585,Cowboy Bebop,3
1585,KONOSUBA -God's blessing on this wonderful world!,3
1585,Attack on Titan,4
1585,Frieren: Beyond Journey's End,3
1585,Mushishi,4
1585,Fire Force,2
1585,One-Punch Man,3
1585,Spy x Family,4
1585,Nichijou - My Ordinary Life,4
1585,Ranking of Kings,1
1585,Steins;Gate,3
1586,Fullmetal Alchemist: Brotherhood,3
1586,Hunter x Hunter,5
1586,Banana Fish,3
1586,Made in Abyss,4
1586,Fruits Basket,3
1586,Mushishi,3
1586,Vinland Saga,4
1587,One-Punch Man,4
1587,Fruits Basket,3
1587,Mob Psycho 100,4
1587,Mushoku Tensei: Jobless Reincarnation,2
1587,Horimiya,3
1587,Dandadan,3
1587,Demon Slayer: Kimetsu no Yaiba,2
1587,Mashle: Magic and Muscles,4
1587,Assassination Classroom,4
1587,Your Lie in April,3
1587,Rascal Does Not Dream of Bunny Girl Senpai,4
1587,Kaguya-sama: Love is War,5
1587,Bocchi the Rock!,5
1587,My Dress-Up Darling,5
1587,Gintama,5
1587,Erased,2
1587,Steins;Gate,2
1587,Nichijou - My Ordinary Life,4
1587,Toradora!,4
1587,Made in Abyss,1
1587,Naruto Shippuden,3
1588,The Rising of the Shield Hero,4
1588,Assassination Classroom,4
1588,Mob Psycho 100,5
1588,Re:ZERO -Starting Life in Another World-,4
1588,Spy x Family,5
1588,That Time I Got Reincarnated as a Slime,4
1588,The Eminence in Shadow,5
1588,Mashle: Magic and Muscles,4
1588,KONOSUBA -God's blessing on this wonderful world!,5
1588,Solo Leveling,3
1588,Log Horizon,5
1588,Gintama,4
1588,One-Punch Man,5
1588,Horimiya,3
1588,Overlord,3
1588,Skip and Loafer,3
1588,Sword Art Online,3
1589,Gintama,5
1589,My Dress-Up Darling,4
1589,Assassination Classroom,3
1589,Bocchi the Rock!,3
1589,Rascal Does Not Dream of Bunny Girl Senpai,4
1589,Dr. Stone,3
1590,One Piece,4
1590,Kuroko's Basketball,2
1590,Jujutsu Kaisen,3
1590,My Hero Academia,5
1590,Chainsaw Man,4
1590,The Apothecary Diaries,2
1590,Naruto,3
1590,Black Clover,3
1591,The Apothecary Diaries,5
1591,Log Horizon,5
1591,Erased,5
1591,Steins;Gate,5
1591,Death Note,5
1591,Solo Leveling,4
1591,Mushoku Tensei: Jobless Reincarnation,4
1591,Mashle: Magic and Muscles,5
1591,KONOSUBA -God's blessing on this wonderful world!,5
1591,Gintama,3
1591,Re:ZERO -Starting Life in Another World-,5
1591,Code Geass,5
1591,Banana Fish,5
1591,The Rising of the Shield Hero,5
1591,That Time I Got Reincarnated as a Slime,5
1591,The Eminence in Shadow,5
1591,Overlord,5
1591,Attack on Titan,5
1591,Mushishi,4
1591,One-Punch Man,3
1591,The Promised Neverland,5
1591,Fullmetal Alchemist: Brotherhood,4
1591,Odd Taxi,5
1591,Assassination Classroom,3
1591,Psycho-Pass,4
1592,My Hero Academia,3
1592,Cowboy Bebop,4
1592,Fullmetal Alchemist: Brotherhood,5
1592,Kaguya-sama: Love is War,3
1592,Steins;Gate,3
1592,Log Horizon,2
1592,Vinland Saga,4
1592,Banana Fish,4
1592,Your Lie in April,3
1592,Gintama,3
1592,Death Note,2
1593,Bocchi the Rock!,5
1593,Spy x Family,5
1593,Fullmetal Alchemist: Brotherhood,5
1593,Mob Psycho 100,3
1593,Attack on Titan,4
1593,Nichijou - My Ordinary Life,4
1593,Toradora!,3
1593,Cowboy Bebop,5
1593,KONOSUBA -God's blessing on this wonderful world!,4
1593,Steins;Gate,4
1593,Gintama,4
1593,One-Punch Man,5
1594,Haikyu!!,4
1594,Bocchi the Rock!,5
1594,Tokyo Ghoul,2
1594,Laid-Back Camp,4
1594,The Apothecary Diaries,5
1594,Frieren: Beyond Journey's End,4
1594,Mob Psycho 100,2
1594,Spy x Family,4
1594,Jojo's Bizarre Adventure,2
1594,Dr. Stone,4
1594,Fullmetal Alchemist: Brotherhood,1
1594,Kaguya-sama: Love is War,2
1594,Death Note,3
1594,Vinland Saga,3
1594,Ranking of Kings,4
1594,Skip and Loafer,5
1595,Haikyu!!,2
1595,Solo Leveling,4
1595,Mushoku Tensei: Jobless Reincarnation,1
1595,Hell's Paradise,4
1595,Jujutsu Kaisen,4
1595,Fire Force,4
1595,Demon Slayer: Kimetsu no Yaiba,4
1595,Dandadan,4
1595,Naruto,3
1595,Spy x Family,1
1595,Bleach,4
1595,Naruto Shippuden,5
1595,Ranking of Kings,2
1595,Fruits Basket,2
1595,Jojo's Bizarre Adventure,4
1595,Black Clover,3
1595,Wind Breaker,3
1595,The Eminence in Shadow,2
1595,One Piece,4
1595,Dragon Ball Super,5
1596,Nichijou - My Ordinary Life,1
1596,Kuroko's Basketball,5
1596,Solo Leveling,3
1596,Naruto,4
1596,Black Clover,5
1596,Kaiju No. 8,3
1596,Free! - Iwatobi Swim Club,4
1596,Wind Breaker,5
1596,Bleach,3
1597,Re:ZERO -Starting Life in Another World-,5
1597,Solo Leveling,4
1597,Spy x Family,2
1597,KONOSUBA -God's blessing on this wonderful world!,4
1597,That Time I Got Reincarnated as a Slime,4
1597,The Eminence in Shadow,3
1597,Skip and Loafer,3
1597,Neon Genesis Evangelion,1
1597,Mashle: Magic and Muscles,4
1597,Made in Abyss,3
1598,Naruto Shippuden,5
1598,Laid-Back Camp,3
1598,One Piece,5
1598,Wind Breaker,4
1598,Demon Slayer: Kimetsu no Yaiba,4
1598,Naruto,4
1598,Nichijou - My Ordinary Life,4
1598,Bocchi the Rock!,4
1598,Death Note,2
1598,Bleach,3
1598,Toradora!,3
1598,Jojo's Bizarre Adventure,4
1598,Yuri!!! on Ice,2
1598,Mashle: Magic and Muscles,4
1598,Skip and Loafer,2
1598,Kaguya-sama: Love is War,5
1598,Mob Psycho 100,4
1598,Hell's Paradise,4
1598,Spy x Family,4
1598,Black Clover,4
1599,Laid-Back Camp,4
1599,Nichijou - My Ordinary Life,4
1599,Frieren: Beyond Journey's End,4
1599,Bocchi the Rock!,5
1599,Vinland Saga,2
1599,Fruits Basket,2
1599,The Apothecary Diaries,3
1599,Wind Breaker,1
1599,Skip and Loafer,4
1599,Death Note,2
1599,Dr. Stone,5
1599,The Rising of the Shield Hero,1
1599,Mushishi,4
1599,Dandadan,2
1599,Mashle: Magic and Muscles,2
1599,Mob Psycho 100,1
1599,Jojo's Bizarre Adventure,1
1599,Haikyu!!,3
1599,My Hero Academia,2
1599,Chainsaw Man,3
1599,My Dress-Up Darling,1
1600,Demon Slayer: Kimetsu no Yaiba,3
1600,Wind Breaker,4
1600,Naruto Shippuden,4
1600,Jujutsu Kaisen,4
1600,Bleach,4
1600,Mushishi,2
1600,Jojo's Bizarre Adventure,5
1600,Chainsaw Man,4
1600,Dragon Ball Super,4
1600,Solo Leveling,4
1600,Dandadan,4
1600,The Rising of the Shield Hero,1
1600,One Piece,4
1600,My Hero Academia,4
1600,Fire Force,5
1600,Kaiju No. 8,4
1600,Naruto,3
1600,Rascal Does Not Dream of Bunny Girl Senpai,2
1600,Black Clover,4
1600,Hell's Paradise,4
1600,Re:ZERO -Starting Life in Another World-,1
1600,Kaguya-sama: Love is War,3
1600,Ranking of Kings,2
1601,Hunter x Hunter,4
1601,One-Punch Man,4
1601,Banana Fish,4
1601,Jojo's Bizarre Adventure,1
1601,Assassination Classroom,2
1601,Mob Psycho 100,3
1601,Neon Genesis Evangelion,3
1601,Vinland Saga,4
1601,Spy x Family,3
1601,Made in Abyss,3
1601,KONOSUBA -God's blessing on this wonderful world!,3
1601,Mashle: Magic and Muscles,3
1601,Fullmetal Alchemist: Brotherhood,5
1601,Cowboy Bebop,4
1601,Bocchi the Rock!,4
1601,Tokyo Ghoul,2
1601,Nichijou - My Ordinary Life,3
1601,Frieren: Beyond Journey's End,4
1601,Kaguya-sama: Love is War,4
1601,Odd Taxi,2
1601,Steins;Gate,4
1602,Hell's Paradise,4
1602,Dandadan,4
1602,Yuri!!! on Ice,2
1602,Jujutsu Kaisen,4
1602,Solo Leveling,4
1602,Demon Slayer: Kimetsu no Yaiba,4
1602,Wind Breaker,3
1602,Bleach,3
1602,Dr. Stone,2
1602,Blue Lock,2
1603,Mob Psycho 100,5
1603,Kaguya-sama: Love is War,5
1603,Spy x Family,5
1603,Tokyo Ghoul,1
1603,Assassination Classroom,5
1603,Bocchi the Rock!,5
1603,One-Punch Man,4
1603,Yuri!!! on Ice,3
1603,My Dress-Up Darling,3
1603,Gintama,5
1603,Mashle: Magic and Muscles,5
1603,Demon Slayer: Kimetsu no Yaiba,3
1604,The Rising of the Shield Hero,4
1604,KONOSUBA -God's blessing on this wonderful world!,4
1604,That Time I Got Reincarnated as a Slime,5
1604,Solo Leveling,3
1604,Kuroko's Basketball,3
1604,Log Horizon,4
1604,Bocchi the Rock!,2
1604,Blue Lock,2
1604,Sword Art Online,3
1604,Code Geass,1
1604,The Eminence in Shadow,4
1604,Dragon Ball Super,1
1604,Assassination Classroom,3
1604,Vinland Saga,2
1604,Re:ZERO -Starting Life in Another World-,4
1604,Made in Abyss,1
1604,Kaguya-sama: Love is War,2
1604,Mushoku Tensei: Jobless Reincarnation,4
1604,Overlord,3
1604,Fullmetal Alchemist: Brotherhood,2
1604,One Piece,2
1604,Banana Fish,1
1604,Mashle: Magic and Muscles,3
1604,Death Note,3
1604,Skip and Loafer,1
1605,Erased,5
1605,Spy x Family,1
1605,Fruits Basket,3
1605,Vinland Saga,4
1605,Code Geass,3
1605,Death Note,3
1605,Steins;Gate,4
1605,Frieren: Beyond Journey's End,4
1605,Fullmetal Alchemist: Brotherhood,4
1605,Mushishi,4
1605,The Promised Neverland,4
1606,Banana Fish,5
1606,Code Geass,4
1606,Dragon Ball Super,5
1606,One Piece,5
1606,Jujutsu Kaisen,5
1606,My Hero Academia,5
1606,Skip and Loafer,2
1606,The Eminence in Shadow,2
1606,Odd Taxi,4
1606,Fire Force,5
1606,Black Clover,4
1606,Kaiju No. 8,4
1606,Death Note,5
1607,Yuri!!! on Ice,4
1607,Erased,2
1607,Mashle: Magic and Muscles,4
1607,Haikyu!!,5
1607,KONOSUBA -God's blessing on this wonderful world!,5
1607,Spy x Family,5
1607,Nichijou - My Ordinary Life,5
1607,Kaguya-sama: Love is War,4
1607,One-Punch Man,5
1607,Dr. Stone,2
1607,Fullmetal Alchemist: Brotherhood,2
1607,Demon Slayer: Kimetsu no Yaiba,3
1607,Gintama,4
1607,Wind Breaker,5
1607,Kaiju No. 8,3
1607,Toradora!,2
1607,One Piece,3
1607,Psycho-Pass,2
1607,Bocchi the Rock!,5
1607,Frieren: Beyond Journey's End,3
1607,Mob Psycho 100,4
1607,Your Lie in April,1
1607,Assassination Classroom,5
1607,Kuroko's Basketball,4
1607,Neon Genesis Evangelion,2
1608,Dandadan,5
1608,Laid-Back Camp,4
1608,Mushishi,4
1608,Horimiya,3
1608,Ranking of Kings,5
1608,Haikyu!!,5
1608,Rascal Does Not Dream of Bunny Girl Senpai,4
1608,Your Lie in April,4
1608,The Apothecary Diaries,5
1608,Bocchi the Rock!,4
1608,Fruits Basket,4
1608,Skip and Loafer,4
1609,Solo Leveling,5
1609,Jojo's Bizarre Adventure,5
1609,Fruits Basket,5
1609,Your Lie in April,5
1609,Toradora!,4
1609,Horimiya,4
1609,Naruto Shippuden,5
1609,Spy x Family,4
1609,Wind Breaker,5
1609,Kaiju No. 8,5
1609,Laid-Back Camp,3
1609,Clannad After Story,5
1609,Jujutsu Kaisen,4
1609,Demon Slayer: Kimetsu no Yaiba,4
1609,Fire Force,5
1609,Cowboy Bebop,3
1609,Kaguya-sama: Love is War,4
1609,Black Clover,5
1609,Hell's Paradise,4
1609,My Dress-Up Darling,5
1609,Tokyo Ghoul,3
1609,Rascal Does Not Dream of Bunny Girl Senpai,5
1609,Attack on Titan,4
1609,One Piece,5
1610,My Hero Academia,4
1610,Jojo's Bizarre Adventure,4
1610,Skip and Loafer,3
1610,Your Lie in April,2
1610,Kaiju No. 8,3
1610,One Piece,5
1610,Dandadan,5
1610,Jujutsu Kaisen,5
1610,Fullmetal Alchemist: Brotherhood,2
1610,Naruto,4
1610,Black Clover,4
1610,Hell's Paradise,5
1610,Naruto Shippuden,4
1610,Wind Breaker,5
1610,Demon Slayer: Kimetsu no Yaiba,4
1610,Steins;Gate,2
1610,Cowboy Bebop,2
1610,The Rising of the Shield Hero,2
1610,Chainsaw Man,5
1610,Fire Force,4
1610,Dragon Ball Super,4
1610,Yuri!!! on Ice,2
1610,The Eminence in Shadow,1
1610,Bleach,3
1611,Spy x Family,4
1611,Mob Psycho 100,5
1611,Code Geass,2
1611,Bocchi the Rock!,3
1611,Kaguya-sama: Love is War,5
1611,Assassination Classroom,4
1611,Mashle: Magic and Muscles,4
1611,The Apothecary Diaries,2
1611,Gintama,4
1611,One-Punch Man,3
1611,KONOSUBA -God's blessing on this wonderful world!,5
1611,Naruto,2
1611,Tokyo Ghoul,1
1611,Made in Abyss,1
1611,Ranking of Kings,3
1611,Nichijou - My Ordinary Life,3
1611,Black Clover,2
1611,Hunter x Hunter,2
1611,Clannad After Story,2
1611,My Dress-Up Darling,2
1611,Skip and Loafer,3
1612,Solo Leveling,2
1612,Cowboy Bebop,1
1612,Mashle: Magic and Muscles,3
1612,The Apothecary Diaries,3
1612,Log Horizon,2
1612,Skip and Loafer,4
1612,KONOSUBA -God's blessing on this wonderful world!,3
1612,The Eminence in Shadow,2
1613,Frieren: Beyond Journey's End,3
1613,Attack on Titan,5
1613,Spy x Family,4
1613,Vinland Saga,3
1613,Rascal Does Not Dream of Bunny Girl Senpai,4
1613,Fruits Basket,4
1613,Kuroko's Basketball,1
1613,Banana Fish,3
1613,Mushishi,3
1613,My Dress-Up Darling,4
1613,Horimiya,4
1613,Neon Genesis Evangelion,3
1613,Dandadan,4
1613,Your Lie in April,4
1613,Blue Lock,1
1613,Kaguya-sama: Love is War,5
1613,Fullmetal Alchemist: Brotherhood,4
1613,Black Clover,2
1613,Dr. Stone,1
1613,Code Geass,2
1613,Clannad After Story,4
1613,Steins;Gate,4
1614,Dragon Ball Super,3
1614,Assassination Classroom,5
1614,Kuroko's Basketball,5
1614,Wind Breaker,4
1614,Haikyu!!,5
1614,Free! - Iwatobi Swim Club,5
1614,Yuri!!! on Ice,5
1614,Nichijou - My Ordinary Life,3
1614,Blue Lock,4
1614,Bocchi the Rock!,3
1614,My Dress-Up Darling,2
1614,Spy x Family,3
1614,Banana Fish,3
1614,The Apothecary Diaries,3
1615,Naruto Shippuden,2
1615,Mushishi,4
1615,Frieren: Beyond Journey's End,3
1615,Laid-Back Camp,4
1615,Dr. Stone,4
1615,The Apothecary Diaries,4
1615,Solo Leveling,2
1615,Ranking of Kings,4
1615,The Promised Neverland,2
1615,One Piece,2
1615,Haikyu!!,3
1615,Skip and Loafer,5
1615,Death Note,1
1615,Fullmetal Alchemist: Brotherhood,2
1616,Naruto Shippuden,5
1616,Fire Force,5
1616,Wind Breaker,4
1616,Demon Slayer: Kimetsu no Yaiba,4
1616,Jojo's Bizarre Adventure,4
1616,Chainsaw Man,5
1616,Black Clover,5
1616,Bleach,4
1616,My Hero Academia,5
1616,Solo Leveling,5
1616,Dandadan,4
1616,One Piece,5
1616,Log Horizon,3
1616,Made in Abyss,3
1616,Naruto,5
1616,Dragon Ball Super,5
1616,Hell's Paradise,4
1616,The Eminence in Shadow,1
1616,Kuroko's Basketball,3
1616,Jujutsu Kaisen,4
1616,Kaiju No. 8,5
1617,Banana Fish,2
1617,Dandadan,4
1617,Solo Leveling,5
1617,My Hero Academia,4
1617,Demon Slayer: Kimetsu no Yaiba,4
1617,One Piece,4
1617,Attack on Titan,2
1617,Kaiju No. 8,5
1617,Erased,2
1617,The Eminence in Shadow,3
1617,Black Clover,4
1617,Fire Force,3
1617,Wind Breaker,3
1617,Chainsaw Man,4
1618,Jojo's Bizarre Adventure,5
1618,Dandadan,4
1618,Dragon Ball Super,4
1618,Black Clover,3
1618,Demon Slayer: Kimetsu no Yaiba,4
1618,One Piece,3
1618,Cowboy Bebop,2
1618,Solo Leveling,5
1619,The Apothecary Diaries,4
1619,Death Note,5
1619,Steins;Gate,4
1619,Erased,3
1619,Odd Taxi,4
1619,Hunter x Hunter,2
1619,Sword Art Online,1
1619,Banana Fish,4
1619,Attack on Titan,4
1619,Spy x Family,2
1619,Psycho-Pass,4
1619,The Promised Neverland,3
1619,Code Geass,3
1619,Cowboy Bebop,2
1619,Nichijou - My Ordinary Life,3
1619,Yuri!!! on Ice,1
1619,Jujutsu Kaisen,2
1619,Bocchi the Rock!,2
1619,Gintama,1
1620,Erased,4
1620,The Promised Neverland,4
1620,Psycho-Pass,4
1620,The Apothecary Diaries,4
1620,Attack on Titan,5
1620,Steins;Gate,5
1620,Banana Fish,5
1621,Dandadan,2
1621,Mushoku Tensei: Jobless Reincarnation,2
1621,KONOSUBA -God's blessing on this wonderful world!,4
1621,Solo Leveling,4
1621,The Rising of the Shield Hero,4
1621,Toradora!,1
1621,Yuri!!! on Ice,1
1621,Jojo's Bizarre Adventure,1
1621,That Time I Got Reincarnated as a Slime,3
1621,Sword Art Online,3
1621,Re:ZERO -Starting Life in Another World-,4
1621,Overlord,2
1621,Log Horizon,3
1621,Laid-Back Camp,2
1621,Attack on Titan,1
1621,The Eminence in Shadow,3
1621,Death Note,2
1622,Hunter x Hunter,2
1622,Attack on Titan,5
1622,Odd Taxi,4
1622,Banana Fish,4
1622,Black Clover,2
1622,Death Note,5
1622,The Apothecary Diaries,4
1622,Psycho-Pass,4
1622,Steins;Gate,4
1622,Code Geass,5
1622,Mushishi,3
1622,The Promised Neverland,3
1622,Yuri!!! on Ice,2
1622,Fullmetal Alchemist: Brotherhood,2
1622,Assassination Classroom,2
1622,Rascal Does Not Dream of Bunny Girl Senpai,1
1622,Erased,4
1623,That Time I Got Reincarnated as a Slime,2
1623,My Hero Academia,2
1623,Gintama,4
1623,Kaguya-sama: Love is War,4
1623,Assassination Classroom,4
1623,Spy x Family,3
1623,Yuri!!! on Ice,2
1623,One Piece,3
1623,Bocchi the Rock!,5
1623,KONOSUBA -God's blessing on this wonderful world!,4
1623,Tokyo Ghoul,2
1623,Mob Psycho 100,3
1623,Demon Slayer: Kimetsu no Yaiba,3
1623,One-Punch Man,4
1623,Mushishi,2
1623,Wind Breaker,2
1623,Nichijou - My Ordinary Life,4
1623,The Apothecary Diaries,3
1623,Mashle: Magic and Muscles,3
1623,Laid-Back Camp,3
1623,Odd Taxi,2
1623,Your Lie in April,2
1624,Wind Breaker,5
1624,Gintama,5
1624,Hell's Paradise,4
1624,Jojo's Bizarre Adventure,4
1624,Naruto,4
1624,Kaguya-sama: Love is War,4
1624,Hunter x Hunter,2
1624,Kaiju No. 8,4
1624,Haikyu!!,2
1624,Skip and Loafer,2
1624,Mob Psycho 100,4
1625,Assassination Classroom,4
1625,Kaguya-sama: Love is War,4
1625,KONOSUBA -God's blessing on this wonderful world!,4
1625,Mashle: Magic and Muscles,3
1625,The Promised Neverland,2
1625,Clannad After Story,2
1625,Spy x Family,4
1625,Haikyu!!,3
1625,Wind Breaker,4
1625,The Apothecary Diaries,2
1625,Kuroko's Basketball,4
1625,Bocchi the Rock!,4
1625,Free! - Iwatobi Swim Club,4
1625,Fullmetal Alchemist: Brotherhood,2
1625,Yuri!!! on Ice,5
1625,Jujutsu Kaisen,2
1625,One-Punch Man,3
1625,Neon Genesis Evangelion,2
1626,Odd Taxi,3
1626,Steins;Gate,4
1626,The Promised Neverland,4
1626,Cowboy Bebop,2
1626,Erased,4
1626,Code Geass,3
1626,Banana Fish,4
1626,Naruto,1
1626,Fruits Basket,2
1627,The Apothecary Diaries,5
1627,Laid-Back Camp,5
1627,Spy x Family,4
1627,Ranking of Kings,3
1627,Free! - Iwatobi Swim Club,2
1627,Kaguya-sama: Love is War,4
1627,Clannad After Story,3
1627,Frieren: Beyond Journey's End,4
1627,Dr. Stone,4
1627,Toradora!,5
1627,Jojo's Bizarre Adventure,3
1627,Nichijou - My Ordinary Life,5
1627,Bocchi the Rock!,4
1627,My Dress-Up Darling,5
1627,Horimiya,5
1627,Haikyu!!,5
1627,Fire Force,2
1627,Mushishi,5
1627,Skip and Loafer,4
1627,The Eminence in Shadow,4
1627,Fullmetal Alchemist: Brotherhood,2
1627,Your Lie in April,5
1627,Gintama,3
1627,Rascal Does Not Dream of Bunny Girl Senpai,4
1628,Steins;Gate,4
1628,Hunter x Hunter,5
1628,Made in Abyss,4
1628,Vinland Saga,5
1628,Cowboy Bebop,5
1628,Naruto Shippuden,2
1628,Banana Fish,4
1628,Frieren: Beyond Journey's End,4
1628,KONOSUBA -God's blessing on this wonderful world!,2
1628,Ranking of Kings,1
1628,Mushishi,5
1628,My Hero Academia,2
1628,Nichijou - My Ordinary Life,2
1628,Gintama,5
1628,Attack on Titan,4
1628,Kaguya-sama: Love is War,2
1628,Skip and Loafer,2
1628,Fullmetal Alchemist: Brotherhood,5
1628,Laid-Back Camp,2
1628,Neon Genesis Evangelion,4
1628,Kuroko's Basketball,2
1628,Death Note,3
1629,Assassination Classroom,4
1629,Kaguya-sama: Love is War,4
1629,Fullmetal Alchemist: Brotherhood,3
1629,Kaiju No. 8,3
1629,Spy x Family,5
1629,Kuroko's Basketball,3
1629,Nichijou - My Ordinary Life,5
1629,Mashle: Magic and Muscles,5
1629,Clannad After Story,3
1629,Bleach,2
1629,Bocchi the Rock!,5
1629,Mob Psycho 100,4
1629,One-Punch Man,4
1630,Assassination Classroom,4
1630,Gintama,5
1630,Steins;Gate,4
1630,Kaguya-sama: Love is War,5
1630,Spy x Family,4
1630,Ranking of Kings,3
1630,Bocchi the Rock!,4
1630,One-Punch Man,5
1630,Black Clover,2
1630,Mashle: Magic and Muscles,5
1631,The Rising of the Shield Hero,4
1631,KONOSUBA -God's blessing on this wonderful world!,5
1631,Overlord,5
1631,Re:ZERO -Starting Life in Another World-,5
1631,Kaiju No. 8,3
1631,The Promised Neverland,2
1631,That Time I Got Reincarnated as a Slime,4
1631,Black Clover,1
1631,Demon Slayer: Kimetsu no Yaiba,3
1631,Laid-Back Camp,3
1631,The Eminence in Shadow,5
1631,Attack on Titan,3
1631,Log Horizon,4
1631,Mushoku Tensei: Jobless Reincarnation,5
1631,Solo Leveling,3
1631,Fullmetal Alchemist: Brotherhood,3
1631,Erased,2
1631,Tokyo Ghoul,2
1631,Odd Taxi,3
1631,The Apothecary Diaries,3
1631,Code Geass,3
1632,Bocchi the Rock!,2
1632,Gintama,2
1632,Death Note,3
1632,Chainsaw Man,3
1632,The Promised Neverland,5
1632,Jojo's Bizarre Adventure,4
1632,Bleach,4
1632,One Piece,3
1632,Banana Fish,4
1632,Fire Force,3
1632,Skip and Loafer,2
1632,Steins;Gate,3
1632,Code Geass,4
1632,One-Punch Man,1
1632,Odd Taxi,3
1632,Psycho-Pass,4
1633,Spy x Family,3
1633,Death Note,1
1633,The Rising of the Shield Hero,2
1633,Steins;Gate,2
1633,Bocchi the Rock!,4
1633,Nichijou - My Ordinary Life,4
1633,Laid-Back Camp,4
1633,Mushishi,5
1633,Dr. Stone,4
1633,The Apothecary Diaries,3
1633,Kaguya-sama: Love is War,2
1633,Ranking of Kings,5
1633,Haikyu!!,3
1633,Demon Slayer: Kimetsu no Yaiba,1
1633,Made in Abyss,1
1633,Frieren: Beyond Journey's End,3
1633,Naruto,2
1633,Skip and Loafer,4
1633,The Promised Neverland,1
1633,Mashle: Magic and Muscles,2
1633,My Hero Academia,3
1633,My Dress-Up Darling,2
1633,Wind Breaker,3
1634,Kaguya-sama: Love is War,4
1634,Psycho-Pass,1
1634,Fruits Basket,3
1634,Rascal Does Not Dream of Bunny Girl Senpai,3
1634,Horimiya,4
1634,Your Lie in April,4
1634,Toradora!,4
1634,My Dress-Up Darling,2
1634,Clannad After Story,4
1634,Fullmetal Alchemist: Brotherhood,2
1634,Vinland Saga,1
1634,That Time I Got Reincarnated as a Slime,2
1634,Yuri!!! on Ice,4
1634,Haikyu!!,3
1634,Mob Psycho 100,2
1634,Death Note,2
1634,Assassination Classroom,4
1634,Kuroko's Basketball,3
1634,Dandadan,5
1635,Toradora!,5
1635,Kaguya-sama: Love is War,5
1635,Fruits Basket,5
1635,Steins;Gate,3
1635,Spy x Family,4
1635,My Dress-Up Darling,5
1635,Horimiya,5
1635,Clannad After Story,4
1635,Neon Genesis Evangelion,3
1635,Dandadan,5
1635,Mushishi,2
1635,Kaiju No. 8,3
1635,Rascal Does Not Dream of Bunny Girl Senpai,5
1635,Your Lie in April,5
1635,Chainsaw Man,2
1635,Gintama,2
1635,Solo Leveling,3
1636,The Apothecary Diaries,3
1636,Odd Taxi,4
1636,Solo Leveling,4
1636,Steins;Gate,4
1636,Hunter x Hunter,1
1636,Horimiya,2
1636,Death Note,4
1636,Mashle: Magic and Muscles,4
1636,The Eminence in Shadow,4
1636,Toradora!,1
1636,Log Horizon,2
1636,Re:ZERO -Starting Life in Another World-,3
1636,KONOSUBA -God's blessing on this wonderful world!,4
1636,Fullmetal Alchemist: Brotherhood,1
1636,Banana Fish,4
1636,Sword Art Online,3
1636,That Time I Got Reincarnated as a Slime,3
1636,Erased,3
1636,Overlord,3
1636,Spy x Family,2
1636,The Promised Neverland,4
1636,Chainsaw Man,1
1636,Mushoku Tensei: Jobless Reincarnation,4
1636,The Rising of the Shield Hero,3
1636,Jojo's Bizarre Adventure,2
1637,Skip and Loafer,4
1637,The Apothecary Diaries,5
1637,Ranking of Kings,4
1637,Spy x Family,3
1637,Bocchi the Rock!,4
1637,Horimiya,3
1637,That Time I Got Reincarnated as a Slime,3
1637,Nichijou - My Ordinary Life,4
1637,Hunter x Hunter,3
1637,Mushishi,4
1637,Haikyu!!,5
1637,Frieren: Beyond Journey's End,5
1637,Yuri!!! on Ice,3
1637,Jujutsu Kaisen,3
1637,Odd Taxi,2
1637,Laid-Back Camp,4
1637,Solo Leveling,2
1637,One Piece,3
1637,Dandadan,2
1637,Dr. Stone,5
1637,Made in Abyss,3
1638,Kaiju No. 8,4
1638,Fire Force,2
1638,The Apothecary Diaries,4
1638,One Piece,4
1638,Naruto Shippuden,4
1638,Dr. Stone,3
1638,My Hero Academia,3
1638,Bleach,3
1638,Hell's Paradise,3
1639,Demon Slayer: Kimetsu no Yaiba,5
1639,My Hero Academia,5
1639,Attack on Titan,2
1639,Naruto,3
1639,Kaiju No. 8,4
1639,One Piece,5
1639,Spy x Family,2
1639,Wind Breaker,4
1639,Dandadan,5
1640,Laid-Back Camp,4
1640,Dandadan,5
1640,Dragon Ball Super,3
1640,Haikyu!!,4
1640,Jojo's Bizarre Adventure,4
1640,Frieren: Beyond Journey's End,5
1640,Mushishi,1
1640,Naruto,4
1640,Bocchi the Rock!,3
1640,My Hero Academia,4
1640,Demon Slayer: Kimetsu no Yaiba,3
1640,Horimiya,1
1640,Skip and Loafer,4
1640,Dr. Stone,4
1640,Assassination Classroom,3
1640,Black Clover,3
1640,Bleach,4
1640,Jujutsu Kaisen,4
1640,Hell's Paradise,3
1640,Wind Breaker,5
1640,Yuri!!! on Ice,2
1640,Spy x Family,3
1640,Naruto Shippuden,4
1640,Chainsaw Man,3
1641,Psycho-Pass,4
1641,One Piece,2
1641,Death Note,4
1641,Erased,3
1641,Steins;Gate,5
1641,Banana Fish,5
1641,The Apothecary Diaries,4
1641,Attack on Titan,5
1641,Laid-Back Camp,3
1641,Vinland Saga,2
1641,The Promised Neverland,4
1641,My Dress-Up Darling,3
1641,Naruto,2
1642,Dragon Ball Super,3
1642,Naruto Shippuden,4
1642,Jojo's Bizarre Adventure,3
1642,One Piece,3
1642,Jujutsu Kaisen,4
1642,Fire Force,4
1642,My Hero Academia,4
1642,Dandadan,4
1642,Black Clover,4
1642,Kaiju No. 8,5
1642,Chainsaw Man,5
1642,Hell's Paradise,4
1642,Demon Slayer: Kimetsu no Yaiba,4
1642,Bleach,3
1642,Wind Breaker,4
1642,Blue Lock,3
1642,Solo Leveling,5
1642,The Apothecary Diaries,2
1642,Assassination Classroom,2
1643,Chainsaw Man,4
1643,My Hero Academia,4
1643,One Piece,5
1643,Dragon Ball Super,4
1643,Dandadan,5
1643,Hell's Paradise,5
1643,Wind Breaker,5
1643,Jujutsu Kaisen,3
1643,Solo Leveling,5
1643,Bleach,4
1643,Kaiju No. 8,4
1643,Hunter x Hunter,2
1643,Demon Slayer: Kimetsu no Yaiba,4
1643,Fire Force,3
1643,Naruto Shippuden,5
1643,Ranking of Kings,3
1644,Assassination Classroom,4
1644,Toradora!,5
1644,Clannad After Story,4
1644,Nichijou - My Ordinary Life,4
1644,Rascal Does Not Dream of Bunny Girl Senpai,5
1644,Mashle: Magic and Muscles,5
1644,Kaguya-sama: Love is War,5
1645,Kaiju No. 8,4
1645,Naruto Shippuden,4
1645,Naruto,3
1645,Erased,2
1645,Jujutsu Kaisen,4
1645,Sword Art Online,1
1645,Demon Slayer: Kimetsu no Yaiba,4
1645,The Apothecary Diaries,3
1645,My Hero Academia,5
1646,Fullmetal Alchemist: Brotherhood,2
1646,Blue Lock,3
1646,Haikyu!!,4
1646,Mushoku Tensei: Jobless Reincarnation,1
1646,Kuroko's Basketball,3
1646,Yuri!!! on Ice,4
1646,Toradora!,3
1646,Wind Breaker,3
1647,Code Geass,3
1647,Blue Lock,4
1647,Attack on Titan,4
1647,Odd Taxi,4
1647,Neon Genesis Evangelion,1
1647,Nichijou - My Ordinary Life,1
1647,Laid-Back Camp,2
1647,Death Note,3
1647,Kuroko's Basketball,4
1647,Wind Breaker,4
1647,Free! - Iwatobi Swim Club,3
1647,The Promised Neverland,3
1647,Erased,3
1647,Yuri!!! on Ice,4
1647,Assassination Classroom,4
1647,Toradora!,2
1647,Naruto Shippuden,1
1648,Yuri!!! on Ice,5
1648,Free! - Iwatobi Swim Club,5
1648,Mashle: Magic and Muscles,5
1648,Haikyu!!,4
1648,The Eminence in Shadow,3
1648,Blue Lock,4
1648,Assassination Classroom,4
1648,Fire Force,3
1648,The Rising of the Shield Hero,5
1648,The Promised Neverland,3
1648,Log Horizon,4
1648,Kuroko's Basketball,3
1648,Erased,3
1648,Mushoku Tensei: Jobless Reincarnation,3
1648,Re:ZERO -Starting Life in Another World-,4
1648,KONOSUBA -God's blessing on this wonderful world!,4
1648,My Dress-Up Darling,2
1648,Wind Breaker,4
1648,Steins;Gate,2
1649,Death Note,3
1649,Odd Taxi,4
1649,Steins;Gate,3
1649,Banana Fish,4
1649,The Promised Neverland,4
1649,Attack on Titan,4
1649,Demon Slayer: Kimetsu no Yaiba,2
1649,The Apothecary Diaries,4
1649,Erased,3
1649,Code Geass,3
1649,Mashle: Magic and Muscles,2
1649,Psycho-Pass,3
1649,Assassination Classroom,1
1649,One Piece,2
1649,Kaiju No. 8,2
1649,Naruto Shippuden,2
1649,Fire Force,2
1649,Hunter x Hunter,2
1649,Your Lie in April,2
1649,The Eminence in Shadow,2
1649,Ranking of Kings,1
1649,Naruto,1
1649,Overlord,1
1649,Hell's Paradise,1
1649,My Dress-Up Darling,3
1650,Assassination Classroom,5
1650,KONOSUBA -God's blessing on this wonderful world!,5
1650,Clannad After Story,2
1650,Nichijou - My Ordinary Life,4
1650,Mashle: Magic and Muscles,5
1650,One-Punch Man,5
1650,Kaguya-sama: Love is War,5
1650,Gintama,4
1650,Mob Psycho 100,5
1650,Bocchi the Rock!,5
1650,Toradora!,3
1650,Spy x Family,5
1650,My Hero Academia,3
1650,The Rising of the Shield Hero,3
1650,Jujutsu Kaisen,3
1650,Solo Leveling,3
1650,Re:ZERO -Starting Life in Another World-,2
1650,Attack on Titan,2
1650,Tokyo Ghoul,2
1650,Fullmetal Alchemist: Brotherhood,2
1650,Vinland Saga,3
1650,Jojo's Bizarre Adventure,3
1650,Demon Slayer: Kimetsu no Yaiba,4
1650,The Apothecary Diaries,2
1650,Erased,3
1651,Your Lie in April,4
1651,My Dress-Up Darling,3
1651,Dandadan,4
1651,Laid-Back Camp,4
1651,Kaguya-sama: Love is War,5
1651,Rascal Does Not Dream of Bunny Girl Senpai,3
1651,Naruto Shippuden,2
1651,Mob Psycho 100,3
1651,One Piece,2
1651,Spy x Family,5
1651,Horimiya,4
1651,Haikyu!!,5
1652,Blue Lock,4
1652,Kuroko's Basketball,5
1652,Haikyu!!,4
1652,Wind Breaker,4
1652,Yuri!!! on Ice,4
1652,Assassination Classroom,5
1652,Clannad After Story,2
1652,My Dress-Up Darling,2
1652,Death Note,3
1652,Fruits Basket,3
1652,That Time I Got Reincarnated as a Slime,1
1652,Demon Slayer: Kimetsu no Yaiba,4
1652,Skip and Loafer,2
1652,The Eminence in Shadow,2
1652,Overlord,2
1652,Hell's Paradise,2
1652,Jujutsu Kaisen,2
1653,Wind Breaker,3
1653,Jojo's Bizarre Adventure,5
1653,Frieren: Beyond Journey's End,3
1653,Dandadan,4
1653,Chainsaw Man,5
1653,Black Clover,4
1653,Naruto,3
1653,Laid-Back Camp,2
1653,Demon Slayer: Kimetsu no Yaiba,4
1653,Kaiju No. 8,4
1653,Jujutsu Kaisen,4
1653,Toradora!,2
1653,Fruits Basket,1
1653,Kaguya-sama: Love is War,4
1653,Hell's Paradise,5
1654,Solo Leveling,5
1654,Steins;Gate,3
1654,Cowboy Bebop,4
1654,Naruto,5
1654,That Time I Got Reincarnated as a Slime,2
1654,Hell's Paradise,5
1654,Laid-Back Camp,3
1654,Jojo's Bizarre Adventure,5
1654,Wind Breaker,5
1654,Kaiju No. 8,5
1655,Free! - Iwatobi Swim Club,4
1655,Blue Lock,4
1655,Assassination Classroom,4
1655,Kaiju No. 8,2
1655,Kuroko's Basketball,5
1655,Wind Breaker,4
1655,Spy x Family,3
1655,Mushoku Tensei: Jobless Reincarnation,2
1655,Re:ZERO -Starting Life in Another World-,2
1655,Cowboy Bebop,3
1655,Haikyu!!,5
1655,Frieren: Beyond Journey's End,3
1655,Yuri!!! on Ice,5
1655,Fruits Basket,3
1655,Hunter x Hunter,2
1655,Mob Psycho 100,2
1655,Kaguya-sama: Love is War,4
1655,Ranking of Kings,2
1655,The Eminence in Shadow,2
1655,One Piece,2
1655,The Apothecary Diaries,2
1655,Laid-Back Camp,2
1655,Mashle: Magic and Muscles,2
1655,Toradora!,3
1656,Jojo's Bizarre Adventure,4
1656,Dragon Ball Super,5
1656,One Piece,3
1656,Solo Leveling,5
1656,Jujutsu Kaisen,4
1656,Fire Force,4
1656,Hell's Paradise,3
1656,My Hero Academia,4
1656,Demon Slayer: Kimetsu no Yaiba,5
1656,The Apothecary Diaries,2
1656,Chainsaw Man,4
1656,Kaiju No. 8,4
1656,Fruits Basket,2
1656,Bocchi the Rock!,2
1656,Dandadan,4
1656,Hunter x Hunter,3
1656,Erased,2
1656,Wind Breaker,4
1656,Log Horizon,2
1656,Black Clover,5
1656,Kuroko's Basketball,1
1656,Naruto,4
1656,Gintama,2
1656,Naruto Shippuden,4
1657,Demon Slayer: Kimetsu no Yaiba,3
1657,Mashle: Magic and Muscles,4
1657,Spy x Family,5
1657,Attack on Titan,3
1657,Assassination Classroom,4
1657,One-Punch Man,4
1657,Steins;Gate,1
1657,KONOSUBA -God's blessing on this wonderful world!,4
1657,Cowboy Bebop,2
1658,Horimiya,3
1658,Rascal Does Not Dream of Bunny Girl Senpai,4
1658,Your Lie in April,4
1658,Clannad After Story,4
1658,My Dress-Up Darling,3
1658,Toradora!,4
1658,Kaguya-sama: Love is War,4
1658,Jujutsu Kaisen,2
1658,Spy x Family,5
1658,Haikyu!!,1
1658,Fruits Basket,5
1658,Dandadan,4
1658,Tokyo Ghoul,2
1658,Steins;Gate,3
1658,Cowboy Bebop,2
1658,Demon Slayer: Kimetsu no Yaiba,3
1658,That Time I Got Reincarnated as a Slime,2
1658,Dr. Stone,1
1658,Vinland Saga,3
1658,Blue Lock,1
1658,Fullmetal Alchemist: Brotherhood,3
1659,Mushoku Tensei: Jobless Reincarnation,4
1659,Haikyu!!,4
1659,Free! - Iwatobi Swim Club,4
1659,That Time I Got Reincarnated as a Slime,5
1659,Re:ZERO -Starting Life in Another World-,3
1659,KONOSUBA -God's blessing on this wonderful world!,3
1659,The Apothecary Diaries,1
1659,The Rising of the Shield Hero,4
1659,Solo Leveling,2
1659,Wind Breaker,3
1659,Assassination Classroom,4
1659,Log Horizon,3
1659,Blue Lock,3
1659,The Eminence in Shadow,3
1659,Mashle: Magic and Muscles,3
1659,Kaguya-sama: Love is War,1
1659,Yuri!!! on Ice,4
1659,Hell's Paradise,1
1659,Kuroko's Basketball,4
1659,Overlord,3
1659,The Promised Neverland,1
1659,Your Lie in April,2
1659,Gintama,2
1659,One-Punch Man,1
1660,Yuri!!! on Ice,3
1660,Dr. Stone,2
1660,Horimiya,2
1660,Mushoku Tensei: Jobless Reincarnation,1
1660,Re:ZERO -Starting Life in Another World-,2
1660,Naruto,1
1660,Free! - Iwatobi Swim Club,4
1660,Made in Abyss,1
1661,Laid-Back Camp,5
1661,The Apothecary Diaries,5
1661,Banana Fish,5
1661,Mushishi,4
1661,Horimiya,3
1661,Neon Genesis Evangelion,4
1661,Kaiju No. 8,2
1661,Skip and Loafer,4
1661,Bocchi the Rock!,5
1661,Kuroko's Basketball,3
1661,Dr. Stone,5
1661,Vinland Saga,5
1661,Steins;Gate,5
1662,Haikyu!!,4
1662,Mushishi,4
1662,Dr. Stone,5
1662,Bocchi the Rock!,3
1662,Spy x Family,4
1662,The Apothecary Diaries,4
1662,Naruto Shippuden,2
1662,Frieren: Beyond Journey's End,4
1662,Death Note,3
1662,Ranking of Kings,3
1662,Nichijou - My Ordinary Life,3
1662,Skip and Loafer,5
1662,Horimiya,3
1663,Dandadan,4
1663,My Dress-Up Darling,5
1663,Mushishi,2
1663,Fruits Basket,5
1663,Toradora!,5
1663,Your Lie in April,5
1663,Ranking of Kings,3
1663,Bleach,4
1663,Rascal Does Not Dream of Bunny Girl Senpai,5
1663,Dr. Stone,2
1663,Spy x Family,5
1663,Kaguya-sama: Love is War,4
1663,Horimiya,5
1663,Dragon Ball Super,1
1664,One-Punch Man,4
1664,Spy x Family,4
1664,Kaguya-sama: Love is War,4
1664,Nichijou - My Ordinary Life,3
1664,Mob Psycho 100,5
1664,Gintama,3
1664,The Rising of the Shield Hero,2
1665,The Eminence in Shadow,5
1665,Overlord,4
1665,KONOSUBA -God's blessing on this wonderful world!,4
1665,Mushoku Tensei: Jobless Reincarnation,3
1665,Frieren: Beyond Journey's End,4
1665,The Rising of the Shield Hero,4
1665,Dr. Stone,2
1665,Spy x Family,3
1665,Mashle: Magic and Muscles,4
1665,Dandadan,2
1665,Re:ZERO -Starting Life in Another World-,4
1665,My Hero Academia,1
1665,Vinland Saga,2
1665,Solo Leveling,4
1665,That Time I Got Reincarnated as a Slime,4
1665,The Apothecary Diaries,2
1665,Skip and Loafer,2
1665,Black Clover,2
1666,Spy x Family,5
1666,Mob Psycho 100,3
1666,Mashle: Magic and Muscles,4
1666,Steins;Gate,4
1666,Bocchi the Rock!,3
1666,Kaguya-sama: Love is War,5
1666,Assassination Classroom,4
1666,Gintama,3
1666,Nichijou - My Ordinary Life,5
1666,One-Punch Man,3
1666,Fullmetal Alchemist: Brotherhood,2
1666,Death Note,2
1666,Vinland Saga,2
1666,Kaiju No. 8,4
1666,Dr. Stone,1
1666,Blue Lock,3
1666,KONOSUBA -God's blessing on this wonderful world!,2
1666,Solo Leveling,1
1666,Naruto Shippuden,2
1666,Jojo's Bizarre Adventure,2
1666,Horimiya,3
1666,Ranking of Kings,3
1666,Frieren: Beyond Journey's End,2
1666,My Hero Academia,2
1667,Neon Genesis Evangelion,4
1667,Death Note,3
1667,Attack on Titan,5
1667,Vinland Saga,4
1667,Hunter x Hunter,4
1667,Blue Lock,2
1667,Made in Abyss,4
1667,Wind Breaker,2
1667,Horimiya,2
1667,Fullmetal Alchemist: Brotherhood,4
1667,Steins;Gate,4
1667,Gintama,3
1667,Mushoku Tensei: Jobless Reincarnation,3
1667,Cowboy Bebop,4
1667,Banana Fish,2
1667,Frieren: Beyond Journey's End,4
1667,Log Horizon,1
1667,One Piece,2
1668,Your Lie in April,3
1668,Dandadan,4
1668,Assassination Classroom,2
1668,Kaguya-sama: Love is War,5
1668,Erased,4
1668,Code Geass,5
1668,The Apothecary Diaries,5
1668,Steins;Gate,4
1668,Fruits Basket,4
1668,Odd Taxi,4
1668,Psycho-Pass,5
1668,The Promised Neverland,5
1668,Death Note,4
1668,Toradora!,4
1668,Banana Fish,4
1668,Wind Breaker,2
1668,My Dress-Up Darling,4
1668,Hunter x Hunter,2
1668,Horimiya,4
1668,Sword Art Online,1
1668,Rascal Does Not Dream of Bunny Girl Senpai,5
1669,Naruto,2
1669,Yuri!!! on Ice,5
1669,Kuroko's Basketball,5
1669,Assassination Classroom,5
1669,Haikyu!!,5
1669,The Apothecary Diaries,3
1669,Vinland Saga,3
1669,Steins;Gate,2
1669,Free! - Iwatobi Swim Club,5
1669,Blue Lock,4
1670,Frieren: Beyond Journey's End,4
1670,Hunter x Hunter,2
1670,Dr. Stone,3
1670,Haikyu!!,4
1670,Ranking of Kings,4
1670,Mob Psycho 100,2
1670,Laid-Back Camp,3
1670,The Apothecary Diaries,5
1670,Bocchi the Rock!,5
1670,Nichijou - My Ordinary Life,4
1670,Mushishi,3
1670,Chainsaw Man,2
1670,Skip and Loafer,4
1670,Attack on Titan,2
1670,Yuri!!! on Ice,1
1670,Clannad After Story,3
1670,Jojo's Bizarre Adventure,2
1670,Spy x Family,5
1670,Kuroko's Basketball,2
1670,My Dress-Up Darling,3
1670,One-Punch Man,2
1671,Fruits Basket,4
1671,Vinland Saga,4
1671,Jujutsu Kaisen,3
1671,Frieren: Beyond Journey's End,4
1671,Cowboy Bebop,4
1671,Gintama,4
1671,Made in Abyss,5
1671,Neon Genesis Evangelion,4
1671,Steins;Gate,4
1671,Hunter x Hunter,5
1671,Mushishi,5
1671,Fire Force,3
1671,My Hero Academia,3
1671,Dr. Stone,3
1671,KONOSUBA -God's blessing on this wonderful world!,3
1671,Odd Taxi,2
1671,Fullmetal Alchemist: Brotherhood,5
1671,Kuroko's Basketball,3
1671,Attack on Titan,4
1671,Haikyu!!,2
1671,Nichijou - My Ordinary Life,4
1671,That Time I Got Reincarnated as a Slime,3
1671,Banana Fish,4
1672,Attack on Titan,4
1672,Ranking of Kings,4
1672,The Apothecary Diaries,5
1672,Steins;Gate,4
1672,Vinland Saga,3
1672,Bocchi the Rock!,4
1672,Psycho-Pass,3
1672,Spy x Family,5
1672,The Promised Neverland,5
1672,Code Geass,5
1672,Mashle: Magic and Muscles,3
1672,Skip and Loafer,4
1673,Fruits Basket,3
1673,Demon Slayer: Kimetsu no Yaiba,5
1673,Jojo's Bizarre Adventure,4
1673,Black Clover,5
1673,My Hero Academia,5
1673,Solo Leveling,4
1673,Wind Breaker,4
1673,Bleach,4
1673,Spy x Family,3
1673,Jujutsu Kaisen,5
1673,Dragon Ball Super,4
1673,One Piece,4
1673,Naruto,4
1673,Assassination Classroom,2
1673,Fire Force,3
1673,Hell's Paradise,5
1673,Dandadan,5
1673,The Promised Neverland,3
1673,Made in Abyss,2
1673,Naruto Shippuden,5
1673,Horimiya,2
1673,Hunter x Hunter,2
1673,KONOSUBA -God's blessing on this wonderful world!,4
1673,Kaiju No. 8,4
1674,Spy x Family,5
1674,Chainsaw Man,2
1674,Haikyu!!,5
1674,Skip and Loafer,5
1674,Laid-Back Camp,5
1674,Black Clover,3
1674,Nichijou - My Ordinary Life,5
1674,Bocchi the Rock!,5
1674,Dr. Stone,5
1674,The Apothecary Diaries,5
1674,Frieren: Beyond Journey's End,5
1674,Clannad After Story,2
1674,Ranking of Kings,5
1674,Mushishi,5
1674,Mob Psycho 100,3
1674,Gintama,4
1675,Mashle: Magic and Muscles,3
1675,The Eminence in Shadow,3
1675,The Apothecary Diaries,3
1675,Bocchi the Rock!,4
1675,Overlord,3
1675,That Time I Got Reincarnated as a Slime,4
1675,Frieren: Beyond Journey's End,4
1675,Solo Leveling,3
1675,KONOSUBA -God's blessing on this wonderful world!,3
1675,Skip and Loafer,4
1675,Mushishi,4
1675,Ranking of Kings,3
1675,Spy x Family,2
1675,Laid-Back Camp,3
1675,Haikyu!!,3
1675,Mushoku Tensei: Jobless Reincarnation,2
1675,Log Horizon,3
1676,Hunter x Hunter,3
1676,Attack on Titan,5
1676,KONOSUBA -God's blessing on this wonderful world!,4
1676,Chainsaw Man,3
1676,Demon Slayer: Kimetsu no Yaiba,1
1676,One Piece,3
1676,Steins;Gate,4
1676,Spy x Family,5
1676,Bocchi the Rock!,4
1676,Free! - Iwatobi Swim Club,2
1676,Fullmetal Alchemist: Brotherhood,4
1676,Banana Fish,4
1676,Mashle: Magic and Muscles,4
1676,Black Clover,1
1676,One-Punch Man,3
1676,Mushishi,4
1676,Yuri!!! on Ice,2
1676,Cowboy Bebop,4
1676,Kaguya-sama: Love is War,4
1676,Assassination Classroom,5
1676,Mob Psycho 100,4
1676,Vinland Saga,4
1676,Gintama,3
1676,Frieren: Beyond Journey's End,4
1677,Vinland Saga,4
1677,Solo Leveling,3
1677,Hunter x Hunter,4
1677,Made in Abyss,4
1677,Steins;Gate,4
1677,Kaiju No. 8,3
1677,Frieren: Beyond Journey's End,4
1677,Gintama,4
1677,Banana Fish,3
1677,Yuri!!! on Ice,2
1677,Mushoku Tensei: Jobless Reincarnation,2
1677,Cowboy Bebop,4
1677,Attack on Titan,4
1677,Fullmetal Alchemist: Brotherhood,4
1678,Hell's Paradise,3
1678,Solo Leveling,4
1678,Free! - Iwatobi Swim Club,3
1678,Jojo's Bizarre Adventure,4
1678,Demon Slayer: Kimetsu no Yaiba,5
1678,Kuroko's Basketball,4
1678,Naruto,4
1678,Black Clover,5
1678,Haikyu!!,4
1678,Naruto Shippuden,5
1678,Jujutsu Kaisen,5
1678,One Piece,3
1678,Fire Force,3
1678,Chainsaw Man,4
1678,Dandadan,4
1678,Bleach,2
1678,Yuri!!! on Ice,3
1678,Kaiju No. 8,4
1678,Steins;Gate,2
1678,Mob Psycho 100,2
1678,Cowboy Bebop,3
1678,Wind Breaker,3
1679,Horimiya,3
1679,The Promised Neverland,3
1679,Death Note,5
1679,Psycho-Pass,4
1679,Jujutsu Kaisen,2
1679,Spy x Family,5
1679,Bocchi the Rock!,4
1679,Haikyu!!,5
1679,Dr. Stone,5
1679,Ranking of Kings,4
1679,That Time I Got Reincarnated as a Slime,2
1679,Attack on Titan,5
1679,Laid-Back Camp,5
1679,Mushishi,3
1679,Nichijou - My Ordinary Life,4
1680,Demon Slayer: Kimetsu no Yaiba,5
1680,Hell's Paradise,5
1680,Kaiju No. 8,4
1680,Naruto,3
1680,Wind Breaker,4
1680,One Piece,4
1680,Solo Leveling,5
1680,Naruto Shippuden,4
1680,Dandadan,5
1680,Laid-Back Camp,3
1680,Fruits Basket,3
1680,Bleach,5
1680,Dragon Ball Super,5
1680,Nichijou - My Ordinary Life,3
1680,Jujutsu Kaisen,5
1680,Black Clover,3
1681,Demon Slayer: Kimetsu no Yaiba,2
1681,Vinland Saga,3
1681,Mob Psycho 100,3
1681,Bocchi the Rock!,5
1681,Gintama,4
1681,Hunter x Hunter,2
1681,Banana Fish,2
1681,Assassination Classroom,4
1681,KONOSUBA -God's blessing on this wonderful world!,4
1681,My Dress-Up Darling,1
1681,Spy x Family,3
1682,Black Clover,4
1682,One Piece,5
1682,Demon Slayer: Kimetsu no Yaiba,4
1682,Dandadan,5
1682,Dragon Ball Super,3
1682,Fire Force,4
1682,Solo Leveling,4
1683,Your Lie in April,5
1683,Clannad After Story,4
1683,Rascal Does Not Dream of Bunny Girl Senpai,5
1683,Dandadan,4
1683,My Dress-Up Darling,5
1683,Steins;Gate,3
1683,Fruits Basket,4
1683,Mushishi,3
1683,Banana Fish,3
1683,Death Note,2
1683,The Apothecary Diaries,3
1683,Spy x Family,5
1683,Hunter x Hunter,3
1683,Tokyo Ghoul,2
1683,Gintama,3
1683,Horimiya,5
1683,Yuri!!! on Ice,3
1683,The Promised Neverland,3
1683,The Eminence in Shadow,1
1683,Cowboy Bebop,2
1684,Log Horizon,4
1684,Mushoku Tensei: Jobless Reincarnation,5
1684,Attack on Titan,2
1684,The Rising of the Shield Hero,4
1684,Re:ZERO -Starting Life in Another World-,4
1684,That Time I Got Reincarnated as a Slime,4
1684,Solo Leveling,5
1684,Overlord,4
1684,Mashle: Magic and Muscles,5
1684,Clannad After Story,2
1684,Demon Slayer: Kimetsu no Yaiba,3
1684,The Eminence in Shadow,5
1684,KONOSUBA -God's blessing on this wonderful world!,5
1684,Hunter x Hunter,3
1684,My Dress-Up Darling,3
1684,Fruits Basket,3
1684,Kuroko's Basketball,3
1684,Dandadan,2
1684,Death Note,2
1685,Your Lie in April,3
1685,Clannad After Story,2
1685,Horimiya,3
1685,Kaguya-sama: Love is War,3
1685,Free! - Iwatobi Swim Club,3
1685,Spy x Family,4
1685,Blue Lock,2
1685,Dandadan,3
1685,Rascal Does Not Dream of Bunny Girl Senpai,3
1685,Toradora!,4
1685,Wind Breaker,3
1685,Yuri!!! on Ice,4
1685,My Dress-Up Darling,4
1685,Fruits Basket,3
1685,Kuroko's Basketball,3
1686,Kaguya-sama: Love is War,4
1686,One-Punch Man,4
1686,Gintama,4
1686,Neon Genesis Evangelion,1
1686,Mashle: Magic and Muscles,3
1686,Mob Psycho 100,4
1686,Assassination Classroom,4
1686,KONOSUBA -God's blessing on this wonderful world!,5
1686,Steins;Gate,3
1686,Nichijou - My Ordinary Life,5
1686,Spy x Family,5
1686,Jujutsu Kaisen,2
1686,The Promised Neverland,3
1686,Bocchi the Rock!,5
1686,Black Clover,2
1686,Fire Force,3
1686,Overlord,2
1686,Death Note,2
1686,Demon Slayer: Kimetsu no Yaiba,3
1686,Code Geass,2
1686,Laid-Back Camp,2
1686,Naruto Shippuden,2
1687,Demon Slayer: Kimetsu no Yaiba,2
1687,Your Lie in April,2
1687,Nichijou - My Ordinary Life,4
1687,Assassination Classroom,5
1687,Mob Psycho 100,5
1687,KONOSUBA -God's blessing on this wonderful world!,5
1687,Mashle: Magic and Muscles,4
1687,Bocchi the Rock!,5
1687,Spy x Family,4
1688,That Time I Got Reincarnated as a Slime,5
1688,Mashle: Magic and Muscles,4
1688,KONOSUBA -God's blessing on this wonderful world!,4
1688,Mushoku Tensei: Jobless Reincarnation,5
1688,The Eminence in Shadow,4
1688,Odd Taxi,2
1688,Nichijou - My Ordinary Life,2
1688,Dr. Stone,4
1688,Re:ZERO -Starting Life in Another World-,5
1688,Bocchi the Rock!,3
1688,Solo Leveling,5
1688,Overlord,4
1688,Frieren: Beyond Journey's End,3
1688,The Apothecary Diaries,2
1688,One Piece,3
1688,The Rising of the Shield Hero,4
1688,Log Horizon,5
1689,Skip and Loafer,5
1689,Bocchi the Rock!,5
1689,Wind Breaker,5
1689,Mushishi,5
1689,Spy x Family,5
1689,Jojo's Bizarre Adventure,5
1689,Haikyu!!,5
1690,Wind Breaker,4
1690,Free! - Iwatobi Swim Club,4
1690,Frieren: Beyond Journey's End,2
1690,KONOSUBA -God's blessing on this wonderful world!,2
1690,Yuri!!! on Ice,4
1690,Skip and Loafer,2
1690,Steins;Gate,4
1690,Odd Taxi,4
1690,Blue Lock,3
1690,Death Note,3
1690,Psycho-Pass,3
1690,Kuroko's Basketball,4
1690,Haikyu!!,5
1690,Banana Fish,3
1690,Erased,3
1691,Gintama,4
1691,Mushishi,4
1691,Cowboy Bebop,5
1691,Steins;Gate,5
1691,Attack on Titan,5
1691,KONOSUBA -God's blessing on this wonderful world!,2
1692,Laid-Back Camp,2
1692,Horimiya,5
1692,Dandadan,4
1692,Clannad After Story,5
1692,Frieren: Beyond Journey's End,4
1692,Spy x Family,4
1692,Rascal Does Not Dream of Bunny Girl Senpai,5
1692,Vinland Saga,5
1692,Attack on Titan,4
1692,Bocchi the Rock!,2
1692,Fullmetal Alchemist: Brotherhood,5
1692,Made in Abyss,4
1692,Your Lie in April,4
1692,My Dress-Up Darling,4
1692,Banana Fish,4
1693,Bocchi the Rock!,4
1693,Your Lie in April,2
1693,Jojo's Bizarre Adventure,3
1693,One-Punch Man,5
1693,Skip and Loafer,2
1693,Psycho-Pass,2
1693,Kaguya-sama: Love is War,5
1693,Assassination Classroom,4
1693,Nichijou - My Ordinary Life,4
1693,Mashle: Magic and Muscles,5
1693,The Rising of the Shield Hero,3
1693,Spy x Family,5
1693,Dandadan,4
1693,Mob Psycho 100,4
1693,Blue Lock,2
1693,Laid-Back Camp,3
1693,Jujutsu Kaisen,2
1693,Re:ZERO -Starting Life in Another World-,3
1694,Spy x Family,5
1694,The Rising of the Shield Hero,3
1694,Toradora!,5
1694,Your Lie in April,4
1694,My Dress-Up Darling,5
1694,Rascal Does Not Dream of Bunny Girl Senpai,5
1695,Fullmetal Alchemist: Brotherhood,4
1695,Gintama,4
1695,Mushishi,5
1695,Hunter x Hunter,5
1695,Vinland Saga,5
1695,Made in Abyss,5
1695,Steins;Gate,5
1695,Banana Fish,3
1695,Attack on Titan,4
1695,Frieren: Beyond Journey's End,3
1695,Cowboy Bebop,4
1695,Mob Psycho 100,1
1695,Horimiya,2
1695,Nichijou - My Ordinary Life,2
1695,Naruto,2
1695,That Time I Got Reincarnated as a Slime,3
1695,Neon Genesis Evangelion,3
1695,Ranking of Kings,2
1695,The Apothecary Diaries,1
1695,Naruto Shippuden,1
1695,Dragon Ball Super,3
1695,Fruits Basket,2
1695,Psycho-Pass,2
1695,Dandadan,2
1696,KONOSUBA -God's blessing on this wonderful world!,4
1696,Bocchi the Rock!,5
1696,Assassination Classroom,4
1696,Kaguya-sama: Love is War,4
1696,One-Punch Man,5
1696,Fullmetal Alchemist: Brotherhood,3
1696,Clannad After Story,2
1696,Mashle: Magic and Muscles,4
1696,Hell's Paradise,2
1696,Nichijou - My Ordinary Life,4
1696,Gintama,4
1696,Fire Force,2
1696,Spy x Family,5
1696,Mob Psycho 100,3
1697,KONOSUBA -God's blessing on this wonderful world!,3
1697,That Time I Got Reincarnated as a Slime,3
1697,Attack on Titan,3
1697,Horimiya,5
1697,Clannad After Story,4
1697,Solo Leveling,5
1697,Re:ZERO -Starting Life in Another World-,3
1697,Dandadan,4
1697,Mashle: Magic and Muscles,4
1697,The Eminence in Shadow,4
1697,Fruits Basket,4
1697,Naruto,3
1698,Hunter x Hunter,3
1698,Fullmetal Alchemist: Brotherhood,4
1698,Gintama,5
1698,Frieren: Beyond Journey's End,4
1698,Horimiya,3
1698,Death Note,2
1698,Made in Abyss,4
1698,Banana Fish,4
1698,Vinland Saga,4
1698,Cowboy Bebop,4
1698,Rascal Does Not Dream of Bunny Girl Senpai,3
1698,Naruto,2
1698,Mushishi,3
1698,Attack on Titan,5
1698,Spy x Family,2
1698,One-Punch Man,2
1698,The Promised Neverland,2
1698,Steins;Gate,5
1698,Dragon Ball Super,2
1698,Your Lie in April,2
1698,Toradora!,2
1698,The Eminence in Shadow,2
1698,Neon Genesis Evangelion,4
1698,Naruto Shippuden,1
1699,Fruits Basket,3
1699,Steins;Gate,5
1699,Made in Abyss,4
1699,Gintama,5
1699,Kuroko's Basketball,5
1699,Frieren: Beyond Journey's End,4
1700,Attack on Titan,5
1700,Steins;Gate,5
1700,Frieren: Beyond Journey's End,4
1700,One Piece,2
1700,Mushishi,4
1700,Kaiju No. 8,4
1700,Cowboy Bebop,4
1700,Hunter x Hunter,5
1700,Vinland Saga,5
1700,Fullmetal Alchemist: Brotherhood,4
1700,Banana Fish,5
1700,Made in Abyss,5
1700,Dragon Ball Super,2
1700,Skip and Loafer,3
1700,Dandadan,4
1700,Code Geass,2
1700,Neon Genesis Evangelion,5
1700,Gintama,4
1700,The Apothecary Diaries,2
1700,Spy x Family,2
1700,Toradora!,2
1700,Fire Force,2
1700,Odd Taxi,3
1700,Bocchi the Rock!,3
1701,Black Clover,4
1701,Chainsaw Man,5
1701,Frieren: Beyond Journey's End,4
1701,My Hero Academia,4
1701,Dragon Ball Super,5
1701,Vinland Saga,2
1702,Demon Slayer: Kimetsu no Yaiba,5
1702,Kaguya-sama: Love is War,3
1702,Jojo's Bizarre Adventure,5
1702,Jujutsu Kaisen,5
1702,One Piece,5
1702,Naruto Shippuden,5
1702,Rascal Does Not Dream of Bunny Girl Senpai,2
1702,Bleach,4
1702,Dragon Ball Super,5
1702,Solo Leveling,5
1702,Chainsaw Man,5
1702,Naruto,4
1702,Dandadan,5
1703,Dandadan,2
1703,Blue Lock,3
1703,Yuri!!! on Ice,4
1703,Fullmetal Alchemist: Brotherhood,2
1703,Mob Psycho 100,2
1703,Kaiju No. 8,3
1703,Demon Slayer: Kimetsu no Yaiba,2
1703,The Promised Neverland,3
1703,Laid-Back Camp,4
1703,Haikyu!!,5
1703,Wind Breaker,5
1703,Re:ZERO -Starting Life in Another World-,3
1703,Chainsaw Man,3
1703,Odd Taxi,1
1704,Solo Leveling,3
1704,Bocchi the Rock!,5
1704,Spy x Family,4
1704,One-Punch Man,5
1704,Nichijou - My Ordinary Life,5
1704,Rascal Does Not Dream of Bunny Girl Senpai,5
1704,My Dress-Up Darling,4
1704,Mob Psycho 100,4
1704,One Piece,3
1704,Your Lie in April,4
1704,Dandadan,5
1704,Clannad After Story,5
1705,Bocchi the Rock!,4
1705,One-Punch Man,4
1705,Skip and Loafer,3
1705,Spy x Family,4
1705,The Rising of the Shield Hero,1
1705,Nichijou - My Ordinary Life,3
1705,Kaguya-sama: Love is War,4
1706,Solo Leveling,4
1706,Kaiju No. 8,5
1706,Assassination Classroom,5
1706,Demon Slayer: Kimetsu no Yaiba,3
1706,Spy x Family,5
1706,One Piece,4
1706,Hell's Paradise,4
1706,My Hero Academia,5
1706,Nichijou - My Ordinary Life,4
1706,Mashle: Magic and Muscles,5
1706,KONOSUBA -God's blessing on this wonderful world!,4
1706,Dragon Ball Super,5
1706,Kaguya-sama: Love is War,5
1706,Mob Psycho 100,5
1706,Jujutsu Kaisen,5
1706,Naruto Shippuden,4
1706,Yuri!!! on Ice,3
1706,Haikyu!!,2
1707,Kaguya-sama: Love is War,5
1707,Steins;Gate,4
1707,Gintama,4
1707,Mashle: Magic and Muscles,3
1707,One-Punch Man,4
1707,Spy x Family,5
1707,KONOSUBA -God's blessing on this wonderful world!,4
1707,Mushishi,4
1707,Cowboy Bebop,5
1707,Assassination Classroom,4
1707,Ranking of Kings,2
1708,Skip and Loafer,2
1708,Kuroko's Basketball,2
1708,Spy x Family,4
1708,Laid-Back Camp,4
1708,Yuri!!! on Ice,4
1708,Mushishi,4
1708,Assassination Classroom,5
1708,Blue Lock,3
1708,Solo Leveling,2
1708,Wind Breaker,5
1708,Dr. Stone,3
1708,The Apothecary Diaries,5
1708,Haikyu!!,5
1708,Nichijou - My Ordinary Life,4
1708,Bocchi the Rock!,3
1708,Free! - Iwatobi Swim Club,5
1708,Banana Fish,3
1708,Ranking of Kings,4
1708,Odd Taxi,3
1708,Mushoku Tensei: Jobless Reincarnation,1
1708,Fullmetal Alchemist: Brotherhood,2
1708,One-Punch Man,2
1708,Frieren: Beyond Journey's End,3
1708,The Promised Neverland,2
1708,My Dress-Up Darling,2
1709,Dandadan,5
1709,Naruto Shippuden,4
1709,Solo Leveling,4
1709,One Piece,5
1709,Bleach,3
1709,The Eminence in Shadow,3
1709,Wind Breaker,4
1709,Dragon Ball Super,5
1709,Jujutsu Kaisen,3
1709,Assassination Classroom,3
1709,Chainsaw Man,3
1709,Demon Slayer: Kimetsu no Yaiba,4
1709,My Hero Academia,4
1709,Black Clover,4
1709,Jojo's Bizarre Adventure,5
1710,Mushoku Tensei: Jobless Reincarnation,5
1710,The Promised Neverland,2
1710,Gintama,2
1710,Mashle: Magic and Muscles,3
1710,One Piece,2
1710,Re:ZERO -Starting Life in Another World-,4
1710,That Time I Got Reincarnated as a Slime,4
1710,The Rising of the Shield Hero,3
1710,Overlord,3
1711,Skip and Loafer,5
1711,Mashle: Magic and Muscles,5
1711,Kaguya-sama: Love is War,4
1711,Spy x Family,4
1711,The Apothecary Diaries,5
1711,One-Punch Man,4
1711,KONOSUBA -God's blessing on this wonderful world!,4
1711,Laid-Back Camp,5
1711,Mob Psycho 100,4
1712,Fruits Basket,4
1712,Clannad After Story,4
1712,My Dress-Up Darling,4
1712,Toradora!,5
1712,Dandadan,4
1712,Your Lie in April,4
1712,Kaguya-sama: Love is War,4
1713,Kuroko's Basketball,4
1713,Free! - Iwatobi Swim Club,5
1713,Solo Leveling,2
1713,Blue Lock,4
1713,Gintama,3
1713,Demon Slayer: Kimetsu no Yaiba,3
1713,Haikyu!!,5
1713,Yuri!!! on Ice,5
1713,Death Note,3
1713,My Hero Academia,4
1713,Assassination Classroom,5
1713,Clannad After Story,2
1713,Wind Breaker,4
1713,Vinland Saga,3
1713,Chainsaw Man,2
1713,Mushishi,1
1713,Hell's Paradise,3
1714,Dandadan,4
1714,Horimiya,4
1714,Made in Abyss,2
1714,Odd Taxi,2
1714,Naruto Shippuden,2
1714,Your Lie in April,4
1714,Fruits Basket,3
1714,Rascal Does Not Dream of Bunny Girl Senpai,4
1714,Toradora!,5
1715,Naruto,3
1715,Skip and Loafer,3
1715,Wind Breaker,4
1715,Solo Leveling,4
1715,One Piece,3
1715,Black Clover,3
1715,Dandadan,4
1715,My Hero Academia,5
1715,Chainsaw Man,4
1715,Jojo's Bizarre Adventure,4
1715,Rascal Does Not Dream of Bunny Girl Senpai,2
1715,Naruto Shippuden,4
1715,Kaiju No. 8,5
1715,Mob Psycho 100,3
1715,Frieren: Beyond Journey's End,3
1715,Demon Slayer: Kimetsu no Yaiba,5
1715,Assassination Classroom,2
1715,Made in Abyss,2
1715,Fire Force,2
1715,Yuri!!! on Ice,2
1716,Free! - Iwatobi Swim Club,5
1716,Vinland Saga,5
1716,Assassination Classroom,5
1716,Wind Breaker,5
1716,Yuri!!! on Ice,4
1716,Steins;Gate,5
1716,Mob Psycho 100,3
1716,Haikyu!!,5
1716,That Time I Got Reincarnated as a Slime,3
1716,Gintama,5
1716,Jujutsu Kaisen,2
1717,Blue Lock,3
1717,KONOSUBA -God's blessing on this wonderful world!,5
1717,Kaguya-sama: Love is War,4
1717,Mob Psycho 100,5
1717,Nichijou - My Ordinary Life,4
1717,Yuri!!! on Ice,4
1717,Bocchi the Rock!,4
1717,Your Lie in April,1
1717,Gintama,4
1717,My Dress-Up Darling,2
1717,Wind Breaker,4
1717,Haikyu!!,4
1717,Assassination Classroom,4
1717,Demon Slayer: Kimetsu no Yaiba,3
1718,Neon Genesis Evangelion,4
1718,Dandadan,3
1718,Fullmetal Alchemist: Brotherhood,4
1718,Toradora!,4
1718,Made in Abyss,4
1718,Mushishi,4
1718,Assassination Classroom,1
1718,Frieren: Beyond Journey's End,5
1718,Fruits Basket,5
1718,Vinland Saga,4
1718,My Dress-Up Darling,4
1718,Hunter x Hunter,4
1718,Kaguya-sama: Love is War,4
1718,Clannad After Story,5
1718,Steins;Gate,4
1719,KONOSUBA -God's blessing on this wonderful world!,5
1719,Mob Psycho 100,5
1719,Mashle: Magic and Muscles,5
1719,Fruits Basket,5
1719,Spy x Family,5
1719,Toradora!,5
1719,Assassination Classroom,5
1719,Gintama,5
1719,Bocchi the Rock!,5
1719,Clannad After Story,4
1719,Erased,3
1719,Your Lie in April,5
1719,The Promised Neverland,3
1719,Nichijou - My Ordinary Life,4
1719,Psycho-Pass,3
1719,My Dress-Up Darling,4
1719,Rascal Does Not Dream of Bunny Girl Senpai,5
1720,Rascal Does Not Dream of Bunny Girl Senpai,4
1720,Erased,4
1720,Steins;Gate,5
1720,My Dress-Up Darling,4
1720,That Time I Got Reincarnated as a Slime,2
1720,The Rising of the Shield Hero,3
1720,Cowboy Bebop,3
1720,Your Lie in April,5
1720,Odd Taxi,5
1720,Kaguya-sama: Love is War,5
1720,Clannad After Story,4
1720,Dandadan,5
1720,Solo Leveling,2
1721,Blue Lock,4
1721,Mashle: Magic and Muscles,4
1721,Kaguya-sama: Love is War,4
1721,KONOSUBA -God's blessing on this wonderful world!,5
1721,Fire Force,3
1721,Haikyu!!,5
1721,The Apothecary Diaries,2
1721,Kuroko's Basketball,5
1721,Bocchi the Rock!,5
1721,Free! - Iwatobi Swim Club,4
1721,Gintama,4
1721,Black Clover,2
1721,Assassination Classroom,4
1721,Frieren: Beyond Journey's End,4
1721,Yuri!!! on Ice,5
1721,Wind Breaker,4
1721,Neon Genesis Evangelion,2
1721,Hunter x Hunter,3
1721,Toradora!,3
1721,Spy x Family,5
1722,Frieren: Beyond Journey's End,4
1722,Hunter x Hunter,4
1722,Cowboy Bebop,4
1722,Vinland Saga,4
1722,Steins;Gate,4
1722,Fullmetal Alchemist: Brotherhood,4
1722,Banana Fish,4
1722,Attack on Titan,4
1722,Gintama,4
1722,Neon Genesis Evangelion,4
1722,Solo Leveling,2
1723,Rascal Does Not Dream of Bunny Girl Senpai,3
1723,Hell's Paradise,3
1723,Steins;Gate,4
1723,The Apothecary Diaries,4
1723,Overlord,1
1723,Solo Leveling,2
1723,Code Geass,3
1723,Banana Fish,3
1724,Hell's Paradise,3
1724,Bleach,5
1724,Chainsaw Man,4
1724,Naruto,4
1724,Black Clover,4
1724,Kaiju No. 8,5
1724,Demon Slayer: Kimetsu no Yaiba,4
1724,Clannad After Story,2
1724,Naruto Shippuden,2
1724,Fire Force,4
1724,Frieren: Beyond Journey's End,2
1724,Hunter x Hunter,2
1724,One Piece,4
1724,My Hero Academia,4
1724,Dandadan,4
1724,Jojo's Bizarre Adventure,3
1724,Jujutsu Kaisen,4
1725,Banana Fish,4
1725,Attack on Titan,4
1725,Erased,4
1725,Code Geass,5
1725,Your Lie in April,3
1725,The Promised Neverland,3
1726,Psycho-Pass,2
1726,Assassination Classroom,4
1726,Kaguya-sama: Love is War,4
1726,KONOSUBA -God's blessing on this wonderful world!,3
1726,Wind Breaker,2
1726,Spy x Family,4
1726,One-Punch Man,3
1726,Rascal Does Not Dream of Bunny Girl Senpai,2
1726,Bocchi the Rock!,4
1726,Dr. Stone,2
1726,Gintama,3
1726,Laid-Back Camp,2
1726,One Piece,2
1726,Naruto,1
1727,Banana Fish,4
1727,Death Note,4
1727,Code Geass,5
1727,Kuroko's Basketball,3
1727,Steins;Gate,5
1727,One-Punch Man,2
1727,Attack on Titan,4
1727,Mob Psycho 100,2
1727,Odd Taxi,4
1727,The Promised Neverland,4
1727,Erased,4
1727,Fullmetal Alchemist: Brotherhood,2
1727,That Time I Got Reincarnated as a Slime,2
1727,Hunter x Hunter,2
1727,Yuri!!! on Ice,3
1727,The Apothecary Diaries,5
1727,Dandadan,2
1727,Naruto,1
1727,Kaiju No. 8,2
1727,Psycho-Pass,4
1727,Horimiya,2
1727,Free! - Iwatobi Swim Club,2
1727,The Eminence in Shadow,3
1728,Hunter x Hunter,5
1728,Cowboy Bebop,4
1728,Black Clover,4
1728,Frieren: Beyond Journey's End,3
1728,Demon Slayer: Kimetsu no Yaiba,4
1728,Attack on Titan,4
1728,Steins;Gate,5
1728,Jojo's Bizarre Adventure,4
1728,Solo Leveling,5
1728,KONOSUBA -God's blessing on this wonderful world!,3
1728,Gintama,4
1728,Jujutsu Kaisen,4
1728,Kuroko's Basketball,2
1728,Kaiju No. 8,4
1728,Vinland Saga,4
1728,Bleach,4
1728,My Hero Academia,4
1728,Chainsaw Man,5
1728,Wind Breaker,4
1728,Naruto Shippuden,4
1728,Fire Force,4
1728,One Piece,5
1728,Dandadan,4
1728,Naruto,3
1728,Dragon Ball Super,4
1729,Code Geass,5
1729,Blue Lock,5
1729,Odd Taxi,5
1729,Erased,5
1729,Death Note,5
1729,Laid-Back Camp,2
1729,The Apothecary Diaries,5
1729,Haikyu!!,5
1729,Kuroko's Basketball,5
1729,Yuri!!! on Ice,4
1729,Wind Breaker,5
1729,Assassination Classroom,5
1729,Attack on Titan,5
1729,Psycho-Pass,5
1729,Cowboy Bebop,4
1729,Free! - Iwatobi Swim Club,4
1729,Jojo's Bizarre Adventure,3
1730,Demon Slayer: Kimetsu no Yaiba,2
1730,That Time I Got Reincarnated as a Slime,5
1730,Vinland Saga,3
1730,Log Horizon,5
1730,My Hero Academia,4
1730,The Eminence in Shadow,5
1730,Re:ZERO -Starting Life in Another World-,4
1730,Mushoku Tensei: Jobless Reincarnation,5
1730,Mashle: Magic and Muscles,4
1730,Rascal Does Not Dream of Bunny Girl Senpai,3
1731,Wind Breaker,2
1731,Rascal Does Not Dream of Bunny Girl Senpai,5
1731,Dandadan,3
1731,Toradora!,5
1731,Bocchi the Rock!,5
1731,Gintama,5
1731,Clannad After Story,4
1731,Kaguya-sama: Love is War,5
1731,One-Punch Man,5
1731,Nichijou - My Ordinary Life,3
1731,Your Lie in April,5
1731,Fruits Basket,4
1731,Steins;Gate,2
1731,Mob Psycho 100,4
1731,Assassination Classroom,5
1731,Banana Fish,2
1732,The Promised Neverland,3
1732,Cowboy Bebop,5
1732,Frieren: Beyond Journey's End,4
1732,Erased,4
1732,Made in Abyss,3
1732,Neon Genesis Evangelion,2
1732,Attack on Titan,5
1733,The Rising of the Shield Hero,3
1733,Chainsaw Man,5
1733,Erased,4
1733,Solo Leveling,5
1733,Bocchi the Rock!,4
1733,Naruto,4
1733,Steins;Gate,4
1733,Mushishi,2
1733,The Apothecary Diaries,4
1733,Kaiju No. 8,5
1733,Dandadan,5
1733,Banana Fish,5
1734,Dragon Ball Super,2
1734,Wind Breaker,3
1734,Chainsaw Man,2
1734,Dandadan,3
1734,Attack on Titan,3
1734,Jujutsu Kaisen,3
1734,Black Clover,4
1734,Gintama,3
1734,Fullmetal Alchemist: Brotherhood,3
1734,Naruto Shippuden,2
1734,That Time I Got Reincarnated as a Slime,3
1734,Mushishi,3
1734,Hunter x Hunter,4
1734,Vinland Saga,2
1734,Banana Fish,3
1735,Kaguya-sama: Love is War,5
1735,Gintama,4
1735,KONOSUBA -God's blessing on this wonderful world!,5
1735,Spy x Family,5
1735,Assassination Classroom,4
1735,Cowboy Bebop,3
1735,One-Punch Man,4
1735,Mob Psycho 100,4
1735,Erased,2
1735,Nichijou - My Ordinary Life,3
1736,Fullmetal Alchemist: Brotherhood,2
1736,Solo Leveling,5
1736,Mashle: Magic and Muscles,5
1736,The Rising of the Shield Hero,5
1736,Wind Breaker,5
1736,Kaiju No. 8,2
1736,Yuri!!! on Ice,5
1736,Re:ZERO -Starting Life in Another World-,5
1736,Log Horizon,4
1736,Vinland Saga,3
1736,Haikyu!!,4
1736,That Time I Got Reincarnated as a Slime,5
1736,Steins;Gate,5
1736,Mushoku Tensei: Jobless Reincarnation,4
1736,Laid-Back Camp,4
1736,Assassination Classroom,5
1736,KONOSUBA -God's blessing on this wonderful world!,4
1736,Overlord,5
1736,The Eminence in Shadow,4
1736,Mushishi,3
1736,Kaguya-sama: Love is War,4
1736,Frieren: Beyond Journey's End,3
1736,Free! - Iwatobi Swim Club,5
1737,Assassination Classroom,4
1737,Naruto Shippuden,2
1737,Wind Breaker,5
1737,Your Lie in April,5
1737,Erased,3
1737,Fruits Basket,4
1737,Rascal Does Not Dream of Bunny Girl Senpai,3
1737,Blue Lock,5
1738,Clannad After Story,3
1738,Spy x Family,4
1738,Nichijou - My Ordinary Life,3
1738,Fruits Basket,4
1738,Bocchi the Rock!,3
1738,Horimiya,3
1738,Rascal Does Not Dream of Bunny Girl Senpai,3
1738,Your Lie in April,4
1738,Kaguya-sama: Love is War,3
1738,One-Punch Man,2
1738,KONOSUBA -God's blessing on this wonderful world!,3
1738,Mob Psycho 100,3
1738,Toradora!,3
1738,Laid-Back Camp,1
1738,Psycho-Pass,1
1738,My Dress-Up Darling,4
1738,Gintama,2
1738,Assassination Classroom,3
1738,Solo Leveling,2
1738,Log Horizon,1
1739,Chainsaw Man,2
1739,KONOSUBA -God's blessing on this wonderful world!,4
1739,The Eminence in Shadow,5
1739,Fullmetal Alchemist: Brotherhood,2
1739,That Time I Got Reincarnated as a Slime,5
1739,Re:ZERO -Starting Life in Another World-,2
1739,Sword Art Online,4
1739,Demon Slayer: Kimetsu no Yaiba,1
1739,Toradora!,2
1739,Overlord,2
1739,Spy x Family,2
1739,The Rising of the Shield Hero,4
1739,One-Punch Man,1
1739,Log Horizon,3
1739,Mushoku Tensei: Jobless Reincarnation,4
1739,Fire Force,2
1739,Solo Leveling,3
1739,Attack on Titan,3
1739,Wind Breaker,3
1739,My Hero Academia,3
1739,Haikyu!!,1
1739,Kaiju No. 8,1
1740,Odd Taxi,5
1740,Death Note,5
1740,The Apothecary Diaries,4
1740,Code Geass,4
1740,Kuroko's Basketball,1
1740,Steins;Gate,5
1740,Assassination Classroom,3
1740,Banana Fish,4
1740,Erased,4
1740,Overlord,2
1740,The Promised Neverland,5
1740,Attack on Titan,5
1740,Dr. Stone,3
1740,Dragon Ball Super,2
1740,Wind Breaker,3
1740,That Time I Got Reincarnated as a Slime,3
1740,Naruto,3
1740,Nichijou - My Ordinary Life,2
1740,Kaiju No. 8,3
1740,Psycho-Pass,4
1740,Naruto Shippuden,3
1740,Bocchi the Rock!,3
1741,Banana Fish,5
1741,Psycho-Pass,4
1741,The Promised Neverland,3
1741,Haikyu!!,5
1741,Yuri!!! on Ice,5
1741,Attack on Titan,5
1741,Laid-Back Camp,3
1741,Steins;Gate,5
1741,Free! - Iwatobi Swim Club,4
1741,Wind Breaker,5
1741,The Apothecary Diaries,5
1741,Mushoku Tensei: Jobless Reincarnation,2
1741,Erased,5
1741,Death Note,5
1741,Re:ZERO -Starting Life in Another World-,2
1741,Mushishi,2
1741,Odd Taxi,5
1741,Code Geass,4
1741,One Piece,2
1741,Kuroko's Basketball,5
1741,Blue Lock,4
1741,That Time I Got Reincarnated as a Slime,3
1741,Assassination Classroom,5
1741,My Hero Academia,3
1741,Demon Slayer: Kimetsu no Yaiba,2
1742,Your Lie in April,4
1742,Mushoku Tensei: Jobless Reincarnation,5
1742,Fruits Basket,4
1742,The Eminence in Shadow,4
1742,Toradora!,4
1742,The Rising of the Shield Hero,5
1742,Mashle: Magic and Muscles,3
1742,Kaguya-sama: Love is War,5
1742,Solo Leveling,4
1742,Re:ZERO -Starting Life in Another World-,4
1742,Black Clover,3
1742,One-Punch Man,2
1742,My Dress-Up Darling,4
1743,Spy x Family,5
1743,The Promised Neverland,2
1743,Kaguya-sama: Love is War,4
1743,Skip and Loafer,5
1743,Ranking of Kings,3
1743,The Apothecary Diaries,5
1744,The Apothecary Diaries,2
1744,Made in Abyss,3
1744,One-Punch Man,5
1744,Spy x Family,5
1744,Clannad After Story,3
1744,Vinland Saga,2
1744,Hunter x Hunter,3
1745,The Apothecary Diaries,3
1745,Attack on Titan,5
1745,Fruits Basket,2
1745,Steins;Gate,3
1745,Erased,5
1745,Death Note,3
1745,The Eminence in Shadow,2
1745,Mob Psycho 100,1
1745,Bocchi the Rock!,2
1745,Clannad After Story,2
1745,Jujutsu Kaisen,1
1745,Code Geass,3
1745,Banana Fish,3
1745,Laid-Back Camp,1
1745,Vinland Saga,1
1745,Dragon Ball Super,2
1745,Odd Taxi,4
1746,Psycho-Pass,5
1746,The Apothecary Diaries,5
1746,Steins;Gate,5
1746,Erased,4
1746,My Dress-Up Darling,4
1746,Kaguya-sama: Love is War,4
1746,Code Geass,4
1746,Attack on Titan,5
1746,Dandadan,5
1746,Rascal Does Not Dream of Bunny Girl Senpai,4
1746,Banana Fish,5
1747,Mushoku Tensei: Jobless Reincarnation,2
1747,Demon Slayer: Kimetsu no Yaiba,3
1747,Jujutsu Kaisen,5
1747,Kaiju No. 8,4
1747,Bleach,4
1747,Black Clover,4
1747,Solo Leveling,4
1747,My Hero Academia,3
1747,Naruto,3
1747,One Piece,4
1747,Frieren: Beyond Journey's End,3
1747,Laid-Back Camp,3
1747,Dandadan,3
1747,Fire Force,4
1747,Toradora!,1
1747,Dragon Ball Super,4
1747,Wind Breaker,4
1747,Jojo's Bizarre Adventure,4
1747,Mob Psycho 100,2
1747,Chainsaw Man,5
1748,Steins;Gate,5
1748,Rascal Does Not Dream of Bunny Girl Senpai,5
1748,Psycho-Pass,5
1748,Re:ZERO -Starting Life in Another World-,3
1748,Erased,4
1748,Demon Slayer: Kimetsu no Yaiba,3
1748,The Promised Neverland,4
1748,Kaguya-sama: Love is War,5
1748,The Rising of the Shield Hero,2
1748,My Dress-Up Darling,5
1748,Code Geass,5
1748,Attack on Titan,5
1748,Clannad After Story,4
1748,Dragon Ball Super,2
1749,Naruto Shippuden,4
1749,Dandadan,5
1749,Jojo's Bizarre Adventure,5
1749,Fire Force,4
1749,Dragon Ball Super,5
1749,Demon Slayer: Kimetsu no Yaiba,4
1749,Chainsaw Man,4
1749,Jujutsu Kaisen,5
1750,Mushoku Tensei: Jobless Reincarnation,5
1750,KONOSUBA -God's blessing on this wonderful world!,5
1750,Re:ZERO -Starting Life in Another World-,4
1750,Psycho-Pass,3
1750,Ranking of Kings,2
1750,Hunter x Hunter,3
1750,Haikyu!!,4
1750,The Rising of the Shield Hero,3
1750,Wind Breaker,4
1750,Blue Lock,3
1750,Mob Psycho 100,2
1750,Solo Leveling,5
1750,Yuri!!! on Ice,3
1750,Mashle: Magic and Muscles,3
1750,Overlord,5
1750,Assassination Classroom,4
1750,Free! - Iwatobi Swim Club,4
1750,The Eminence in Shadow,4
1750,Bocchi the Rock!,2
1750,One Piece,3
1750,Fruits Basket,3
1750,Log Horizon,4
1750,That Time I Got Reincarnated as a Slime,5
1751,Death Note,2
1751,Vinland Saga,1
1751,Mashle: Magic and Muscles,4
1751,One-Punch Man,5
1751,Assassination Classroom,5
1751,Gintama,4
1751,Nichijou - My Ordinary Life,3
1751,Bleach,1
1752,Jujutsu Kaisen,5
1752,Black Clover,4
1752,Bleach,2
1752,Naruto,3
1752,Dandadan,5
1752,Solo Leveling,4
1752,One Piece,4
1752,Hunter x Hunter,2
1752,Frieren: Beyond Journey's End,2
1752,Naruto Shippuden,4
1752,Chainsaw Man,4
1752,Mushoku Tensei: Jobless Reincarnation,1
1752,Jojo's Bizarre Adventure,3
1752,My Hero Academia,3
1752,Demon Slayer: Kimetsu no Yaiba,4
1752,Fire Force,4
1752,Attack on Titan,2
1752,Haikyu!!,3
1753,Mashle: Magic and Muscles,4
1753,Blue Lock,2
1753,The Eminence in Shadow,2
1753,Gintama,4
1753,Bocchi the Rock!,4
1753,Assassination Classroom,4
1754,Cowboy Bebop,5
1754,Attack on Titan,5
1754,Gintama,4
1754,Banana Fish,5
1754,Steins;Gate,5
1754,Vinland Saga,5
1754,Free! - Iwatobi Swim Club,2
1754,Frieren: Beyond Journey's End,4
1754,Spy x Family,2
1754,Hunter x Hunter,5
1754,Made in Abyss,4
1754,Mushishi,5
1754,One Piece,2
1755,Rascal Does Not Dream of Bunny Girl Senpai,4
1755,Mob Psycho 100,2
1755,Fruits Basket,5
1755,Spy x Family,5
1755,Blue Lock,2
1755,Erased,2
1755,Horimiya,4
1755,Toradora!,4
1755,Dandadan,4
1755,My Dress-Up Darling,5
1755,Clannad After Story,3
1755,Free! - Iwatobi Swim Club,2
1755,Dragon Ball Super,1
1755,Your Lie in April,4
1755,Log Horizon,1
1756,Code Geass,5
1756,Kuroko's Basketball,3
1756,Psycho-Pass,5
1756,Death Note,5
1756,Banana Fish,5
1756,Attack on Titan,4
1756,Steins;Gate,5
1756,The Apothecary Diaries,5
1756,Spy x Family,3
1756,Erased,5
1756,Odd Taxi,4
1756,Solo Leveling,3
1756,Fruits Basket,2
1757,That Time I Got Reincarnated as a Slime,4
1757,Mushoku Tensei: Jobless Reincarnation,4
1757,Re:ZERO -Starting Life in Another World-,4
1757,Overlord,4
1757,Toradora!,2
1757,Clannad After Story,2
1757,The Eminence in Shadow,4
1757,Log Horizon,3
1757,Sword Art Online,3
1757,The Rising of the Shield Hero,5
1757,Yuri!!! on Ice,2
1758,Skip and Loafer,4
1758,Dandadan,4
1758,My Hero Academia,4
1758,Frieren: Beyond Journey's End,4
1758,Made in Abyss,2
1758,Haikyu!!,4
1758,Fire Force,3
1758,Ranking of Kings,3
1758,Spy x Family,4
1758,Yuri!!! on Ice,3
1758,One Piece,4
1758,The Apothecary Diaries,4
1759,Frieren: Beyond Journey's End,4
1759,Spy x Family,4
1759,Kaguya-sama: Love is War,5
1759,Mashle: Magic and Muscles,3
1759,Cowboy Bebop,4
1759,KONOSUBA -God's blessing on this wonderful world!,3
1759,One-Punch Man,4
1759,Vinland Saga,5
1760,Nichijou - My Ordinary Life,4
1760,Kaguya-sama: Love is War,4
1760,Spy x Family,4
1760,Code Geass,4
1760,Attack on Titan,4
1760,Mob Psycho 100,3
1760,The Apothecary Diaries,5
1760,Assassination Classroom,4
1760,Steins;Gate,5
1760,The Promised Neverland,3
1760,Erased,5
1760,Death Note,5
1760,Banana Fish,4
1760,Frieren: Beyond Journey's End,3
1760,Bocchi the Rock!,4
1760,Gintama,4
1760,Kuroko's Basketball,2
1760,Odd Taxi,4
1760,Free! - Iwatobi Swim Club,2
1760,Fruits Basket,3
1761,The Apothecary Diaries,5
1761,Erased,3
1761,Re:ZERO -Starting Life in Another World-,2
1761,Banana Fish,4
1761,Mashle: Magic and Muscles,1
1761,Steins;Gate,5
1761,Haikyu!!,2
1761,The Promised Neverland,4
1761,That Time I Got Reincarnated as a Slime,1
1761,Attack on Titan,5
1761,Odd Taxi,3
1761,Kaiju No. 8,1
1761,Psycho-Pass,4
1761,Death Note,3
1761,Solo Leveling,3
1761,Jujutsu Kaisen,2
1761,Kuroko's Basketball,2
1762,Banana Fish,4
1762,Death Note,5
1762,Attack on Titan,4
1762,The Promised Neverland,4
1762,Your Lie in April,3
1762,Ranking of Kings,2
1763,The Apothecary Diaries,5
1763,Haikyu!!,4
1763,Bocchi the Rock!,5
1763,Spy x Family,5
1763,Ranking of Kings,5
1763,Frieren: Beyond Journey's End,3
1763,Nichijou - My Ordinary Life,3
1763,Dr. Stone,5
1763,Mushishi,4
1763,Laid-Back Camp,4
1763,Jojo's Bizarre Adventure,2
1763,Chainsaw Man,2
1763,Skip and Loafer,5
1763,Clannad After Story,2
1763,Kaguya-sama: Love is War,4
1763,Toradora!,2
1763,Log Horizon,1
1763,Rascal Does Not Dream of Bunny Girl Senpai,2
1763,Steins;Gate,2
1763,Attack on Titan,3
1763,One-Punch Man,1
1763,Erased,2
1763,Wind Breaker,2
1764,Skip and Loafer,3
1764,Haikyu!!,5
1764,Bleach,1
1764,Ranking of Kings,4
1764,Wind Breaker,4
1764,Laid-Back Camp,4
1765,Overlord,1
1765,Made in Abyss,2
1765,Dr. Stone,2
1765,Psycho-Pass,3
1765,Hunter x Hunter,1
1765,Free! - Iwatobi Swim Club,3
1765,Kaguya-sama: Love is War,3
1765,Kuroko's Basketball,3
1765,Assassination Classroom,4
1765,Haikyu!!,5
1765,Spy x Family,2
1765,Gintama,3
1765,Blue Lock,4
1765,Wind Breaker,4
1765,Clannad After Story,2
1765,One Piece,1
1765,Yuri!!! on Ice,4
1765,Fullmetal Alchemist: Brotherhood,2
1765,Nichijou - My Ordinary Life,2
1765,Steins;Gate,2
1765,Jojo's Bizarre Adventure,1
1766,Black Clover,5
1766,Fire Force,4
1766,Kaguya-sama: Love is War,5
1766,Toradora!,5
1766,Rascal Does Not Dream of Bunny Girl Senpai,4
1766,My Dress-Up Darling,4
1766,Naruto,5
1766,Dandadan,5
1766,Spy x Family,5
1766,Bleach,5
1766,Dragon Ball Super,3
1766,Kaiju No. 8,4
1766,KONOSUBA -God's blessing on this wonderful world!,2
1766,Fruits Basket,5
1766,One Piece,5
1766,Chainsaw Man,4
1766,Hell's Paradise,3
1766,Your Lie in April,5
1766,Dr. Stone,3
1767,Steins;Gate,5
1767,Gintama,4
1767,Your Lie in April,3
1767,Dr. Stone,2
1767,Frieren: Beyond Journey's End,4
1767,Attack on Titan,5
1767,Hunter x Hunter,4
1768,Spy x Family,4
1768,Blue Lock,4
1768,Kaguya-sama: Love is War,4
1768,Haikyu!!,4
1768,One-Punch Man,5
1768,KONOSUBA -God's blessing on this wonderful world!,4
1768,Free! - Iwatobi Swim Club,4
1768,Gintama,5
1768,Assassination Classroom,4
1768,Nichijou - My Ordinary Life,4
1768,Wind Breaker,4
1768,The Rising of the Shield Hero,3
1768,Yuri!!! on Ice,4
1768,My Dress-Up Darling,2
1768,Bocchi the Rock!,4
1768,Mob Psycho 100,5
1768,Mashle: Magic and Muscles,4
1768,Vinland Saga,2
1768,Naruto,2
1768,Frieren: Beyond Journey's End,2
1769,Mushishi,5
1769,Black Clover,2
1769,Bocchi the Rock!,5
1769,My Dress-Up Darling,4
1769,Dandadan,4
1769,Frieren: Beyond Journey's End,4
1769,Haikyu!!,4
1769,KONOSUBA -God's blessing on this wonderful world!,1
1769,Fruits Basket,4
1769,Dr. Stone,4
1769,Demon Slayer: Kimetsu no Yaiba,3
1769,Your Lie in April,4
1769,Yuri!!! on Ice,3
1769,Ranking of Kings,5
1769,Clannad After Story,5
1769,Horimiya,5
1769,Re:ZERO -Starting Life in Another World-,3
1769,Kaguya-sama: Love is War,5
1770,Death Note,4
1770,Odd Taxi,2
1770,Hunter x Hunter,3
1770,Skip and Loafer,2
1770,The Promised Neverland,4
1770,Steins;Gate,4
1770,Banana Fish,4
1770,Kuroko's Basketball,2
1771,Attack on Titan,5
1771,Bocchi the Rock!,2
1771,The Apothecary Diaries,4
1771,The Promised Neverland,4
1771,Odd Taxi,4
1771,Code Geass,3
1771,Steins;Gate,2
1771,Erased,3
1771,Fire Force,1
1771,Rascal Does Not Dream of Bunny Girl Senpai,1
1771,Dandadan,2
1771,Assassination Classroom,1
1771,My Dress-Up Darling,1
1771,One-Punch Man,2
1771,Log Horizon,2
1771,Death Note,4
1771,Psycho-Pass,4
1771,Kuroko's Basketball,1
1771,Banana Fish,4
1771,Ranking of Kings,3
1771,Neon Genesis Evangelion,2
1771,Hunter x Hunter,2
1771,Hell's Paradise,1
1772,Erased,3
1772,Odd Taxi,5
1772,Attack on Titan,4
1772,Banana Fish,4
1772,Steins;Gate,5
1772,Psycho-Pass,4
1772,Demon Slayer: Kimetsu no Yaiba,2
1772,Code Geass,4
1772,Dandadan,2
1772,Death Note,4
1772,The Apothecary Diaries,4
1772,One Piece,3
1772,The Promised Neverland,3
1772,Mushoku Tensei: Jobless Reincarnation,2
1772,Your Lie in April,1
1772,Laid-Back Camp,3
1772,Jujutsu Kaisen,3
1773,Haikyu!!,4
1773,Free! - Iwatobi Swim Club,4
1773,Kuroko's Basketball,4
1773,Yuri!!! on Ice,4
1773,Kaguya-sama: Love is War,5
1773,Spy x Family,5
1773,My Dress-Up Darling,4
1773,Clannad After Story,5
1773,Horimiya,4
1774,The Eminence in Shadow,2
1774,Solo Leveling,5
1774,One Piece,3
1774,Hell's Paradise,4
1774,Jojo's Bizarre Adventure,4
1774,Dragon Ball Super,4
1774,Chainsaw Man,4
1774,Dandadan,3
1774,Fire Force,4
1774,Black Clover,4
1774,Bleach,4
1774,Demon Slayer: Kimetsu no Yaiba,4
1774,My Hero Academia,3
1774,Jujutsu Kaisen,4
1774,Naruto Shippuden,4
1774,Vinland Saga,2
1774,Kaiju No. 8,4
1774,Wind Breaker,3
1774,Naruto,3
1774,Fullmetal Alchemist: Brotherhood,3
1774,Haikyu!!,1
1774,Horimiya,2
1774,That Time I Got Reincarnated as a Slime,1
1775,Vinland Saga,5
1775,Erased,4
1775,Death Note,5
1775,Frieren: Beyond Journey's End,5
1775,Attack on Titan,3
1775,Horimiya,3
1775,Cowboy Bebop,4
1775,Mushishi,4
1775,Made in Abyss,5
1775,Yuri!!! on Ice,3
1775,Code Geass,5
1775,The Promised Neverland,5
1775,Steins;Gate,5
1775,Odd Taxi,5
1775,Neon Genesis Evangelion,3
1775,Gintama,3
1775,The Apothecary Diaries,5
1775,Kuroko's Basketball,3
1775,Psycho-Pass,5
1775,Fullmetal Alchemist: Brotherhood,5
1775,Hunter x Hunter,4
1775,My Dress-Up Darling,3
1775,That Time I Got Reincarnated as a Slime,3
1775,Demon Slayer: Kimetsu no Yaiba,3
1776,Spy x Family,3
1776,Jojo's Bizarre Adventure,4
1776,Black Clover,4
1776,My Hero Academia,4
1776,Naruto Shippuden,4
1776,Naruto,5
1776,Demon Slayer: Kimetsu no Yaiba,5
1776,One-Punch Man,3
1776,Hell's Paradise,5
1777,Wind Breaker,4
1777,Jojo's Bizarre Adventure,5
1777,Mashle: Magic and Muscles,4
1777,Sword Art Online,3
1777,One Piece,5
1777,Jujutsu Kaisen,5
1777,Kaiju No. 8,4
1777,Dandadan,5
1777,Naruto Shippuden,4
1777,Naruto,4
1777,Bleach,5
1777,The Rising of the Shield Hero,5
1777,The Eminence in Shadow,4
1777,That Time I Got Reincarnated as a Slime,3
1777,KONOSUBA -God's blessing on this wonderful world!,4
1777,Black Clover,4
1777,Kaguya-sama: Love is War,1
1777,My Hero Academia,5
1777,Chainsaw Man,4
1777,Demon Slayer: Kimetsu no Yaiba,4
1777,Odd Taxi,2
1778,Overlord,3
1778,Kuroko's Basketball,5
1778,Dragon Ball Super,3
1778,Yuri!!! on Ice,5
1778,Assassination Classroom,5
1778,Haikyu!!,5
1778,Demon Slayer: Kimetsu no Yaiba,3
1778,Blue Lock,4
1778,Frieren: Beyond Journey's End,3
1778,Jujutsu Kaisen,4
1778,Dandadan,3
1778,Ranking of Kings,2
1778,Naruto Shippuden,3
1778,Neon Genesis Evangelion,2
1778,Erased,3
1778,Free! - Iwatobi Swim Club,5
1778,Wind Breaker,5
1778,Made in Abyss,3
1779,The Apothecary Diaries,2
1779,My Hero Academia,3
1779,Kaguya-sama: Love is War,5
1779,Assassination Classroom,4
1779,One-Punch Man,5
1779,Mob Psycho 100,4
1779,Vinland Saga,2
1780,Haikyu!!,4
1780,The Eminence in Shadow,3
1780,Overlord,5
1780,Bocchi the Rock!,3
1780,Skip and Loafer,4
1780,Solo Leveling,4
1780,Re:ZERO -Starting Life in Another World-,5
1780,Nichijou - My Ordinary Life,3
1780,Hell's Paradise,2
1780,Mushishi,4
1781,Demon Slayer: Kimetsu no Yaiba,5
1781,Wind Breaker,5
1781,Bleach,4
1781,Steins;Gate,3
1781,Black Clover,5
1781,One Piece,5
1781,Naruto,5
1781,Mashle: Magic and Muscles,3
1781,Neon Genesis Evangelion,3
1781,Frieren: Beyond Journey's End,3
1781,Jojo's Bizarre Adventure,5
1781,Chainsaw Man,5
1781,Dandadan,5
1781,Hell's Paradise,5
1781,Solo Leveling,5
1781,Naruto Shippuden,4
1781,Dragon Ball Super,5
1781,My Hero Academia,5
1781,Clannad After Story,4
1781,Fire Force,5
1782,Frieren: Beyond Journey's End,4
1782,Gintama,4
1782,Banana Fish,2
1782,Neon Genesis Evangelion,4
1782,Demon Slayer: Kimetsu no Yaiba,2
1782,Wind Breaker,2
1782,Made in Abyss,4
1782,Vinland Saga,4
1782,Mushishi,4
1782,Your Lie in April,2
1782,Attack on Titan,4
1783,Solo Leveling,3
1783,Nichijou - My Ordinary Life,3
1783,Jujutsu Kaisen,4
1783,One-Punch Man,4
1783,Jojo's Bizarre Adventure,4
1783,KONOSUBA -God's blessing on this wonderful world!,4
1783,Naruto Shippuden,4
1783,Kaguya-sama: Love is War,4
1783,Wind Breaker,3
1784,Gintama,3
1784,Made in Abyss,5
1784,Fullmetal Alchemist: Brotherhood,4
1784,Mushishi,5
1784,Frieren: Beyond Journey's End,3
1784,Rascal Does Not Dream of Bunny Girl Senpai,5
1784,Hunter x Hunter,3
1784,Your Lie in April,4
1784,Cowboy Bebop,2
1784,Fruits Basket,4
1784,Vinland Saga,4
1784,Steins;Gate,3
1784,Attack on Titan,3
1784,Spy x Family,4
1784,My Dress-Up Darling,4
1784,Ranking of Kings,1
1784,Neon Genesis Evangelion,3
1784,Toradora!,3
1785,Wind Breaker,5
1785,Blue Lock,5
1785,Dr. Stone,3
1785,Clannad After Story,3
1785,Assassination Classroom,4
1785,Haikyu!!,5
1785,Laid-Back Camp,3
1785,Yuri!!! on Ice,5
1785,Kuroko's Basketball,5
1785,Fullmetal Alchemist: Brotherhood,3
1785,My Dress-Up Darling,2
1785,The Apothecary Diaries,2
1785,Bleach,3
1785,Black Clover,3
1785,Dandadan,3
1786,Kuroko's Basketball,5
1786,Free! - Iwatobi Swim Club,5
1786,Dandadan,3
1786,Neon Genesis Evangelion,2
1786,Haikyu!!,3
1786,Wind Breaker,5
1786,Yuri!!! on Ice,5
1786,Assassination Classroom,4
1786,Blue Lock,4
1786,Rascal Does Not Dream of Bunny Girl Senpai,3
1786,Code Geass,3
1786,The Rising of the Shield Hero,1
1786,The Apothecary Diaries,2
1786,Your Lie in April,3
1786,Death Note,2
1786,One Piece,1
1786,Cowboy Bebop,2
1786,Demon Slayer: Kimetsu no Yaiba,3
1786,Bocchi the Rock!,2
1786,Psycho-Pass,3
1786,KONOSUBA -God's blessing on this wonderful world!,3
1787,The Eminence in Shadow,4
1787,Re:ZERO -Starting Life in Another World-,4
1787,That Time I Got Reincarnated as a Slime,3
1787,Mushoku Tensei: Jobless Reincarnation,3
1787,Black Clover,3
1787,Mashle: Magic and Muscles,4
1787,Frieren: Beyond Journey's End,1
1787,One Piece,3
1787,Kaguya-sama: Love is War,2
1787,The Rising of the Shield Hero,4
1787,KONOSUBA -God's blessing on this wonderful world!,4
1788,Laid-Back Camp,4
1788,Skip and Loafer,3
1788,Dr. Stone,4
1788,Frieren: Beyond Journey's End,5
1788,The Apothecary Diaries,4
1788,Haikyu!!,5
1788,Spy x Family,4
1788,Blue Lock,2
1788,Bocchi the Rock!,4
1788,Vinland Saga,2
1788,Mushishi,4
1788,Re:ZERO -Starting Life in Another World-,1
1788,Death Note,3
1788,Mob Psycho 100,3
1788,Rascal Does Not Dream of Bunny Girl Senpai,3
1788,Ranking of Kings,4
1789,Yuri!!! on Ice,4
1789,Solo Leveling,2
1789,Wind Breaker,4
1789,Frieren: Beyond Journey's End,2
1789,Haikyu!!,4
1789,Kuroko's Basketball,5
1789,Free! - Iwatobi Swim Club,3
1789,Blue Lock,4
1789,Spy x Family,2
1789,Assassination Classroom,3
1789,Kaiju No. 8,3
1789,KONOSUBA -God's blessing on this wonderful world!,2
1789,Kaguya-sama: Love is War,2
1789,Jojo's Bizarre Adventure,3
1790,Frieren: Beyond Journey's End,4
1790,Spy x Family,4
1790,Haikyu!!,5
1790,The Apothecary Diaries,5
1790,Ranking of Kings,5
1790,Bocchi the Rock!,5
1790,Nichijou - My Ordinary Life,4
1790,Banana Fish,3
1790,Skip and Loafer,4
1790,Mushishi,4
1790,Erased,3
1790,Horimiya,3
1790,Laid-Back Camp,4
1790,Free! - Iwatobi Swim Club,2
1790,Kaguya-sama: Love is War,3
1790,Kaiju No. 8,2
1790,Dandadan,2
1790,Wind Breaker,2
1790,That Time I Got Reincarnated as a Slime,1
1790,Dr. Stone,3
1790,Made in Abyss,3
1790,One Piece,2
1791,Spy x Family,4
1791,Assassination Classroom,4
1791,Chainsaw Man,3
1791,Clannad After Story,2
1791,Kaguya-sama: Love is War,5
1791,Overlord,2
1791,Gintama,4
1791,The Eminence in Shadow,3
1791,One-Punch Man,4
1791,Bocchi the Rock!,4
1791,KONOSUBA -God's blessing on this wonderful world!,3
1791,Mob Psycho 100,4
1791,Nichijou - My Ordinary Life,3
1791,Your Lie in April,2
1791,Free! - Iwatobi Swim Club,2
1791,Mashle: Magic and Muscles,4
1791,Laid-Back Camp,1
1791,Mushishi,1
1791,Yuri!!! on Ice,2
1791,My Dress-Up Darling,2
1791,Kuroko's Basketball,1
1791,Ranking of Kings,1
1791,Re:ZERO -Starting Life in Another World-,2
1792,That Time I Got Reincarnated as a Slime,2
1792,Spy x Family,4
1792,Mashle: Magic and Muscles,4
1792,Kaguya-sama: Love is War,5
1792,Nichijou - My Ordinary Life,3
1792,My Dress-Up Darling,3
1792,Bocchi the Rock!,4
1792,Dandadan,4
1792,Gintama,5
1792,Rascal Does Not Dream of Bunny Girl Senpai,4
1792,Clannad After Story,5
1792,Assassination Classroom,4
1792,Free! - Iwatobi Swim Club,1
1792,Mob Psycho 100,5
1792,Fruits Basket,4
1793,Fullmetal Alchemist: Brotherhood,4
1793,Frieren: Beyond Journey's End,4
1793,Hunter x Hunter,4
1793,Mob Psycho 100,4
1793,Ranking of Kings,2
1793,The Eminence in Shadow,2
1793,Nichijou - My Ordinary Life,4
1793,Fire Force,2
1793,Assassination Classroom,5
1793,Made in Abyss,4
1793,Steins;Gate,5
1793,Attack on Titan,5
1793,KONOSUBA -God's blessing on this wonderful world!,5
1793,Vinland Saga,4
1793,Mashle: Magic and Muscles,4
1793,Naruto Shippuden,3
1794,Fullmetal Alchemist: Brotherhood,4
1794,Attack on Titan,5
1794,Hunter x Hunter,4
1794,Gintama,5
1794,Erased,5
1794,The Apothecary Diaries,5
1794,KONOSUBA -God's blessing on this wonderful world!,3
1794,Made in Abyss,5
1794,Cowboy Bebop,4
1794,Naruto,2
1794,Psycho-Pass,4
1794,Banana Fish,5
1794,Code Geass,5
1794,Steins;Gate,4
1794,Spy x Family,2
1794,Neon Genesis Evangelion,4
1794,Odd Taxi,5
1794,Vinland Saga,4
1794,Free! - Iwatobi Swim Club,2
1794,Demon Slayer: Kimetsu no Yaiba,3
1794,Frieren: Beyond Journey's End,4
1794,Death Note,5
1795,My Hero Academia,5
1795,Fire Force,5
1795,Kaguya-sama: Love is War,4
1795,Dragon Ball Super,5
1795,Demon Slayer: Kimetsu no Yaiba,5
1795,Mob Psycho 100,4
1795,Gintama,5
1795,Bleach,4
1795,Naruto Shippuden,5
1795,KONOSUBA -God's blessing on this wonderful world!,5
1795,Jujutsu Kaisen,5
1795,Dandadan,4
1795,Mashle: Magic and Muscles,5
1796,Haikyu!!,3
1796,Skip and Loafer,4
1796,Demon Slayer: Kimetsu no Yaiba,3
1796,Black Clover,2
1796,Wind Breaker,2
1796,Frieren: Beyond Journey's End,3
1796,The Apothecary Diaries,3
1796,Dr. Stone,4
1796,Spy x Family,4
1796,Bocchi the Rock!,4
1796,Bleach,1
1797,Fruits Basket,1
1797,KONOSUBA -God's blessing on this wonderful world!,4
1797,Overlord,3
1797,The Eminence in Shadow,3
1797,Sword Art Online,3
1797,The Rising of the Shield Hero,4
1797,Kuroko's Basketball,1
1797,That Time I Got Reincarnated as a Slime,4
1797,One Piece,1
1797,Mashle: Magic and Muscles,2
1797,Solo Leveling,4
1797,Toradora!,1
1797,Skip and Loafer,1
1797,Re:ZERO -Starting Life in Another World-,3
1797,Spy x Family,2
1797,Log Horizon,3
1797,Mushoku Tensei: Jobless Reincarnation,3
1797,Kaguya-sama: Love is War,1
1798,Steins;Gate,4
1798,Odd Taxi,2
1798,Attack on Titan,4
1798,Fullmetal Alchemist: Brotherhood,5
1798,Made in Abyss,4
1798,Jujutsu Kaisen,3
1798,Hunter x Hunter,5
1798,Clannad After Story,4
1798,Frieren: Beyond Journey's End,3
1798,Vinland Saga,4
1798,Mushishi,4
1798,Cowboy Bebop,5
1798,Banana Fish,5
1798,Haikyu!!,3
1798,Gintama,4
1799,Gintama,4
1799,Fullmetal Alchemist: Brotherhood,5
1799,Made in Abyss,5
1799,Mushishi,4
1799,Mushoku Tensei: Jobless Reincarnation,3
1799,Laid-Back Camp,2
1799,Neon Genesis Evangelion,4
1799,Blue Lock,3
1799,Attack on Titan,5
1799,One Piece,3
1799,Steins;Gate,4
1799,Vinland Saga,5
1799,Erased,2
1799,Cowboy Bebop,5
1799,Demon Slayer: Kimetsu no Yaiba,3
1799,Frieren: Beyond Journey's End,4
1799,Hunter x Hunter,5
1799,Fire Force,2
1799,Banana Fish,5
1799,Toradora!,2
1799,One-Punch Man,3
1800,Assassination Classroom,3
1800,Mushoku Tensei: Jobless Reincarnation,4
1800,That Time I Got Reincarnated as a Slime,5
1800,Steins;Gate,4
1800,Log Horizon,3
1800,The Rising of the Shield Hero,4
1800,Made in Abyss,5
1800,The Eminence in Shadow,4
1800,Cowboy Bebop,4
1800,Vinland Saga,5
1801,KONOSUBA -God's blessing on this wonderful world!,5
1801,Mob Psycho 100,3
1801,Spy x Family,5
1801,Mashle: Magic and Muscles,5
1801,Gintama,4
1801,Sword Art Online,1
1801,Kaguya-sama: Love is War,5
1801,One-Punch Man,4
1801,Solo Leveling,2
1801,Bocchi the Rock!,2
1801,That Time I Got Reincarnated as a Slime,3
1801,Attack on Titan,2
1801,Nichijou - My Ordinary Life,4
1801,Death Note,2
1801,Made in Abyss,3
1801,The Rising of the Shield Hero,3
1801,Re:ZERO -Starting Life in Another World-,1
1801,Assassination Classroom,4
1801,Jojo's Bizarre Adventure,2
1801,Tokyo Ghoul,2
1801,Banana Fish,2
1801,Hunter x Hunter,2
1802,Bocchi the Rock!,4
1802,Demon Slayer: Kimetsu no Yaiba,4
1802,Black Clover,5
1802,Hell's Paradise,3
1802,Spy x Family,4
1802,Wind Breaker,5
1802,Kaiju No. 8,4
1802,KONOSUBA -God's blessing on this wonderful world!,4
1802,Dandadan,5
1802,Assassination Classroom,3
1802,Chainsaw Man,4
1802,One Piece,3
1802,Nichijou - My Ordinary Life,4
1802,Dragon Ball Super,4
1802,Jujutsu Kaisen,4
1802,Solo Leveling,4
1802,Clannad After Story,2
1803,Rascal Does Not Dream of Bunny Girl Senpai,5
1803,Clannad After Story,5
1803,Fruits Basket,4
1803,Spy x Family,5
1803,Jujutsu Kaisen,2
1803,Your Lie in April,5
1803,My Dress-Up Darling,4
1803,One-Punch Man,3
1803,Toradora!,5
1803,Dandadan,5
1803,Chainsaw Man,2
1803,Dragon Ball Super,3
1803,Odd Taxi,3
1803,Naruto Shippuden,2
1803,Free! - Iwatobi Swim Club,3
1803,Kaguya-sama: Love is War,5
1804,Yuri!!! on Ice,5
1804,Solo Leveling,4
1804,Fire Force,4
1804,Demon Slayer: Kimetsu no Yaiba,5
1804,Jujutsu Kaisen,5
1804,Black Clover,5
1804,Bleach,5
1804,Overlord,2
1804,Assassination Classroom,5
1804,Horimiya,2
1804,Dandadan,5
1804,Dragon Ball Super,4
1804,Naruto Shippuden,3
1804,Wind Breaker,4
1804,Dr. Stone,3
1804,Kuroko's Basketball,4
1804,One Piece,5
1804,Nichijou - My Ordinary Life,2
1804,Haikyu!!,5
1804,Kaiju No. 8,4
1804,My Hero Academia,4
1804,My Dress-Up Darling,2
1804,Chainsaw Man,4
1804,Spy x Family,1
1804,Naruto,3
1805,Rascal Does Not Dream of Bunny Girl Senpai,1
1805,Cowboy Bebop,3
1805,Attack on Titan,4
1805,Banana Fish,3
1805,Vinland Saga,5
1805,Gintama,4
1805,Made in Abyss,4
1805,Steins;Gate,4
1805,Fullmetal Alchemist: Brotherhood,4
1805,Mushishi,3
1805,Nichijou - My Ordinary Life,2
1805,Hunter x Hunter,5
1805,Haikyu!!,3
1806,The Apothecary Diaries,5
1806,Skip and Loafer,5
1806,Bocchi the Rock!,5
1806,Attack on Titan,5
1806,Laid-Back Camp,5
1806,Ranking of Kings,5
1806,Steins;Gate,5
1806,Spy x Family,5
1806,Haikyu!!,5
1806,Banana Fish,5
1806,Frieren: Beyond Journey's End,3
1806,Psycho-Pass,5
1806,Erased,4
1806,Death Note,5
1806,Dr. Stone,5
1806,Clannad After Story,2
1806,Kaguya-sama: Love is War,4
1806,Nichijou - My Ordinary Life,4
1806,Hunter x Hunter,3
1806,Wind Breaker,3
1806,Odd Taxi,4
1806,Code Geass,4
1806,Mushishi,5
1806,The Promised Neverland,5
1806,Dragon Ball Super,3
1807,Spy x Family,5
1807,Jojo's Bizarre Adventure,4
1807,Jujutsu Kaisen,4
1807,Kaiju No. 8,3
1807,One Piece,5
1807,KONOSUBA -God's blessing on this wonderful world!,4
1807,My Hero Academia,3
1807,Gintama,3
1807,Toradora!,2
1807,Bocchi the Rock!,4
1807,Black Clover,3
1807,Demon Slayer: Kimetsu no Yaiba,4
1807,Naruto Shippuden,3
1807,The Promised Neverland,2
1807,Bleach,3
1807,Solo Leveling,4
1807,Kaguya-sama: Love is War,3
1807,Wind Breaker,3
1807,One-Punch Man,4
1807,Hell's Paradise,4
1808,Steins;Gate,5
1808,Haikyu!!,5
1808,Mushishi,3
1808,Attack on Titan,3
1808,Neon Genesis Evangelion,3
1808,Assassination Classroom,3
1809,Dandadan,4
1809,Psycho-Pass,4
1809,Your Lie in April,4
1809,Erased,4
1809,Solo Leveling,2
1809,Attack on Titan,4
1809,Spy x Family,4
1809,Kaguya-sama: Love is War,4
1809,Fruits Basket,5
1809,Code Geass,3
1809,Nichijou - My Ordinary Life,2
1809,Clannad After Story,3
1809,Toradora!,4
1809,Banana Fish,4
1809,The Apothecary Diaries,4
1809,Steins;Gate,4
1809,My Dress-Up Darling,4
1809,The Promised Neverland,4
1809,Rascal Does Not Dream of Bunny Girl Senpai,3
1809,Death Note,5
1809,Odd Taxi,5
1809,The Eminence in Shadow,2
1809,Horimiya,4
1809,One Piece,2
1809,Mushoku Tensei: Jobless Reincarnation,3
1810,Rascal Does Not Dream of Bunny Girl Senpai,3
1810,Re:ZERO -Starting Life in Another World-,1
1810,Your Lie in April,4
1810,The Eminence in Shadow,2
1810,Kaguya-sama: Love is War,4
1810,Fruits Basket,4
1811,Erased,4
1811,Kaguya-sama: Love is War,1
1811,Psycho-Pass,3
1811,Attack on Titan,4
1811,Odd Taxi,5
1811,Code Geass,4
1811,The Apothecary Diaries,3
1811,Mob Psycho 100,2
1811,Death Note,4
1812,Mushishi,5
1812,Steins;Gate,5
1812,Hunter x Hunter,4
1812,Gintama,3
1812,Fullmetal Alchemist: Brotherhood,5
1812,Cowboy Bebop,5
1812,Black Clover,4
1812,Your Lie in April,2
1812,Attack on Titan,4
1812,Vinland Saga,5
1812,Dr. Stone,2
1812,Banana Fish,4
1812,Yuri!!! on Ice,2
1812,Bocchi the Rock!,3
1813,Bocchi the Rock!,4
1813,Nichijou - My Ordinary Life,3
1813,Frieren: Beyond Journey's End,4
1813,Rascal Does Not Dream of Bunny Girl Senpai,4
1813,Dandadan,3
1813,Your Lie in April,4
1813,Fruits Basket,5
1813,Ranking of Kings,3
1813,Haikyu!!,3
1813,Horimiya,4
1813,Made in Abyss,1
1813,Toradora!,4
1813,Clannad After Story,5
1813,Gintama,1
1813,The Apothecary Diaries,3
1813,Wind Breaker,1
1813,Kaguya-sama: Love is War,3
1813,Laid-Back Camp,4
1813,Skip and Loafer,5
1813,Kuroko's Basketball,2
1813,Sword Art Online,1
1813,Mushishi,4
1813,Bleach,1
1813,Spy x Family,3
1813,My Dress-Up Darling,5
1814,The Apothecary Diaries,5
1814,Haikyu!!,5
1814,Ranking of Kings,4
1814,Dragon Ball Super,2
1814,Bocchi the Rock!,4
1814,Mushishi,4
1814,Frieren: Beyond Journey's End,5
1814,Yuri!!! on Ice,2
1814,Banana Fish,2
1814,Skip and Loafer,4
1814,Laid-Back Camp,4
1814,Spy x Family,3
1814,Dr. Stone,4
1814,Your Lie in April,2
1814,Gintama,3
1814,Nichijou - My Ordinary Life,4
1814,Dandadan,2
1814,Kuroko's Basketball,2
1814,Free! - Iwatobi Swim Club,2
1815,The Eminence in Shadow,4
1815,Re:ZERO -Starting Life in Another World-,5
1815,Dandadan,5
1815,Mashle: Magic and Muscles,4
1815,Toradora!,4
1815,The Rising of the Shield Hero,5
1815,Clannad After Story,5
1815,Kaguya-sama: Love is War,5
1815,Your Lie in April,5
1815,KONOSUBA -God's blessing on this wonderful world!,5
1815,Demon Slayer: Kimetsu no Yaiba,3
1815,Mushoku Tensei: Jobless Reincarnation,5
1815,Hunter x Hunter,3
1815,Overlord,5
1815,Fruits Basket,4
1815,Jujutsu Kaisen,2
1815,Rascal Does Not Dream of Bunny Girl Senpai,5
1815,Solo Leveling,5
1816,Nichijou - My Ordinary Life,4
1816,Mashle: Magic and Muscles,4
1816,The Rising of the Shield Hero,2
1816,Gintama,4
1816,Bocchi the Rock!,3
1816,One-Punch Man,4
1816,Re:ZERO -Starting Life in Another World-,2
1816,Spy x Family,4
1816,Haikyu!!,2
1816,Mob Psycho 100,4
1816,Kaguya-sama: Love is War,3
1816,Assassination Classroom,4
1816,Death Note,3
1816,KONOSUBA -God's blessing on this wonderful world!,4
1816,My Dress-Up Darling,3
1817,Overlord,4
1817,Log Horizon,3
1817,Re:ZERO -Starting Life in Another World-,4
1817,That Time I Got Reincarnated as a Slime,5
1817,The Eminence in Shadow,5
1817,Toradora!,2
1817,The Rising of the Shield Hero,5
1817,KONOSUBA -God's blessing on this wonderful world!,4
1817,Frieren: Beyond Journey's End,3
1817,Chainsaw Man,2
1817,Mushoku Tensei: Jobless Reincarnation,4
1817,Solo Leveling,5
1818,Fruits Basket,4
1818,Attack on Titan,4
1818,Your Lie in April,4
1818,Spy x Family,4
1818,Odd Taxi,5
1818,My Dress-Up Darling,4
1818,The Apothecary Diaries,5
1819,Kaguya-sama: Love is War,5
1819,Gintama,4
1819,Mob Psycho 100,4
1819,My Hero Academia,3
1819,One-Punch Man,3
1819,KONOSUBA -God's blessing on this wonderful world!,3
1820,Horimiya,4
1820,Fruits Basket,4
1820,Dandadan,4
1820,Spy x Family,4
1820,My Dress-Up Darling,4
1820,Clannad After Story,4
1820,Your Lie in April,5
1820,Demon Slayer: Kimetsu no Yaiba,3
1820,Toradora!,5
1821,Nichijou - My Ordinary Life,3
1821,Solo Leveling,4
1821,My Hero Academia,5
1821,Hunter x Hunter,5
1821,Hell's Paradise,5
1821,Attack on Titan,5
1821,Cowboy Bebop,5
1821,Mushishi,5
1821,Bleach,5
1821,Chainsaw Man,5
1821,Jojo's Bizarre Adventure,4
1821,KONOSUBA -God's blessing on this wonderful world!,3
1821,Gintama,4
1821,Re:ZERO -Starting Life in Another World-,3
1821,Naruto,5
1821,Fullmetal Alchemist: Brotherhood,4
1821,Frieren: Beyond Journey's End,5
1821,Kaiju No. 8,5
1821,Made in Abyss,5
1821,Naruto Shippuden,4
1821,Dandadan,4
1821,Banana Fish,4
1821,Black Clover,5
1822,Skip and Loafer,5
1822,Laid-Back Camp,3
1822,Ranking of Kings,4
1822,Bocchi the Rock!,5
1822,Haikyu!!,4
1822,Nichijou - My Ordinary Life,4
1822,Code Geass,3
1822,Dr. Stone,4
1822,Rascal Does Not Dream of Bunny Girl Senpai,3
1822,Demon Slayer: Kimetsu no Yaiba,4
1822,The Apothecary Diaries,4
1822,Mashle: Magic and Muscles,3
1822,Erased,4
1822,Solo Leveling,3
1822,Made in Abyss,2
1822,Frieren: Beyond Journey's End,4
1822,Naruto Shippuden,1
1822,Mushishi,4
1822,Clannad After Story,2
1822,Steins;Gate,3
1822,Spy x Family,4
1822,Odd Taxi,2
1822,One-Punch Man,3
1822,Cowboy Bebop,2
1822,Dandadan,3
1823,Overlord,3
1823,The Eminence in Shadow,4
1823,That Time I Got Reincarnated as a Slime,4
1823,KONOSUBA -God's blessing on this wonderful world!,5
1823,Mushoku Tensei: Jobless Reincarnation,5
1823,Solo Leveling,5
1823,Fullmetal Alchemist: Brotherhood,2
1823,Wind Breaker,3
1823,Re:ZERO -Starting Life in Another World-,4
1823,The Rising of the Shield Hero,4
1823,Sword Art Online,3
1823,Dandadan,3
1824,Mashle: Magic and Muscles,3
1824,KONOSUBA -God's blessing on this wonderful world!,3
1824,Erased,2
1824,The Eminence in Shadow,4
1824,Steins;Gate,2
1824,Log Horizon,4
1824,Mushoku Tensei: Jobless Reincarnation,3
1824,Nichijou - My Ordinary Life,3
1824,One-Punch Man,4
1824,Re:ZERO -Starting Life in Another World-,3
1824,Blue Lock,2
1824,Overlord,4
1824,Kuroko's Basketball,2
1824,Spy x Family,3
1824,Mob Psycho 100,4
1824,Haikyu!!,3
1825,Psycho-Pass,4
1825,Steins;Gate,4
1825,Cowboy Bebop,2
1825,Fullmetal Alchemist: Brotherhood,4
1825,Hunter x Hunter,4
1825,Erased,4
1825,Attack on Titan,4
1825,The Apothecary Diaries,3
1825,Code Geass,3
1825,Vinland Saga,4
1826,One Piece,4
1826,Chainsaw Man,3
1826,Nichijou - My Ordinary Life,2
1826,Horimiya,2
1826,My Hero Academia,4
1826,Jujutsu Kaisen,4
1826,Dragon Ball Super,4
1826,Black Clover,3
1826,Wind Breaker,4
1826,Solo Leveling,4
1826,Dandadan,4
1827,Code Geass,5
1827,The Apothecary Diaries,5
1827,Attack on Titan,5
1827,The Promised Neverland,4
1827,Erased,4
1827,Banana Fish,4
1827,Kuroko's Basketball,2
1827,Death Note,4
1827,Odd Taxi,5
1827,Nichijou - My Ordinary Life,2
1827,Steins;Gate,5
1827,Bleach,3
1827,One Piece,3
1827,Horimiya,2
1827,Fruits Basket,3
1827,Psycho-Pass,4
1827,Mashle: Magic and Muscles,2
1827,Black Clover,2
1828,Laid-Back Camp,5
1828,Ranking of Kings,5
1828,Bocchi the Rock!,5
1828,Haikyu!!,5
1828,Skip and Loafer,5
1828,Dr. Stone,5
1828,Solo Leveling,3
1828,Spy x Family,5
1829,Blue Lock,4
1829,Overlord,4
1829,Log Horizon,4
1829,Free! - Iwatobi Swim Club,4
1829,Mashle: Magic and Muscles,4
1829,KONOSUBA -God's blessing on this wonderful world!,3
1829,Kuroko's Basketball,4
1829,Nichijou - My Ordinary Life,3
1829,Assassination Classroom,4
1829,Yuri!!! on Ice,3
1829,That Time I Got Reincarnated as a Slime,5
1829,Bocchi the Rock!,2
1830,Spy x Family,4
1830,Toradora!,2
1830,Dragon Ball Super,1
1830,Dandadan,4
1830,Horimiya,4
1830,Rascal Does Not Dream of Bunny Girl Senpai,4
1830,My Dress-Up Darling,4
1830,Fruits Basket,4
1830,Frieren: Beyond Journey's End,2
1830,Clannad After Story,3
1830,One-Punch Man,1
1830,Erased,2
1830,Kaguya-sama: Love is War,4
1830,Odd Taxi,2
1830,Haikyu!!,1
1830,Jojo's Bizarre Adventure,1
1830,Made in Abyss,1
1831,Yuri!!! on Ice,3
1831,Kuroko's Basketball,4
1831,Odd Taxi,2
1831,Haikyu!!,3
1831,Assassination Classroom,4
1831,Wind Breaker,4
1831,Horimiya,3
1832,That Time I Got Reincarnated as a Slime,3
1832,Sword Art Online,1
1832,Mashle: Magic and Muscles,3
1832,Demon Slayer: Kimetsu no Yaiba,3
1832,Log Horizon,4
1832,The Rising of the Shield Hero,3
1832,Kaguya-sama: Love is War,3
1833,Spy x Family,5
1833,Skip and Loafer,5
1833,Laid-Back Camp,4
1833,Bocchi the Rock!,5
1833,The Apothecary Diaries,5
1833,Made in Abyss,3
1833,Frieren: Beyond Journey's End,5
1833,Mushishi,5
1833,Ranking of Kings,5
1833,Hunter x Hunter,3
1833,Steins;Gate,3
1833,Haikyu!!,5
1833,Fire Force,3
1833,Dr. Stone,5
1834,The Rising of the Shield Hero,4
1834,Mushoku Tensei: Jobless Reincarnation,3
1834,Re:ZERO -Starting Life in Another World-,4
1834,Overlord,4
1834,Neon Genesis Evangelion,3
1834,That Time I Got Reincarnated as a Slime,3
1834,Hunter x Hunter,4
1834,Fullmetal Alchemist: Brotherhood,5
1834,KONOSUBA -God's blessing on this wonderful world!,4
1834,Solo Leveling,4
1834,Psycho-Pass,2
1834,Mashle: Magic and Muscles,4
1834,Wind Breaker,2
1834,Gintama,4
1834,Attack on Titan,3
1835,Vinland Saga,3
1835,Banana Fish,4
1835,Gintama,3
1835,Attack on Titan,4
1835,Hunter x Hunter,4
1835,Cowboy Bebop,5
1835,Frieren: Beyond Journey's End,4
1835,Made in Abyss,3
1835,Dandadan,3
1835,Steins;Gate,5
1835,Mushishi,3
1835,Fullmetal Alchemist: Brotherhood,4
1835,Sword Art Online,1
1836,Psycho-Pass,4
1836,That Time I Got Reincarnated as a Slime,3
1836,Erased,4
1836,Attack on Titan,5
1836,Odd Taxi,4
1836,Toradora!,2
1836,The Apothecary Diaries,5
1836,Code Geass,5
1836,Steins;Gate,5
1836,Death Note,4
1836,KONOSUBA -God's blessing on this wonderful world!,2
1836,The Promised Neverland,4
1836,Clannad After Story,2
1836,Mashle: Magic and Muscles,2
1836,Free! - Iwatobi Swim Club,2
1836,Chainsaw Man,2
1836,Banana Fish,5
1837,Free! - Iwatobi Swim Club,4
1837,Assassination Classroom,4
1837,Rascal Does Not Dream of Bunny Girl Senpai,3
1837,Bleach,2
1837,Attack on Titan,3
1837,Wind Breaker,4
1837,Kuroko's Basketball,5
1837,Tokyo Ghoul,2
1837,Steins;Gate,2
1837,Yuri!!! on Ice,4
1837,Blue Lock,3
1837,Jujutsu Kaisen,2
1837,Haikyu!!,4
1837,Death Note,3
1838,Banana Fish,5
1838,Psycho-Pass,4
1838,Wind Breaker,1
1838,Odd Taxi,5
1838,Fruits Basket,4
1838,Attack on Titan,5
1838,Steins;Gate,5
1838,Death Note,5
1838,My Hero Academia,3
1838,The Apothecary Diaries,5
1839,Kaguya-sama: Love is War,5
1839,Jujutsu Kaisen,3
1839,Laid-Back Camp,3
1839,Bocchi the Rock!,4
1839,Spy x Family,4
1839,Fruits Basket,3
1839,Rascal Does Not Dream of Bunny Girl Senpai,5
1839,Frieren: Beyond Journey's End,5
1839,Horimiya,4
1839,The Promised Neverland,2
1839,My Dress-Up Darling,4
1839,The Apothecary Diaries,5
1840,Fruits Basket,4
1840,Kaguya-sama: Love is War,5
1840,Dandadan,4
1840,Jojo's Bizarre Adventure,1
1840,Spy x Family,4
1840,Banana Fish,5
1840,Toradora!,4
1840,Attack on Titan,3
1840,Psycho-Pass,4
1840,Code Geass,4
1840,The Apothecary Diaries,2
1840,Kaiju No. 8,2
1840,Erased,5
1840,Horimiya,3
1840,Cowboy Bebop,3
1840,Your Lie in April,3
1840,Clannad After Story,3
1840,Death Note,4
1840,Rascal Does Not Dream of Bunny Girl Senpai,4
1840,My Dress-Up Darling,3
1840,Odd Taxi,4
1840,Mob Psycho 100,1
1841,The Promised Neverland,5
1841,Black Clover,4
1841,Death Note,5
1841,The Apothecary Diaries,5
1841,Steins;Gate,5
1841,Gintama,5
1841,Made in Abyss,4
1841,Frieren: Beyond Journey's End,5
1841,Toradora!,4
1841,Wind Breaker,3
1841,Banana Fish,5
1841,Code Geass,3
1841,Neon Genesis Evangelion,3
1841,Vinland Saga,5
1841,Fullmetal Alchemist: Brotherhood,5
1841,Cowboy Bebop,4
1841,Attack on Titan,5
1841,Demon Slayer: Kimetsu no Yaiba,4
1842,Fire Force,4
1842,Jujutsu Kaisen,4
1842,Naruto,3
1842,Demon Slayer: Kimetsu no Yaiba,5
1842,Spy x Family,4
1842,Jojo's Bizarre Adventure,4
1842,One Piece,4
1842,Assassination Classroom,4
1842,Black Clover,3
1842,Fullmetal Alchemist: Brotherhood,3
1842,Bocchi the Rock!,4
1842,Mob Psycho 100,4
1842,Dragon Ball Super,4
1843,Haikyu!!,5
1843,Laid-Back Camp,4
1843,The Apothecary Diaries,4
1843,Mushishi,4
1843,Erased,3
1843,Bocchi the Rock!,5
1843,Hell's Paradise,3
1843,Frieren: Beyond Journey's End,4
1843,Nichijou - My Ordinary Life,3
1843,Ranking of Kings,5
1843,Code Geass,1
1844,That Time I Got Reincarnated as a Slime,3
1844,KONOSUBA -God's blessing on this wonderful world!,4
1844,Re:ZERO -Starting Life in Another World-,3
1844,Mushoku Tensei: Jobless Reincarnation,3
1844,Log Horizon,3
1844,Solo Leveling,4
1844,Yuri!!! on Ice,2
1844,Odd Taxi,1
1844,Mashle: Magic and Muscles,3
1844,Black Clover,2
1844,Tokyo Ghoul,1
1844,The Eminence in Shadow,4
1844,Overlord,3
1844,Steins;Gate,1
1844,Kaguya-sama: Love is War,1
1844,Erased,2
1844,Banana Fish,1
1845,Kaiju No. 8,2
1845,Death Note,5
1845,Attack on Titan,4
1845,Kaguya-sama: Love is War,2
1845,Code Geass,4
1845,The Promised Neverland,5
1845,Steins;Gate,5
1845,Spy x Family,2
1845,The Apothecary Diaries,2
1845,Banana Fish,4
1845,Odd Taxi,3
1845,Dr. Stone,2
1845,Overlord,2
1845,Naruto,2
1845,Erased,5
1845,Vinland Saga,2
1845,One Piece,2
1845,Your Lie in April,2
1845,Psycho-Pass,3
1845,Hunter x Hunter,2
1846,Fullmetal Alchemist: Brotherhood,5
1846,Hunter x Hunter,5
1846,Assassination Classroom,3
1846,Wind Breaker,5
1846,Neon Genesis Evangelion,4
1846,Attack on Titan,4
1846,Kuroko's Basketball,3
1846,Bleach,2
1846,Cowboy Bebop,3
1846,Kaguya-sama: Love is War,2
1846,Yuri!!! on Ice,5
1846,Made in Abyss,4
1846,Haikyu!!,4
1847,Vinland Saga,3
1847,Toradora!,2
1847,Made in Abyss,5
1847,Banana Fish,4
1847,Frieren: Beyond Journey's End,4
1847,Attack on Titan,3
1847,Laid-Back Camp,2
1847,Steins;Gate,5
1847,Cowboy Bebop,4
1847,Hunter x Hunter,4
1847,Blue Lock,2
1847,Fruits Basket,3
1847,The Promised Neverland,3
1847,Gintama,4
1847,Mashle: Magic and Muscles,1
1847,Fullmetal Alchemist: Brotherhood,5
1847,Neon Genesis Evangelion,3
1847,Ranking of Kings,2
1847,Bleach,1
1847,Mushishi,4
1847,Spy x Family,3
1848,Mashle: Magic and Muscles,5
1848,Cowboy Bebop,3
1848,Haikyu!!,4
1848,Spy x Family,5
1848,Naruto Shippuden,5
1848,Death Note,2
1848,One Piece,5
1848,Hell's Paradise,5
1848,Jujutsu Kaisen,4
1848,Kaiju No. 8,5
1848,Bocchi the Rock!,5
1848,KONOSUBA -God's blessing on this wonderful world!,4
1848,Assassination Classroom,5
1848,Mob Psycho 100,5
1848,Kaguya-sama: Love is War,5
1848,Dandadan,5
1848,Gintama,4
1848,Bleach,4
1848,Demon Slayer: Kimetsu no Yaiba,5
1848,Fire Force,5
1848,Chainsaw Man,5
1848,Solo Leveling,4
1848,Steins;Gate,4
1848,Nichijou - My Ordinary Life,3
1849,Laid-Back Camp,3
1849,Demon Slayer: Kimetsu no Yaiba,5
1849,Bocchi the Rock!,3
1849,Fire Force,5
1849,Kaiju No. 8,4
1849,Dragon Ball Super,4
1849,Dandadan,4
1849,Chainsaw Man,5
1849,My Hero Academia,5
1849,Black Clover,4
1849,One Piece,4
1849,Nichijou - My Ordinary Life,3
1849,Naruto,3
1849,Naruto Shippuden,4
1850,Toradora!,4
1850,Your Lie in April,4
1850,Log Horizon,2
1850,Dr. Stone,2
1850,Spy x Family,4
1850,My Dress-Up Darling,4
1850,Fruits Basket,5
1850,Clannad After Story,4
1850,Jojo's Bizarre Adventure,2
1850,The Apothecary Diaries,3
1850,Rascal Does Not Dream of Bunny Girl Senpai,3
1850,Dragon Ball Super,2
1851,Gintama,4
1851,Fullmetal Alchemist: Brotherhood,5
1851,Death Note,3
1851,Kaiju No. 8,1
1851,Cowboy Bebop,3
1851,Made in Abyss,5
1851,Toradora!,2
1851,Banana Fish,5
1851,Frieren: Beyond Journey's End,5
1851,Mob Psycho 100,1
1851,Attack on Titan,4
1851,Re:ZERO -Starting Life in Another World-,3
1851,Mushishi,4
1851,Steins;Gate,4
1851,Fire Force,2
1851,Spy x Family,3
1851,Naruto Shippuden,2
1851,Hunter x Hunter,5
1851,Vinland Saga,4
1851,Wind Breaker,2
1851,Neon Genesis Evangelion,4
1851,One Piece,3
1851,Nichijou - My Ordinary Life,2
1852,Overlord,3
1852,Bocchi the Rock!,5
1852,Log Horizon,4
1852,Solo Leveling,3
1852,Spy x Family,4
1852,Re:ZERO -Starting Life in Another World-,5
1852,Assassination Classroom,4
1852,The Eminence in Shadow,5
1852,Mob Psycho 100,4
1852,That Time I Got Reincarnated as a Slime,5
1853,KONOSUBA -God's blessing on this wonderful world!,5
1853,Mob Psycho 100,4
1853,Bocchi the Rock!,4
1853,One-Punch Man,3
1853,Hell's Paradise,3
1853,Haikyu!!,2
1853,Assassination Classroom,4
1853,Odd Taxi,1
1853,Erased,2
1853,Nichijou - My Ordinary Life,5
1853,Gintama,4
1853,Made in Abyss,2
1853,Kaguya-sama: Love is War,5
1853,Laid-Back Camp,2
1853,Mashle: Magic and Muscles,5
1853,Spy x Family,4
1853,Solo Leveling,2
1854,Rascal Does Not Dream of Bunny Girl Senpai,5
1854,Fruits Basket,5
1854,Spy x Family,5
1854,Neon Genesis Evangelion,3
1854,Banana Fish,4
1854,Steins;Gate,4
1854,Vinland Saga,4
1854,Clannad After Story,5
1854,One Piece,2
1854,Fullmetal Alchemist: Brotherhood,4
1854,Gintama,5
1854,Dandadan,4
1854,Hunter x Hunter,4
1854,Mob Psycho 100,2
1854,Kaguya-sama: Love is War,5
1854,Your Lie in April,5
1854,Made in Abyss,5
1854,Wind Breaker,2
1854,Naruto,2
1854,Bocchi the Rock!,2
1854,Mushishi,4
1854,One-Punch Man,1
1854,Re:ZERO -Starting Life in Another World-,3
1854,Cowboy Bebop,3
1854,Horimiya,5
1855,Kaiju No. 8,3
1855,My Dress-Up Darling,4
1855,Toradora!,4
1855,Rascal Does Not Dream of Bunny Girl Senpai,5
1855,Wind Breaker,2
1855,Clannad After Story,4
1855,Psycho-Pass,1
1855,Spy x Family,3
1855,Your Lie in April,4
1855,Horimiya,5
1855,Dandadan,4
1855,Kaguya-sama: Love is War,4
1855,Fruits Basket,4
1855,Kuroko's Basketball,2
1855,Made in Abyss,1
1855,Haikyu!!,3
1855,Odd Taxi,2
1855,Bocchi the Rock!,3
1855,Laid-Back Camp,2
1855,Fire Force,3
1855,Chainsaw Man,2
1855,Demon Slayer: Kimetsu no Yaiba,3
1856,Bleach,4
1856,Jojo's Bizarre Adventure,2
1856,Hunter x Hunter,4
1856,Wind Breaker,3
1856,Neon Genesis Evangelion,4
1856,Fire Force,4
1856,Attack on Titan,3
1856,Mushishi,3
1856,Gintama,4
1856,Jujutsu Kaisen,4
1856,Vinland Saga,4
1856,Naruto,3
1856,Mashle: Magic and Muscles,2
1856,Chainsaw Man,3
1856,Steins;Gate,3
1856,Fullmetal Alchemist: Brotherhood,3
1856,Naruto Shippuden,3
1856,Demon Slayer: Kimetsu no Yaiba,5
1856,Banana Fish,5
1856,Kaiju No. 8,4
1856,Your Lie in April,2
1856,Dandadan,4
1856,My Hero Academia,4
1856,Solo Leveling,2
1856,Re:ZERO -Starting Life in Another World-,3
1857,Skip and Loafer,5
1857,Haikyu!!,5
1857,The Apothecary Diaries,4
1857,Dr. Stone,5
1857,Laid-Back Camp,4
1857,Mushishi,5
1857,Nichijou - My Ordinary Life,4
1857,Ranking of Kings,4
1857,Bocchi the Rock!,5
1857,Frieren: Beyond Journey's End,4
1857,Mob Psycho 100,2
1857,Jujutsu Kaisen,2
1857,Free! - Iwatobi Swim Club,2
1857,Spy x Family,5
1857,Code Geass,3
1857,Solo Leveling,2
1858,Banana Fish,3
1858,The Eminence in Shadow,5
1858,Dragon Ball Super,3
1858,Solo Leveling,4
1858,Re:ZERO -Starting Life in Another World-,5
1858,That Time I Got Reincarnated as a Slime,4
1858,KONOSUBA -God's blessing on this wonderful world!,4
1858,Mashle: Magic and Muscles,5
1858,Yuri!!! on Ice,2
1859,KONOSUBA -God's blessing on this wonderful world!,5
1859,Solo Leveling,3
1859,Log Horizon,4
1859,Re:ZERO -Starting Life in Another World-,5
1859,Mushoku Tensei: Jobless Reincarnation,3
1859,Overlord,3
1859,That Time I Got Reincarnated as a Slime,3
1859,The Eminence in Shadow,3
1859,The Rising of the Shield Hero,4
1860,Code Geass,3
1860,Nichijou - My Ordinary Life,4
1860,Fruits Basket,3
1860,Kuroko's Basketball,5
1860,Death Note,2
1860,Assassination Classroom,5
1860,Spy x Family,5
1860,Wind Breaker,5
1860,Mob Psycho 100,3
1860,Gintama,4
1860,Yuri!!! on Ice,4
1860,KONOSUBA -God's blessing on this wonderful world!,4
1860,Free! - Iwatobi Swim Club,5
1860,Bocchi the Rock!,4
1860,Rascal Does Not Dream of Bunny Girl Senpai,4
1860,Kaguya-sama: Love is War,4
1860,Mashle: Magic and Muscles,5
1860,Banana Fish,3
1860,Blue Lock,5
1860,The Promised Neverland,3
1860,One-Punch Man,4
1860,That Time I Got Reincarnated as a Slime,3
1860,Solo Leveling,2
1861,Solo Leveling,4
1861,Made in Abyss,5
1861,Hunter x Hunter,5
1861,Cowboy Bebop,5
1861,Naruto,4
1861,Demon Slayer: Kimetsu no Yaiba,3
1861,Bleach,5
1861,Vinland Saga,4
1861,My Hero Academia,5
1861,The Apothecary Diaries,2
1861,One Piece,5
1861,Naruto Shippuden,4
1861,Dandadan,4
1861,Dragon Ball Super,4
1861,Fire Force,3
1861,Attack on Titan,5
1861,Fullmetal Alchemist: Brotherhood,5
1861,Wind Breaker,5
1861,Spy x Family,4
1861,Gintama,4
1861,Hell's Paradise,3
1862,Death Note,5
1862,Attack on Titan,5
1862,Odd Taxi,5
1862,Steins;Gate,5
1862,Banana Fish,4
1862,Spy x Family,3
1862,Bocchi the Rock!,2
1862,Code Geass,4
1862,Dr. Stone,2
1862,The Rising of the Shield Hero,2
1862,The Apothecary Diaries,4
1862,The Promised Neverland,4
1862,Skip and Loafer,2
1862,Psycho-Pass,4
1862,Wind Breaker,2
1862,Erased,5
1862,Fruits Basket,3
1862,Re:ZERO -Starting Life in Another World-,3
1862,The Eminence in Shadow,3
1862,Kaguya-sama: Love is War,3
1862,My Dress-Up Darling,3
1862,One Piece,3
1862,Hunter x Hunter,2
1863,Horimiya,3
1863,Kaguya-sama: Love is War,5
1863,Spy x Family,4
1863,Fruits Basket,5
1863,Your Lie in April,3
1863,Dandadan,5
1863,Rascal Does Not Dream of Bunny Girl Senpai,4
1863,Cowboy Bebop,3
1863,Clannad After Story,5
1863,Death Note,3
1864,My Dress-Up Darling,4
1864,Overlord,1
1864,Your Lie in April,4
1864,Death Note,1
1864,Neon Genesis Evangelion,2
1864,Skip and Loafer,2
1864,Dandadan,5
1864,Naruto,2
1865,The Apothecary Diaries,3
1865,Wind Breaker,5
1865,Kuroko's Basketball,4
1865,Steins;Gate,5
1865,Free! - Iwatobi Swim Club,4
1865,Haikyu!!,4
1866,Log Horizon,4
1866,That Time I Got Reincarnated as a Slime,5
1866,My Hero Academia,5
1866,Mushoku Tensei: Jobless Reincarnation,4
1866,KONOSUBA -God's blessing on this wonderful world!,4
1866,Hell's Paradise,4
1866,Solo Leveling,4
1866,Jujutsu Kaisen,5
1866,Demon Slayer: Kimetsu no Yaiba,4
1866,Re:ZERO -Starting Life in Another World-,5
1866,Wind Breaker,4
1866,Dandadan,5
1866,Yuri!!! on Ice,2
1866,Jojo's Bizarre Adventure,4
1866,Banana Fish,3
1867,Haikyu!!,5
1867,Chainsaw Man,5
1867,Tokyo Ghoul,2
1867,Solo Leveling,5
1867,Jujutsu Kaisen,5
1867,Blue Lock,5
1867,Naruto Shippuden,4
1867,Dragon Ball Super,4
1867,Wind Breaker,4
1867,Naruto,4
1867,My Hero Academia,5
1867,Demon Slayer: Kimetsu no Yaiba,4
1867,Hell's Paradise,4
1867,Kaiju No. 8,4
1867,One Piece,4
1867,The Promised Neverland,2
1867,Bleach,5
1867,Kuroko's Basketball,5
1867,Black Clover,5
1867,Frieren: Beyond Journey's End,3
1867,Assassination Classroom,5
1867,Fire Force,5
1868,Mushishi,4
1868,Nichijou - My Ordinary Life,3
1868,The Apothecary Diaries,4
1868,Ranking of Kings,4
1868,Bocchi the Rock!,5
1868,Laid-Back Camp,5
1868,Demon Slayer: Kimetsu no Yaiba,2
1868,Skip and Loafer,3
1868,Frieren: Beyond Journey's End,4
1868,Attack on Titan,2
1868,Spy x Family,4
1868,Assassination Classroom,2
1868,Kaguya-sama: Love is War,4
1868,Haikyu!!,4
1869,That Time I Got Reincarnated as a Slime,5
1869,Blue Lock,2
1869,Dr. Stone,4
1869,Laid-Back Camp,4
1869,My Dress-Up Darling,2
1869,Demon Slayer: Kimetsu no Yaiba,2
1869,Solo Leveling,4
1869,The Eminence in Shadow,4
1869,Skip and Loafer,4
1869,Death Note,3
1869,The Apothecary Diaries,5
1869,Ranking of Kings,4
1869,KONOSUBA -God's blessing on this wonderful world!,4
1870,The Eminence in Shadow,4
1870,Log Horizon,3
1870,Sword Art Online,4
1870,KONOSUBA -God's blessing on this wonderful world!,5
1870,Re:ZERO -Starting Life in Another World-,4
1870,Yuri!!! on Ice,3
1870,Blue Lock,3
1870,Vinland Saga,3
1870,The Rising of the Shield Hero,4
1870,That Time I Got Reincarnated as a Slime,5
1870,Dandadan,4
1870,Mushoku Tensei: Jobless Reincarnation,4
1870,Naruto Shippuden,3
1870,Mashle: Magic and Muscles,4
1871,Code Geass,3
1871,Mob Psycho 100,2
1871,The Rising of the Shield Hero,2
1871,Blue Lock,3
1871,Psycho-Pass,3
1871,Yuri!!! on Ice,4
1871,Wind Breaker,4
1871,Kuroko's Basketball,5
1871,Haikyu!!,4
1871,Assassination Classroom,4
1871,Ranking of Kings,1
1871,The Apothecary Diaries,2
1871,Fullmetal Alchemist: Brotherhood,3
1871,Free! - Iwatobi Swim Club,4
1871,Laid-Back Camp,2
1871,Erased,2
1871,Attack on Titan,2
1871,That Time I Got Reincarnated as a Slime,2
1871,Demon Slayer: Kimetsu no Yaiba,2
1871,Death Note,2
1871,Your Lie in April,2
1871,Jujutsu Kaisen,3
1871,Mashle: Magic and Muscles,2
1872,Jujutsu Kaisen,4
1872,Bocchi the Rock!,5
1872,Haikyu!!,4
1872,My Hero Academia,4
1872,One Piece,4
1872,Skip and Loafer,5
1873,Log Horizon,5
1873,Re:ZERO -Starting Life in Another World-,4
1873,Rascal Does Not Dream of Bunny Girl Senpai,2
1873,Solo Leveling,3
1873,Clannad After Story,2
1873,KONOSUBA -God's blessing on this wonderful world!,5
1873,Vinland Saga,3
1873,One Piece,3
1873,Mashle: Magic and Muscles,4
1873,The Rising of the Shield Hero,5
1873,Mushoku Tensei: Jobless Reincarnation,4
1873,That Time I Got Reincarnated as a Slime,4
1873,The Eminence in Shadow,4
1873,Yuri!!! on Ice,2
1873,Horimiya,3
1873,Fruits Basket,3
1873,Overlord,5
1874,Bocchi the Rock!,4
1874,Mashle: Magic and Muscles,3
1874,Jojo's Bizarre Adventure,3
1874,Ranking of Kings,5
1874,Laid-Back Camp,4
1874,Skip and Loafer,3
1874,Mushishi,4
1874,The Apothecary Diaries,4
1874,Spy x Family,5
1874,Tokyo Ghoul,2
1874,Made in Abyss,1
1874,Blue Lock,4
1874,Haikyu!!,4
1874,Horimiya,2
1874,Yuri!!! on Ice,4
1874,Dr. Stone,5
1874,Nichijou - My Ordinary Life,4
1874,Kuroko's Basketball,4
1875,Hell's Paradise,3
1875,Solo Leveling,5
1875,Overlord,4
1875,Mashle: Magic and Muscles,4
1875,Bleach,3
1875,The Rising of the Shield Hero,4
1875,That Time I Got Reincarnated as a Slime,4
1875,The Eminence in Shadow,5
1875,KONOSUBA -God's blessing on this wonderful world!,4
1875,Log Horizon,4
1875,Mushoku Tensei: Jobless Reincarnation,5
1875,Rascal Does Not Dream of Bunny Girl Senpai,2
1875,Steins;Gate,2
1875,Frieren: Beyond Journey's End,3
1875,Chainsaw Man,1
1875,Tokyo Ghoul,2
1875,Re:ZERO -Starting Life in Another World-,4
1875,Horimiya,2
1875,Fire Force,2
1876,Fullmetal Alchemist: Brotherhood,4
1876,Hunter x Hunter,4
1876,Attack on Titan,5
1876,Steins;Gate,4
1876,Gintama,3
1876,Vinland Saga,5
1876,Haikyu!!,2
1876,Fruits Basket,2
1876,Made in Abyss,4
1876,Rascal Does Not Dream of Bunny Girl Senpai,3
1876,Mashle: Magic and Muscles,2
1876,Frieren: Beyond Journey's End,3
1876,Skip and Loafer,1
1876,Cowboy Bebop,3
1876,Banana Fish,3
1876,Neon Genesis Evangelion,3
1876,Death Note,2
1876,Mushishi,3
1877,Steins;Gate,4
1877,Yuri!!! on Ice,2
1877,Odd Taxi,4
1877,Haikyu!!,4
1877,Death Note,5
1877,Attack on Titan,5
1877,Erased,5
1877,Kaguya-sama: Love is War,3
1877,The Promised Neverland,4
1877,Psycho-Pass,4
1877,Code Geass,4
1877,Frieren: Beyond Journey's End,3
1877,Laid-Back Camp,3
1878,Frieren: Beyond Journey's End,4
1878,Kaguya-sama: Love is War,4
1878,Dr. Stone,5
1878,Bocchi the Rock!,5
1878,Horimiya,4
1878,Clannad After Story,4
1878,Laid-Back Camp,4
1878,Dandadan,4
1878,Fruits Basket,4
1878,My Dress-Up Darling,4
1878,Mushishi,3
1878,Nichijou - My Ordinary Life,4
1878,Ranking of Kings,5
1878,Your Lie in April,5
1878,Skip and Loafer,4
1878,Toradora!,5
1878,Overlord,4
1878,Demon Slayer: Kimetsu no Yaiba,3
1878,Rascal Does Not Dream of Bunny Girl Senpai,5
1878,The Apothecary Diaries,5
1878,KONOSUBA -God's blessing on this wonderful world!,2
1878,Haikyu!!,5
1879,Haikyu!!,3
1879,Bleach,4
1879,Naruto Shippuden,3
1879,Chainsaw Man,4
1879,Demon Slayer: Kimetsu no Yaiba,5
1879,Jojo's Bizarre Adventure,5
1879,My Hero Academia,5
1879,One Piece,4
1879,Black Clover,5
1879,Fullmetal Alchemist: Brotherhood,3
1879,Jujutsu Kaisen,5
1879,Dragon Ball Super,4
1879,Naruto,5
1879,Steins;Gate,3
1879,Tokyo Ghoul,1
1879,Dandadan,4
1879,Blue Lock,1
1880,Frieren: Beyond Journey's End,5
1880,Steins;Gate,4
1880,Vinland Saga,5
1880,Attack on Titan,3
1880,Made in Abyss,4
1880,Cowboy Bebop,5
1880,Hunter x Hunter,4
1880,Fullmetal Alchemist: Brotherhood,4
1880,Code Geass,3
1880,Blue Lock,2
1880,Gintama,5
1880,Mushishi,4
1880,Banana Fish,4
1880,Laid-Back Camp,3
1880,Kaiju No. 8,2
1880,Neon Genesis Evangelion,3
1880,Fruits Basket,3
1880,Dr. Stone,2
1881,Solo Leveling,4
1881,Nichijou - My Ordinary Life,3
1881,Mashle: Magic and Muscles,3
1881,Bocchi the Rock!,5
1881,The Rising of the Shield Hero,4
1881,Spy x Family,4
1881,Mob Psycho 100,5
1881,Sword Art Online,3
1882,Code Geass,3
1882,Steins;Gate,5
1882,The Apothecary Diaries,5
1882,Made in Abyss,2
1882,Black Clover,4
1882,Jojo's Bizarre Adventure,5
1882,Banana Fish,5
1882,Dragon Ball Super,5
1882,Attack on Titan,5
1882,Naruto,5
1882,Dandadan,5
1882,Psycho-Pass,5
1882,Chainsaw Man,4
1882,Erased,5
1882,Hell's Paradise,4
1882,Kaiju No. 8,5
1882,Solo Leveling,4
1882,Wind Breaker,4
1882,Odd Taxi,4
1882,Bleach,3
1882,Demon Slayer: Kimetsu no Yaiba,4
1882,Jujutsu Kaisen,5
1882,Death Note,4
1882,Laid-Back Camp,3
1882,That Time I Got Reincarnated as a Slime,3
1883,Spy x Family,4
1883,Mushishi,4
1883,Ranking of Kings,3
1883,Dr. Stone,5
1883,Skip and Loafer,5
1883,Frieren: Beyond Journey's End,4
1883,Haikyu!!,4
1883,Horimiya,2
1884,Attack on Titan,3
1884,Fullmetal Alchemist: Brotherhood,4
1884,Banana Fish,4
1884,Blue Lock,1
1884,Cowboy Bebop,3
1884,Made in Abyss,4
1884,Gintama,4
1884,Steins;Gate,4
1884,Mushishi,3
1884,Vinland Saga,4
1884,Death Note,1
1884,Laid-Back Camp,2
1885,Solo Leveling,2
1885,My Hero Academia,5
1885,Hell's Paradise,3
1885,Jojo's Bizarre Adventure,4
1885,Fire Force,4
1885,Kaiju No. 8,3
1885,Naruto,3
1885,Naruto Shippuden,4
1885,Jujutsu Kaisen,4
1885,Dragon Ball Super,4
1885,One Piece,5
1885,Kaguya-sama: Love is War,2
1885,Dr. Stone,3
1885,Dandadan,5
1885,Wind Breaker,5
1885,Rascal Does Not Dream of Bunny Girl Senpai,2
1885,Bocchi the Rock!,2
1886,Kuroko's Basketball,5
1886,Haikyu!!,4
1886,Free! - Iwatobi Swim Club,5
1886,Ranking of Kings,3
1886,Wind Breaker,4
1886,Nichijou - My Ordinary Life,1
1886,Blue Lock,4
1886,KONOSUBA -God's blessing on this wonderful world!,2
1886,Jojo's Bizarre Adventure,2
1886,The Promised Neverland,3
1886,Attack on Titan,3
1886,Rascal Does Not Dream of Bunny Girl Senpai,4
1886,Assassination Classroom,4
1886,Yuri!!! on Ice,4
1886,Chainsaw Man,2
1886,Laid-Back Camp,3
1886,Gintama,3
1886,Death Note,2
1886,Frieren: Beyond Journey's End,2
1886,One Piece,2
1886,Dandadan,3
1886,Spy x Family,3
1886,Hunter x Hunter,2
1886,Bocchi the Rock!,2
1887,One-Punch Man,2
1887,Nichijou - My Ordinary Life,3
1887,Demon Slayer: Kimetsu no Yaiba,3
1887,Skip and Loafer,4
1887,Ranking of Kings,4
1887,Dr. Stone,3
1887,Laid-Back Camp,4
1887,Bocchi the Rock!,3
1887,Steins;Gate,2
1887,Frieren: Beyond Journey's End,3
1887,The Apothecary Diaries,3
1887,Made in Abyss,3
1887,Spy x Family,5
1887,Haikyu!!,5
1887,That Time I Got Reincarnated as a Slime,2
1887,Re:ZERO -Starting Life in Another World-,2
1887,Naruto,2
1887,Mushishi,4
1887,Jojo's Bizarre Adventure,2
1887,Dragon Ball Super,2
1887,Assassination Classroom,2
1887,Vinland Saga,2
1887,One Piece,2
1887,Code Geass,2
1887,The Promised Neverland,2
1888,Wind Breaker,4
1888,My Hero Academia,1
1888,Blue Lock,4
1888,Yuri!!! on Ice,4
1888,Haikyu!!,5
1888,Chainsaw Man,2
1888,Spy x Family,3
1888,Demon Slayer: Kimetsu no Yaiba,3
1888,Free! - Iwatobi Swim Club,4
1888,Bocchi the Rock!,2
1888,Vinland Saga,3
1888,Clannad After Story,2
1888,Cowboy Bebop,3
1888,Assassination Classroom,5
1888,Gintama,2
1888,Kuroko's Basketball,3
1888,Horimiya,2
1889,Vinland Saga,5
1889,Steins;Gate,5
1889,Frieren: Beyond Journey's End,4
1889,Cowboy Bebop,4
1889,Fullmetal Alchemist: Brotherhood,5
1889,Banana Fish,4
1889,Gintama,4
1889,Attack on Titan,4
1889,Ranking of Kings,2
1889,Neon Genesis Evangelion,3
1889,Hunter x Hunter,4
1889,Mushishi,3
1889,Toradora!,1
1889,Made in Abyss,4
1889,Re:ZERO -Starting Life in Another World-,2
1889,Kuroko's Basketball,1
1889,The Apothecary Diaries,2
1889,One Piece,3
1889,Bleach,1
1889,One-Punch Man,2
1889,Kaguya-sama: Love is War,2
1889,Fruits Basket,2
1889,Black Clover,1
1890,Overlord,5
1890,Log Horizon,4
1890,Odd Taxi,2
1890,My Hero Academia,1
1890,The Eminence in Shadow,4
1890,Laid-Back Camp,2
1890,Dragon Ball Super,1
1890,KONOSUBA -God's blessing on this wonderful world!,4
1890,Solo Leveling,4
1890,That Time I Got Reincarnated as a Slime,3
1890,Bocchi the Rock!,3
1890,Mushoku Tensei: Jobless Reincarnation,4
1890,Mashle: Magic and Muscles,4
1890,Death Note,1
1890,Free! - Iwatobi Swim Club,2
1890,Wind Breaker,1
1890,The Rising of the Shield Hero,4
1890,Re:ZERO -Starting Life in Another World-,3
1890,Sword Art Online,3
1890,One Piece,1
1890,Vinland Saga,2
1890,Cowboy Bebop,2
1890,Dr. Stone,2
1890,Jojo's Bizarre Adventure,2
1891,Kaguya-sama: Love is War,2
1891,The Eminence in Shadow,5
1891,Solo Leveling,4
1891,That Time I Got Reincarnated as a Slime,4
1891,Overlord,4
1891,Re:ZERO -Starting Life in Another World-,4
1891,KONOSUBA -God's blessing on this wonderful world!,5
1891,Kaiju No. 8,3
1891,Made in Abyss,3
1891,The Rising of the Shield Hero,4
1892,Spy x Family,5
1892,The Apothecary Diaries,5
1892,Ranking of Kings,5
1892,Laid-Back Camp,5
1892,Dr. Stone,5
1892,Bocchi the Rock!,5
1892,Frieren: Beyond Journey's End,5
1892,Mushishi,4
1893,Overlord,2
1893,Odd Taxi,5
1893,Black Clover,2
1893,Code Geass,4
1893,Psycho-Pass,4
1893,The Apothecary Diaries,4
1893,Attack on Titan,5
1893,Horimiya,2
1893,Steins;Gate,5
1893,Banana Fish,5
1893,Bleach,2
1894,Frieren: Beyond Journey's End,3
1894,Laid-Back Camp,4
1894,Mushishi,4
1894,Skip and Loafer,4
1894,The Apothecary Diaries,3
1894,Spy x Family,5
1894,Dr. Stone,3
1894,Hell's Paradise,2
1894,Nichijou - My Ordinary Life,3
1894,Ranking of Kings,3
1894,Bocchi the Rock!,4
1894,Haikyu!!,4
1894,Your Lie in April,2
1894,The Rising of the Shield Hero,1
1894,Clannad After Story,2
1894,Erased,1
1894,That Time I Got Reincarnated as a Slime,2
1894,Steins;Gate,2
1894,Vinland Saga,2
1894,Dandadan,2
1894,Banana Fish,2
1894,The Promised Neverland,2
1895,Mashle: Magic and Muscles,5
1895,Bocchi the Rock!,5
1895,My Dress-Up Darling,5
1895,Assassination Classroom,4
1895,Mob Psycho 100,5
1895,Dandadan,5
1895,Kaguya-sama: Love is War,4
1895,Fruits Basket,5
1895,One-Punch Man,5
1895,Spy x Family,5
1895,Rascal Does Not Dream of Bunny Girl Senpai,5
1895,Horimiya,4
1895,KONOSUBA -God's blessing on this wonderful world!,5
1895,Clannad After Story,5
1895,Nichijou - My Ordinary Life,5
1895,Attack on Titan,3
1895,Steins;Gate,3
1895,My Hero Academia,3
1895,Toradora!,4
1895,Your Lie in April,5
1895,Demon Slayer: Kimetsu no Yaiba,3
1895,Kuroko's Basketball,4
1895,Ranking of Kings,4
1895,Gintama,4
1896,KONOSUBA -God's blessing on this wonderful world!,4
1896,That Time I Got Reincarnated as a Slime,5
1896,Overlord,4
1896,The Eminence in Shadow,5
1896,Mashle: Magic and Muscles,4
1896,Kaiju No. 8,2
1896,Re:ZERO -Starting Life in Another World-,3
1896,Bocchi the Rock!,3
1896,The Rising of the Shield Hero,5
1896,Mushoku Tensei: Jobless Reincarnation,4
1896,Chainsaw Man,3
1896,My Dress-Up Darling,2
1896,Log Horizon,5
1896,Solo Leveling,5
1896,Mushishi,2
1896,Hunter x Hunter,4
1896,Horimiya,2
1896,Spy x Family,2
1896,My Hero Academia,3
1896,Bleach,2
1896,Banana Fish,2
1896,Odd Taxi,3
1896,Ranking of Kings,3
1897,Kaguya-sama: Love is War,5
1897,Hunter x Hunter,1
1897,Made in Abyss,2
1897,Jojo's Bizarre Adventure,2
1897,KONOSUBA -God's blessing on this wonderful world!,4
1897,Bocchi the Rock!,3
1897,Spy x Family,4
1897,Assassination Classroom,2
1897,Mob Psycho 100,4
1897,One-Punch Man,4
1897,My Dress-Up Darling,3
1897,Gintama,5
1897,Code Geass,2
1897,Mashle: Magic and Muscles,4
1897,Rascal Does Not Dream of Bunny Girl Senpai,2
1897,Black Clover,2
1897,The Apothecary Diaries,2
1897,Jujutsu Kaisen,2
1897,Nichijou - My Ordinary Life,5
1897,Death Note,2
1897,Odd Taxi,1
1897,Vinland Saga,2
1898,Skip and Loafer,4
1898,Frieren: Beyond Journey's End,3
1898,The Eminence in Shadow,4
1898,KONOSUBA -God's blessing on this wonderful world!,4
1898,Horimiya,2
1898,Hell's Paradise,2
1898,Nichijou - My Ordinary Life,4
1898,The Apothecary Diaries,5
1898,Bocchi the Rock!,5
1898,Solo Leveling,4
1898,Spy x Family,4
1898,Laid-Back Camp,4
1898,Fruits Basket,3
1898,That Time I Got Reincarnated as a Slime,4
1898,Toradora!,2
1898,Erased,3
1898,Haikyu!!,5
1898,Demon Slayer: Kimetsu no Yaiba,3
1898,Kaguya-sama: Love is War,2
1898,Re:ZERO -Starting Life in Another World-,4
1899,Chainsaw Man,4
1899,Black Clover,5
1899,Jujutsu Kaisen,5
1899,Demon Slayer: Kimetsu no Yaiba,4
1899,One Piece,5
1899,Wind Breaker,5
1899,My Hero Academia,4
1899,Dandadan,5
1899,My Dress-Up Darling,2
1899,Dragon Ball Super,5
1899,Jojo's Bizarre Adventure,5
1899,Naruto,4
1899,Ranking of Kings,3
1899,Fire Force,5
1899,Mushishi,2
1899,Kaiju No. 8,5
1899,Overlord,3
1899,Steins;Gate,2
1899,Rascal Does Not Dream of Bunny Girl Senpai,1
1899,Solo Leveling,4
1899,Fruits Basket,2
1899,Code Geass,3
1899,Hell's Paradise,4
1899,Yuri!!! on Ice,2
1900,Ranking of Kings,4
1900,Bocchi the Rock!,4
1900,Frieren: Beyond Journey's End,4
1900,Jujutsu Kaisen,3
1900,Nichijou - My Ordinary Life,4
1900,Laid-Back Camp,5
1900,Horimiya,4
1900,Spy x Family,5
1900,The Promised Neverland,2
1901,Mushishi,4
1901,Frieren: Beyond Journey's End,4
1901,Fullmetal Alchemist: Brotherhood,5
1901,Steins;Gate,4
1901,Hunter x Hunter,5
1901,Cowboy Bebop,5
1901,Neon Genesis Evangelion,3
1901,Gintama,5
1901,Attack on Titan,4
1901,Banana Fish,4
1901,Made in Abyss,3
1901,Rascal Does Not Dream of Bunny Girl Senpai,2
1901,Bocchi the Rock!,4
1901,Vinland Saga,4
1901,Skip and Loafer,3
1901,Kaiju No. 8,2
1901,Jujutsu Kaisen,2
1901,Spy x Family,3
1901,My Hero Academia,2
1902,Wind Breaker,4
1902,Haikyu!!,5
1902,Kuroko's Basketball,3
1902,Yuri!!! on Ice,4
1902,Assassination Classroom,4
1902,Toradora!,2
1902,Free! - Iwatobi Swim Club,5
1902,Banana Fish,3
1902,Steins;Gate,2
1902,Blue Lock,4
1902,Death Note,2
1902,Spy x Family,2
1902,Bleach,3
1902,Attack on Titan,3
1903,Spy x Family,5
1903,Haikyu!!,5
1903,Frieren: Beyond Journey's End,5
1903,Dr. Stone,5
1903,The Apothecary Diaries,4
1903,Skip and Loafer,5
1903,Laid-Back Camp,5
1903,Fruits Basket,4
1904,Vinland Saga,2
1904,Naruto Shippuden,5
1904,One Piece,5
1904,Naruto,5
1904,Jujutsu Kaisen,5
1904,Black Clover,4
1904,Dandadan,5
1904,Hell's Paradise,5
1904,Demon Slayer: Kimetsu no Yaiba,5
1904,Solo Leveling,5
1904,Wind Breaker,5
1904,Chainsaw Man,4
1904,Fire Force,4
1904,Jojo's Bizarre Adventure,5
1904,Haikyu!!,3
1904,Bleach,5
1904,Dragon Ball Super,5
1905,The Promised Neverland,2
1905,Nichijou - My Ordinary Life,4
1905,Dr. Stone,5
1905,Bocchi the Rock!,4
1905,Mushishi,3
1905,Overlord,4
1905,Mashle: Magic and Muscles,4
1905,The Apothecary Diaries,4
1905,Mushoku Tensei: Jobless Reincarnation,4
1905,Skip and Loafer,4
1905,Free! - Iwatobi Swim Club,2
1905,That Time I Got Reincarnated as a Slime,5
1905,Yuri!!! on Ice,3
1905,Re:ZERO -Starting Life in Another World-,5
1905,KONOSUBA -God's blessing on this wonderful world!,5
1905,Log Horizon,4
1905,Kuroko's Basketball,3
1905,The Eminence in Shadow,4
1905,Laid-Back Camp,5
1905,Spy x Family,5
1906,Odd Taxi,4
1906,Code Geass,4
1906,Death Note,4
1906,Steins;Gate,4
1906,Attack on Titan,4
1906,Erased,4
1906,Re:ZERO -Starting Life in Another World-,2
1906,Mushishi,1
1906,Banana Fish,3
1906,The Apothecary Diaries,4
1906,Naruto,3
1906,Psycho-Pass,4
1906,KONOSUBA -God's blessing on this wonderful world!,3
1906,Wind Breaker,3
1906,Dragon Ball Super,2
1906,Frieren: Beyond Journey's End,2
1906,Clannad After Story,1
1906,Hunter x Hunter,3
1906,Vinland Saga,3
1906,That Time I Got Reincarnated as a Slime,2
1906,The Eminence in Shadow,2
1906,The Promised Neverland,4
1906,Dandadan,3
1906,Mushoku Tensei: Jobless Reincarnation,2
1906,Bocchi the Rock!,3
1907,The Rising of the Shield Hero,5
1907,Solo Leveling,4
1907,Log Horizon,4
1907,KONOSUBA -God's blessing on this wonderful world!,5
1907,Re:ZERO -Starting Life in Another World-,4
1907,Yuri!!! on Ice,5
1907,Attack on Titan,2
1908,Solo Leveling,5
1908,Naruto Shippuden,5
1908,One Piece,4
1908,Demon Slayer: Kimetsu no Yaiba,5
1908,Wind Breaker,4
1908,Naruto,4
1908,Banana Fish,2
1908,One-Punch Man,2
1908,My Hero Academia,4
1908,Hell's Paradise,4
1908,Bleach,4
1908,Jujutsu Kaisen,5
1908,Black Clover,5
1908,Dandadan,4
1908,Dragon Ball Super,4
1908,Bocchi the Rock!,3
1908,Fire Force,3
1908,Overlord,1
1908,Kaiju No. 8,3
1908,Chainsaw Man,3
1908,Jojo's Bizarre Adventure,5
1908,Fruits Basket,3
1908,Yuri!!! on Ice,3
1909,Kaguya-sama: Love is War,3
1909,One-Punch Man,4
1909,Yuri!!! on Ice,2
1909,Assassination Classroom,5
1909,Mob Psycho 100,4
1909,Mashle: Magic and Muscles,4
1909,Nichijou - My Ordinary Life,4
1909,Odd Taxi,3
1909,Mushishi,2
1909,Spy x Family,3
1909,Laid-Back Camp,3
1909,Erased,2
1909,KONOSUBA -God's blessing on this wonderful world!,2
1909,Bocchi the Rock!,4
1909,Black Clover,1
1909,Free! - Iwatobi Swim Club,2
1909,Overlord,2
1909,Gintama,5
1909,Chainsaw Man,3
1909,Fruits Basket,2
1909,Cowboy Bebop,2
1909,Hunter x Hunter,3
1910,Kuroko's Basketball,3
1910,Haikyu!!,4
1910,Code Geass,2
1910,Dr. Stone,3
1910,Yuri!!! on Ice,4
1910,Free! - Iwatobi Swim Club,4
1910,Spy x Family,3
1910,Assassination Classroom,5
1910,Re:ZERO -Starting Life in Another World-,3
1910,One Piece,3
1910,Gintama,2
1910,Odd Taxi,2
1910,Vinland Saga,3
1910,Kaiju No. 8,1
1910,Mushoku Tensei: Jobless Reincarnation,2
1910,Blue Lock,5
1910,Wind Breaker,4
1910,Death Note,1
1910,Naruto,2
1910,The Eminence in Shadow,2
1910,Steins;Gate,3
1910,Chainsaw Man,4
1910,The Rising of the Shield Hero,2
1910,Fullmetal Alchemist: Brotherhood,2
1910,Toradora!,1
1911,Haikyu!!,4
1911,Nichijou - My Ordinary Life,4
1911,Bocchi the Rock!,4
1911,Frieren: Beyond Journey's End,4
1911,Spy x Family,5
1911,The Apothecary Diaries,3
1911,Mushishi,4
1911,Kuroko's Basketball,2
1911,One Piece,2
1911,Skip and Loafer,3
1911,Dr. Stone,4
1911,My Dress-Up Darling,2
1912,Erased,3
1912,The Promised Neverland,2
1912,Demon Slayer: Kimetsu no Yaiba,2
1912,Kaguya-sama: Love is War,2
1912,That Time I Got Reincarnated as a Slime,3
1912,The Rising of the Shield Hero,4
1912,Kuroko's Basketball,2
1912,The Eminence in Shadow,4
1912,Hunter x Hunter,2
1912,Re:ZERO -Starting Life in Another World-,4
1912,Solo Leveling,5
1912,Skip and Loafer,1
1912,Code Geass,2
1912,My Dress-Up Darling,1
1912,Mushoku Tensei: Jobless Reincarnation,4
1912,Hell's Paradise,2
1912,Fruits Basket,2
1912,Death Note,2
1913,Yuri!!! on Ice,4
1913,Kuroko's Basketball,5
1913,Vinland Saga,1
1913,Assassination Classroom,4
1913,Haikyu!!,4
1913,Demon Slayer: Kimetsu no Yaiba,3
1913,Wind Breaker,4
1913,Blue Lock,4
1913,Naruto Shippuden,3
1913,Tokyo Ghoul,3
1914,Erased,4
1914,Death Note,5
1914,Made in Abyss,2
1914,The Apothecary Diaries,5
1914,Psycho-Pass,4
1914,Overlord,2
1914,Attack on Titan,4
1914,Re:ZERO -Starting Life in Another World-,3
1914,My Dress-Up Darling,3
1914,The Eminence in Shadow,3
1914,Code Geass,5
1914,Haikyu!!,2
1914,Odd Taxi,5
1914,Skip and Loafer,3
1914,Banana Fish,4
1914,Dragon Ball Super,3
1914,Frieren: Beyond Journey's End,4
1914,Log Horizon,2
1914,Fullmetal Alchemist: Brotherhood,4
1914,The Promised Neverland,4
1915,Frieren: Beyond Journey's End,4
1915,Assassination Classroom,3
1915,Kaguya-sama: Love is War,4
1915,Banana Fish,4
1915,Steins;Gate,4
1915,KONOSUBA -God's blessing on this wonderful world!,4
1916,Steins;Gate,2
1916,Dandadan,5
1916,Rascal Does Not Dream of Bunny Girl Senpai,5
1916,Clannad After Story,5
1916,Spy x Family,4
1916,My Dress-Up Darling,5
1916,Chainsaw Man,2
1916,Fruits Basket,5
1916,Toradora!,4
1916,Horimiya,5
1916,Kaguya-sama: Love is War,5
1916,Your Lie in April,4
1916,Laid-Back Camp,3
1916,The Rising of the Shield Hero,2
1916,Fullmetal Alchemist: Brotherhood,3
1916,One Piece,3
1917,Demon Slayer: Kimetsu no Yaiba,3
1917,Jujutsu Kaisen,3
1917,Naruto Shippuden,3
1917,Solo Leveling,3
1917,One Piece,3
1917,Kaiju No. 8,3
1917,Black Clover,2
1917,My Hero Academia,4
1917,Dandadan,4
1917,Nichijou - My Ordinary Life,1
1917,Dragon Ball Super,3
1917,Naruto,3
1917,Bleach,3
1917,Fire Force,3
1917,Hell's Paradise,4
1917,Jojo's Bizarre Adventure,3
1917,Spy x Family,1
1917,Haikyu!!,1
1917,Wind Breaker,3
1917,Mushishi,1
1917,Chainsaw Man,3
1918,Assassination Classroom,4
1918,Yuri!!! on Ice,5
1918,Cowboy Bebop,2
1918,Spy x Family,4
1918,Erased,2
1918,Kaguya-sama: Love is War,2
1918,Mashle: Magic and Muscles,3
1918,Free! - Iwatobi Swim Club,5
1918,Haikyu!!,4
1918,Kuroko's Basketball,3
1918,Bleach,2
1918,Horimiya,3
1919,Bleach,3
1919,Yuri!!! on Ice,5
1919,Wind Breaker,5
1919,Fruits Basket,3
1919,Blue Lock,4
1919,Assassination Classroom,4
1919,Haikyu!!,5
1919,Free! - Iwatobi Swim Club,4
1919,Solo Leveling,2
1919,Hunter x Hunter,2
1919,Kuroko's Basketball,5
1919,Fullmetal Alchemist: Brotherhood,3
1919,Tokyo Ghoul,2
1920,Rascal Does Not Dream of Bunny Girl Senpai,1
1920,Mob Psycho 100,5
1920,Kaguya-sama: Love is War,5
1920,Nichijou - My Ordinary Life,3
1920,Spy x Family,5
1920,Assassination Classroom,4
1920,Mashle: Magic and Muscles,5
1920,Bocchi the Rock!,4
1920,Clannad After Story,2
1920,KONOSUBA -God's blessing on this wonderful world!,4
1920,One-Punch Man,4
1920,Naruto Shippuden,2
1920,Wind Breaker,2
1920,Gintama,4
1920,Ranking of Kings,3
1920,Cowboy Bebop,3
1920,One Piece,2
1920,Bleach,1
1920,Skip and Loafer,2
1921,Gintama,4
1921,The Rising of the Shield Hero,4
1921,Neon Genesis Evangelion,1
1921,Kaguya-sama: Love is War,4
1921,Mashle: Magic and Muscles,3
1921,That Time I Got Reincarnated as a Slime,3
1921,Horimiya,3
1921,Yuri!!! on Ice,3
1921,Overlord,4
1921,The Eminence in Shadow,4
1921,One-Punch Man,4
1921,Spy x Family,5
1921,Dragon Ball Super,1
1921,Assassination Classroom,5
1922,Steins;Gate,5
1922,Death Note,4
1922,Odd Taxi,3
1922,Erased,5
1922,Vinland Saga,3
1922,Attack on Titan,4
1922,Kuroko's Basketball,2
1922,The Promised Neverland,5
1922,The Apothecary Diaries,4
1922,Code Geass,5
1922,Banana Fish,4
1922,Horimiya,3
1922,Psycho-Pass,5
1922,Skip and Loafer,2
1922,Free! - Iwatobi Swim Club,2
1922,Kaiju No. 8,2
1922,Black Clover,3
1922,Overlord,2
1922,Chainsaw Man,1
1922,Nichijou - My Ordinary Life,3
1922,Mob Psycho 100,1
1922,Fruits Basket,3
1922,Toradora!,3
1922,Mushoku Tensei: Jobless Reincarnation,3
1922,Haikyu!!,3
1923,Hunter x Hunter,5
1923,Mushishi,5
1923,Skip and Loafer,4
1923,Vinland Saga,4
1923,Spy x Family,5
1923,Laid-Back Camp,4
1923,Nichijou - My Ordinary Life,4
1924,Bocchi the Rock!,4
1924,Chainsaw Man,3
1924,The Apothecary Diaries,4
1924,Laid-Back Camp,4
1924,Frieren: Beyond Journey's End,5
1924,Ranking of Kings,4
1924,Nichijou - My Ordinary Life,4
1924,Haikyu!!,4
1924,Dr. Stone,5
1924,Mushishi,4
1924,Skip and Loafer,5
1924,Spy x Family,5
1924,Jojo's Bizarre Adventure,3
1924,One Piece,4
1924,Dragon Ball Super,2
1924,Attack on Titan,3
1925,Rascal Does Not Dream of Bunny Girl Senpai,4
1925,Horimiya,5
1925,Dandadan,4
1925,The Eminence in Shadow,4
1925,Your Lie in April,5
1925,Kaguya-sama: Love is War,4
1925,Naruto,2
1925,My Hero Academia,2
1926,Fire Force,3
1926,Ranking of Kings,3
1926,Hell's Paradise,5
1926,Dragon Ball Super,5
1926,Dandadan,5
1926,Jujutsu Kaisen,5
1926,Banana Fish,2
1926,KONOSUBA -God's blessing on this wonderful world!,4
1926,Kaiju No. 8,5
1926,Free! - Iwatobi Swim Club,2
1926,Vinland Saga,2
1926,My Hero Academia,5
1926,Naruto Shippuden,5
1926,Bocchi the Rock!,5
1926,Bleach,5
1926,Mushoku Tensei: Jobless Reincarnation,2
1926,Naruto,5
1927,Mashle: Magic and Muscles,4
1927,Spy x Family,4
1927,Bocchi the Rock!,4
1927,Code Geass,1
1927,Rascal Does Not Dream of Bunny Girl Senpai,2
1927,The Eminence in Shadow,3
1927,Kaguya-sama: Love is War,4
1927,Re:ZERO -Starting Life in Another World-,2
1927,Mob Psycho 100,3
1927,One Piece,2
1927,Toradora!,3
1927,Fire Force,2
1927,Vinland Saga,2
1927,KONOSUBA -God's blessing on this wonderful world!,4
1927,Cowboy Bebop,2
1927,One-Punch Man,4
1927,Assassination Classroom,4
1928,Dandadan,4
1928,My Hero Academia,4
1928,Chainsaw Man,4
1928,Mushishi,4
1928,Hunter x Hunter,5
1928,Naruto,3
1928,Steins;Gate,3
1928,Psycho-Pass,2
1928,Demon Slayer: Kimetsu no Yaiba,3
1928,Frieren: Beyond Journey's End,4
1928,Naruto Shippuden,4
1928,Banana Fish,4
1928,Fire Force,4
1928,Attack on Titan,4
1928,Jujutsu Kaisen,4
1928,Fullmetal Alchemist: Brotherhood,4
1928,One Piece,3
1928,One-Punch Man,2
1929,Steins;Gate,5
1929,The Apothecary Diaries,5
1929,Odd Taxi,5
1929,Erased,5
1929,Death Note,5
1929,Attack on Titan,4
1929,Fruits Basket,3
1929,The Promised Neverland,5
1929,Banana Fish,4
1929,Code Geass,3
1929,Kaguya-sama: Love is War,3
1930,One-Punch Man,4
1930,Kaiju No. 8,3
1930,Chainsaw Man,5
1930,Fire Force,4
1930,Dandadan,5
1930,Demon Slayer: Kimetsu no Yaiba,5
1930,Kaguya-sama: Love is War,4
1930,Bleach,4
1930,Naruto Shippuden,4
1930,Solo Leveling,3
1930,KONOSUBA -God's blessing on this wonderful world!,4
1930,Jujutsu Kaisen,4
1930,The Eminence in Shadow,2
1930,Nichijou - My Ordinary Life,4
1930,One Piece,5
1930,Frieren: Beyond Journey's End,2
1930,Assassination Classroom,5
1930,Jojo's Bizarre Adventure,4
1930,Mob Psycho 100,5
1930,Naruto,4
1930,Gintama,3
1930,Spy x Family,4
1930,Mashle: Magic and Muscles,5
1930,Wind Breaker,3
1930,My Hero Academia,4
1931,Psycho-Pass,4
1931,Attack on Titan,5
1931,Laid-Back Camp,4
1931,Skip and Loafer,4
1931,Haikyu!!,5
1931,Nichijou - My Ordinary Life,4
1931,Odd Taxi,4
1931,Code Geass,4
1931,The Apothecary Diaries,4
1931,Banana Fish,4
1932,Yuri!!! on Ice,5
1932,Spy x Family,3
1932,Jujutsu Kaisen,3
1932,Haikyu!!,4
1932,My Hero Academia,3
1932,Erased,2
1932,Wind Breaker,5
1932,Horimiya,3
1932,The Rising of the Shield Hero,2
1932,Blue Lock,5
1932,Kuroko's Basketball,4
1932,Assassination Classroom,4
1932,Free! - Iwatobi Swim Club,5
1932,Made in Abyss,3
1932,Fullmetal Alchemist: Brotherhood,2
1932,Rascal Does Not Dream of Bunny Girl Senpai,3
1932,Sword Art Online,1
1933,Spy x Family,4
1933,One-Punch Man,5
1933,Mob Psycho 100,3
1933,Assassination Classroom,4
1933,The Rising of the Shield Hero,2
1933,Kaguya-sama: Love is War,4
1933,Bocchi the Rock!,5
1933,Mashle: Magic and Muscles,4
1934,Psycho-Pass,3
1934,Steins;Gate,4
1934,Odd Taxi,4
1934,Kuroko's Basketball,5
1934,Assassination Classroom,5
1934,Death Note,5
1934,Code Geass,4
1934,Naruto Shippuden,2
1934,Erased,4
1934,Blue Lock,4
1934,Black Clover,2
1934,The Apothecary Diaries,5
1934,Banana Fish,5
1934,Free! - Iwatobi Swim Club,5
1934,Haikyu!!,4
1934,Yuri!!! on Ice,4
1934,The Promised Neverland,3
1934,Wind Breaker,4
1935,My Dress-Up Darling,3
1935,Spy x Family,5
1935,Rascal Does Not Dream of Bunny Girl Senpai,4
1935,Kaguya-sama: Love is War,5
1935,Dandadan,4
1935,My Hero Academia,2
1935,Banana Fish,1
1935,Vinland Saga,2
1935,Toradora!,5
1935,Neon Genesis Evangelion,2
1935,Fruits Basket,5
1935,Clannad After Story,4
1935,Horimiya,4
1935,The Eminence in Shadow,3
1935,Mob Psycho 100,3
1935,Fullmetal Alchemist: Brotherhood,3
1935,Naruto Shippuden,2
1935,The Apothecary Diaries,3
1935,Laid-Back Camp,2
1935,Your Lie in April,4
1935,Psycho-Pass,1
1935,Frieren: Beyond Journey's End,2
1935,Bocchi the Rock!,3
1936,Dandadan,5
1936,Toradora!,4
1936,Fire Force,3
1936,Kaguya-sama: Love is War,4
1936,Clannad After Story,5
1936,Re:ZERO -Starting Life in Another World-,3
1936,Mushishi,3
1936,Fruits Basket,5
1936,Naruto Shippuden,3
1936,Your Lie in April,4
1936,Cowboy Bebop,2
1936,Horimiya,5
1936,My Dress-Up Darling,5
1936,Wind Breaker,3
1936,Hell's Paradise,3
1936,Made in Abyss,2
1936,Kuroko's Basketball,2
1936,Spy x Family,5
1936,Bocchi the Rock!,3
1936,Rascal Does Not Dream of Bunny Girl Senpai,4
1936,Fullmetal Alchemist: Brotherhood,3
1936,Steins;Gate,2
1936,Hunter x Hunter,3
1937,Mob Psycho 100,5
1937,Nichijou - My Ordinary Life,4
1937,Kaguya-sama: Love is War,5
1937,Gintama,4
1937,Spy x Family,5
1937,Bocchi the Rock!,5
1937,Demon Slayer: Kimetsu no Yaiba,2
1937,Assassination Classroom,5
1937,KONOSUBA -God's blessing on this wonderful world!,5
1937,One-Punch Man,4
1937,Laid-Back Camp,3
1937,Kuroko's Basketball,2
1937,Mashle: Magic and Muscles,5
1937,Free! - Iwatobi Swim Club,1
1938,Assassination Classroom,3
1938,Yuri!!! on Ice,5
1938,Haikyu!!,4
1938,Blue Lock,4
1938,Wind Breaker,4
1938,Dandadan,2
1938,Ranking of Kings,2
1938,Hunter x Hunter,3
1938,Free! - Iwatobi Swim Club,5
1938,Naruto,2
1938,Kuroko's Basketball,3
1938,Mushishi,2
1938,Vinland Saga,2
1938,Odd Taxi,2
1938,My Dress-Up Darling,2
1938,Laid-Back Camp,3
1938,Black Clover,2
1939,Kaguya-sama: Love is War,4
1939,Spy x Family,4
1939,Hunter x Hunter,5
1939,Clannad After Story,4
1939,Toradora!,3
1939,My Dress-Up Darling,4
1939,Horimiya,3
1939,Steins;Gate,4
1939,Vinland Saga,4
1939,Cowboy Bebop,3
1939,Fullmetal Alchemist: Brotherhood,4
1939,Bleach,1
1939,Bocchi the Rock!,2
1940,Gintama,4
1940,Erased,5
1940,Kaiju No. 8,2
1940,Mob Psycho 100,4
1940,Code Geass,4
1940,Kaguya-sama: Love is War,5
1940,Steins;Gate,5
1940,Assassination Classroom,4
1940,The Promised Neverland,4
1940,Psycho-Pass,5
1940,Nichijou - My Ordinary Life,4
1940,Spy x Family,4
1940,Death Note,5
1940,Odd Taxi,4
1940,That Time I Got Reincarnated as a Slime,3
1940,Bocchi the Rock!,5
1940,KONOSUBA -God's blessing on this wonderful world!,4
1940,Banana Fish,4
1941,Dr. Stone,3
1941,Steins;Gate,4
1941,Fullmetal Alchemist: Brotherhood,3
1941,Cowboy Bebop,4
1941,The Apothecary Diaries,3
1941,Laid-Back Camp,4
1941,Attack on Titan,4
1942,Kaguya-sama: Love is War,4
1942,Spy x Family,5
1942,Dandadan,5
1942,Yuri!!! on Ice,4
1942,Fruits Basket,4
1942,Re:ZERO -Starting Life in Another World-,4
1942,Toradora!,5
1942,Horimiya,4
1942,My Dress-Up Darling,4
1942,Odd Taxi,3
1942,The Promised Neverland,3
1942,Clannad After Story,4
1942,Rascal Does Not Dream of Bunny Girl Senpai,5
1942,Naruto,3
1942,Your Lie in April,5
1942,Free! - Iwatobi Swim Club,2
1942,Attack on Titan,3
1942,That Time I Got Reincarnated as a Slime,4
1942,Kaiju No. 8,2
1943,Assassination Classroom,4
1943,Yuri!!! on Ice,4
1943,Haikyu!!,3
1943,Cowboy Bebop,2
1943,Free! - Iwatobi Swim Club,3
1943,Kuroko's Basketball,4
1943,Bleach,1
1943,Wind Breaker,5
1944,Kaguya-sama: Love is War,3
1944,Dragon Ball Super,1
1944,Fruits Basket,3
1944,One Piece,1
1944,My Dress-Up Darling,4
1944,Dandadan,3
1944,Your Lie in April,3
1944,Mob Psycho 100,1
1944,Spy x Family,5
1944,Clannad After Story,3
1944,Cowboy Bebop,2
1944,Fullmetal Alchemist: Brotherhood,2
1944,Frieren: Beyond Journey's End,3
1944,Attack on Titan,2
1944,Rascal Does Not Dream of Bunny Girl Senpai,4
1944,Toradora!,4
1944,Horimiya,4
1944,Kaiju No. 8,2
1944,The Apothecary Diaries,2
1944,The Promised Neverland,3
1944,Kuroko's Basketball,2
1944,Vinland Saga,2
1945,Solo Leveling,4
1945,Overlord,3
1945,Sword Art Online,4
1945,Mushoku Tensei: Jobless Reincarnation,5
1945,KONOSUBA -God's blessing on this wonderful world!,4
1945,Bocchi the Rock!,2
1946,Toradora!,2
1946,The Apothecary Diaries,4
1946,Attack on Titan,4
1946,Odd Taxi,5
1946,Psycho-Pass,5
1946,Jujutsu Kaisen,2
1946,Death Note,5
1946,That Time I Got Reincarnated as a Slime,2
1946,Dandadan,2
1946,Erased,4
1946,Code Geass,5
1946,Made in Abyss,3
1946,Steins;Gate,5
1946,The Promised Neverland,4
1946,Banana Fish,5
1946,Naruto Shippuden,3
1946,Overlord,1
1946,My Dress-Up Darling,3
1947,Solo Leveling,4
1947,Bleach,4
1947,Black Clover,4
1947,Jujutsu Kaisen,4
1947,Wind Breaker,4
1947,Dandadan,4
1947,Naruto,3
1947,Spy x Family,2
1947,One Piece,5
1947,Naruto Shippuden,4
1947,Demon Slayer: Kimetsu no Yaiba,4
1947,Jojo's Bizarre Adventure,4
1947,Kaiju No. 8,5
1947,Cowboy Bebop,2
1947,Dragon Ball Super,4
1947,My Hero Academia,5
1947,Chainsaw Man,5
1947,Hell's Paradise,4
1947,Fruits Basket,3
1947,Fire Force,4
1947,The Promised Neverland,2
1947,Blue Lock,2
1948,Nichijou - My Ordinary Life,3
1948,Dandadan,5
1948,The Promised Neverland,4
1948,Steins;Gate,5
1948,Jujutsu Kaisen,4
1948,Wind Breaker,5
1949,Re:ZERO -Starting Life in Another World-,4
1949,That Time I Got Reincarnated as a Slime,5
1949,The Rising of the Shield Hero,4
1949,Mushoku Tensei: Jobless Reincarnation,4
1949,Mashle: Magic and Muscles,5
1949,Code Geass,2
1949,The Eminence in Shadow,5
1949,Log Horizon,5
1949,Made in Abyss,2
1949,KONOSUBA -God's blessing on this wonderful world!,5
1949,Solo Leveling,5
1950,Vinland Saga,5
1950,Banana Fish,4
1950,Cowboy Bebop,3
1950,Frieren: Beyond Journey's End,4
1950,Fullmetal Alchemist: Brotherhood,5
1950,My Dress-Up Darling,3
1950,Code Geass,2
1950,Mushishi,4
1951,Spy x Family,5
1951,Dr. Stone,5
1951,Blue Lock,2
1951,Haikyu!!,4
1951,The Apothecary Diaries,4
1951,KONOSUBA -God's blessing on this wonderful world!,4
1952,One-Punch Man,3
1952,Naruto Shippuden,5
1952,The Apothecary Diaries,2
1952,One Piece,5
1952,Dragon Ball Super,4
1952,Jojo's Bizarre Adventure,5
1952,Fire Force,3
1952,Demon Slayer: Kimetsu no Yaiba,5
1952,Dandadan,5
1952,My Hero Academia,4
1952,Kuroko's Basketball,3
1952,Code Geass,2
1953,Fruits Basket,5
1953,Bleach,3
1953,Toradora!,4
1953,Hunter x Hunter,3
1953,My Dress-Up Darling,5
1953,Rascal Does Not Dream of Bunny Girl Senpai,4
1953,Nichijou - My Ordinary Life,2
1954,Skip and Loafer,4
1954,Nichijou - My Ordinary Life,3
1954,Laid-Back Camp,5
1954,Wind Breaker,2
1954,Ranking of Kings,4
1954,Black Clover,2
1954,Spy x Family,5
1954,Dr. Stone,4
1954,Hunter x Hunter,3
1954,Bocchi the Rock!,4
1954,The Apothecary Diaries,5
1955,Kaiju No. 8,4
1955,Black Clover,4
1955,Solo Leveling,4
1955,My Hero Academia,4
1955,Jojo's Bizarre Adventure,5
1955,Naruto Shippuden,5
1955,Demon Slayer: Kimetsu no Yaiba,4
1956,Vinland Saga,4
1956,Made in Abyss,4
1956,The Eminence in Shadow,4
1956,Laid-Back Camp,2
1956,Attack on Titan,5
1956,The Rising of the Shield Hero,4
1957,Solo Leveling,4
1957,Fire Force,5
1957,Kaiju No. 8,4
1957,Dandadan,4
1957,Wind Breaker,3
1957,Jujutsu Kaisen,3
1957,Chainsaw Man,4
1957,Mushishi,1
1957,Hell's Paradise,3
1957,Code Geass,2
1957,My Dress-Up Darling,2
1957,Naruto Shippuden,4
1957,The Eminence in Shadow,2
1957,One Piece,3
1957,Bleach,4
1957,Rascal Does Not Dream of Bunny Girl Senpai,2
1957,Kuroko's Basketball,2
1958,Banana Fish,5
1958,Odd Taxi,5
1958,Death Note,4
1958,Fruits Basket,2
1958,Code Geass,4
1958,Steins;Gate,5
1958,Hunter x Hunter,2
1958,Attack on Titan,5
1958,Psycho-Pass,3
1958,Hell's Paradise,2
1958,The Apothecary Diaries,4
1958,The Promised Neverland,4
1958,Erased,3
1958,Assassination Classroom,2
1958,Bleach,3
1958,Mashle: Magic and Muscles,2
1958,Black Clover,2
1958,Chainsaw Man,2
1958,Kuroko's Basketball,2
1959,Odd Taxi,4
1959,Mushishi,2
1959,The Apothecary Diaries,4
1959,Death Note,5
1959,The Rising of the Shield Hero,3
1959,Gintama,4
1959,Attack on Titan,5
1959,Toradora!,4
1959,Erased,4
1959,Psycho-Pass,4
1960,Ranking of Kings,4
1960,Laid-Back Camp,5
1960,Bocchi the Rock!,4
1960,Skip and Loafer,5
1960,Haikyu!!,3
1960,Dr. Stone,5
1960,Overlord,2
1960,Frieren: Beyond Journey's End,5
1960,Jojo's Bizarre Adventure,2
1960,Kuroko's Basketball,1
1960,The Apothecary Diaries,4
1960,Nichijou - My Ordinary Life,4
1961,Kaiju No. 8,3
1961,Banana Fish,4
1961,Mob Psycho 100,5
1961,Bocchi the Rock!,5
1961,Assassination Classroom,5
1961,KONOSUBA -God's blessing on this wonderful world!,5
1961,Kaguya-sama: Love is War,5
1961,Spy x Family,5
1961,Erased,3
1961,Nichijou - My Ordinary Life,3
1961,One-Punch Man,4
1962,Spy x Family,5
1962,Kaguya-sama: Love is War,4
1962,Dandadan,5
1962,Re:ZERO -Starting Life in Another World-,3
1962,Your Lie in April,5
1962,Black Clover,4
1962,Fruits Basket,5
1962,Dr. Stone,3
1962,Wind Breaker,3
1962,Clannad After Story,4
1962,Kuroko's Basketball,3
1962,Made in Abyss,3
1962,Horimiya,5
1962,Ranking of Kings,3
1962,Toradora!,5
1962,Yuri!!! on Ice,3
1962,Rascal Does Not Dream of Bunny Girl Senpai,5
1962,Attack on Titan,4
1962,My Dress-Up Darling,5
1962,Naruto Shippuden,3
1963,Bocchi the Rock!,4
1963,Spy x Family,4
1963,Ranking of Kings,4
1963,Frieren: Beyond Journey's End,4
1963,Laid-Back Camp,5
1963,Skip and Loafer,4
1963,The Apothecary Diaries,3
1963,Odd Taxi,2
1963,Chainsaw Man,2
1963,Nichijou - My Ordinary Life,5
1963,That Time I Got Reincarnated as a Slime,2
1963,Haikyu!!,5
1963,Assassination Classroom,2
1963,Kaguya-sama: Love is War,2
1963,Mushishi,3
1963,Blue Lock,2
1963,Free! - Iwatobi Swim Club,1
1963,Dr. Stone,3
1963,Horimiya,2
1964,Assassination Classroom,5
1964,Blue Lock,4
1964,Free! - Iwatobi Swim Club,3
1964,Ranking of Kings,3
1964,Kuroko's Basketball,3
1964,Demon Slayer: Kimetsu no Yaiba,3
1964,Laid-Back Camp,4
1964,Cowboy Bebop,3
1964,Dandadan,3
1964,Haikyu!!,5
1964,Rascal Does Not Dream of Bunny Girl Senpai,3
1964,Frieren: Beyond Journey's End,3
1964,One-Punch Man,2
1964,Attack on Titan,3
1964,Hunter x Hunter,3
1964,Gintama,2
1965,My Hero Academia,1
1965,Clannad After Story,4
1965,Rascal Does Not Dream of Bunny Girl Senpai,4
1965,Spy x Family,3
1965,My Dress-Up Darling,4
1965,Fruits Basket,4
1965,Horimiya,3
1965,Your Lie in April,4
1965,Mob Psycho 100,1
1965,Vinland Saga,2
1965,Toradora!,3
1965,Dandadan,4
1965,Mashle: Magic and Muscles,2
1965,Erased,2
1965,Made in Abyss,2
1965,The Rising of the Shield Hero,2
1965,Gintama,2
1965,Overlord,1
1966,Rascal Does Not Dream of Bunny Girl Senpai,4
1966,Dandadan,4
1966,Your Lie in April,4
1966,Assassination Classroom,3
1966,Fruits Basket,5
1966,Mob Psycho 100,5
1966,My Dress-Up Darling,4
1966,Horimiya,4
1966,Kaguya-sama: Love is War,4
1966,Ranking of Kings,3
1966,Gintama,5
1966,Spy x Family,4
1966,Bocchi the Rock!,4
1966,Hunter x Hunter,3
1966,Toradora!,4
1966,KONOSUBA -God's blessing on this wonderful world!,4
1966,Naruto,1
1967,Fruits Basket,4
1967,Vinland Saga,1
1967,Neon Genesis Evangelion,2
1967,Frieren: Beyond Journey's End,5
1967,Mushoku Tensei: Jobless Reincarnation,2
1967,Dr. Stone,3
1967,Haikyu!!,3
1967,Laid-Back Camp,3
1967,Skip and Loafer,4
1967,Ranking of Kings,4
1967,The Apothecary Diaries,4
1967,Bocchi the Rock!,4
1967,Gintama,1
1967,Blue Lock,3
1967,Demon Slayer: Kimetsu no Yaiba,2
1967,Nichijou - My Ordinary Life,3
1967,Mushishi,4
1967,Rascal Does Not Dream of Bunny Girl Senpai,1
1967,Log Horizon,1
1968,Free! - Iwatobi Swim Club,5
1968,Wind Breaker,4
1968,Haikyu!!,5
1968,Kuroko's Basketball,5
1968,Yuri!!! on Ice,5
1968,Jujutsu Kaisen,4
1968,Blue Lock,4
1968,Made in Abyss,2
1968,Sword Art Online,3
1968,One Piece,4
1968,Assassination Classroom,5
1968,Nichijou - My Ordinary Life,3
1968,Mashle: Magic and Muscles,3
1968,My Dress-Up Darling,3
1968,My Hero Academia,3
1968,Clannad After Story,4
1968,Bocchi the Rock!,3
1968,Vinland Saga,3
1968,Dr. Stone,4
1968,Code Geass,4
1968,Frieren: Beyond Journey's End,4
1969,KONOSUBA -God's blessing on this wonderful world!,4
1969,The Rising of the Shield Hero,4
1969,That Time I Got Reincarnated as a Slime,3
1969,Mashle: Magic and Muscles,4
1969,Mob Psycho 100,4
1969,Log Horizon,4
1969,Assassination Classroom,3
1969,Your Lie in April,1
1969,Bocchi the Rock!,4
1970,Steins;Gate,4
1970,Odd Taxi,5
1970,The Apothecary Diaries,3
1970,Attack on Titan,4
1970,Death Note,5
1970,Cowboy Bebop,2
1970,The Promised Neverland,4
1970,Banana Fish,4
1970,Re:ZERO -Starting Life in Another World-,2
1970,Wind Breaker,2
1970,Erased,4
1970,Ranking of Kings,2
1970,Overlord,1
1970,Demon Slayer: Kimetsu no Yaiba,2
1970,Dandadan,1
1970,Code Geass,3
1970,Kuroko's Basketball,2
1970,Fullmetal Alchemist: Brotherhood,2
1970,Psycho-Pass,3
1970,Gintama,1
1970,Frieren: Beyond Journey's End,1
1970,My Dress-Up Darling,1
1970,KONOSUBA -God's blessing on this wonderful world!,1
1971,Wind Breaker,5
1971,Yuri!!! on Ice,5
1971,Assassination Classroom,5
1971,Toradora!,4
1971,Demon Slayer: Kimetsu no Yaiba,4
1971,Haikyu!!,5
1971,Horimiya,2
1971,Death Note,3
1971,Frieren: Beyond Journey's End,4
1971,Kuroko's Basketball,5
1971,Blue Lock,5
1971,Spy x Family,3
1971,Steins;Gate,3
1971,Your Lie in April,3
1971,Erased,2
1971,Fruits Basket,4
1971,Vinland Saga,4
1971,Fire Force,2
1971,The Promised Neverland,3
1971,Fullmetal Alchemist: Brotherhood,3
1971,Free! - Iwatobi Swim Club,5
1971,Mob Psycho 100,3
1971,Attack on Titan,3
1972,That Time I Got Reincarnated as a Slime,5
1972,Mushoku Tensei: Jobless Reincarnation,4
1972,KONOSUBA -God's blessing on this wonderful world!,3
1972,Overlord,4
1972,Fullmetal Alchemist: Brotherhood,3
1972,Solo Leveling,4
1972,My Hero Academia,2
1973,Erased,4
1973,Death Note,5
1973,Code Geass,4
1973,Odd Taxi,3
1973,Steins;Gate,4
1973,Laid-Back Camp,3
1973,Re:ZERO -Starting Life in Another World-,3
1973,Psycho-Pass,4
1973,Cowboy Bebop,1
1973,The Apothecary Diaries,5
1973,The Rising of the Shield Hero,2
1973,Hell's Paradise,2
1973,Jujutsu Kaisen,2
1973,Bleach,2
1973,The Promised Neverland,5
1973,Your Lie in April,2
1973,Dr. Stone,1
1973,Haikyu!!,1
1973,Bocchi the Rock!,2
1973,Toradora!,2
1974,Dandadan,3
1974,Rascal Does Not Dream of Bunny Girl Senpai,4
1974,Fruits Basket,4
1974,Vinland Saga,3
1974,My Hero Academia,2
1974,Psycho-Pass,2
1974,Mob Psycho 100,2
1974,Your Lie in April,4
1974,Kaguya-sama: Love is War,4
1974,Toradora!,4
1974,Jojo's Bizarre Adventure,2
1974,The Apothecary Diaries,3
1974,Code Geass,3
1974,Free! - Iwatobi Swim Club,3
1974,Horimiya,3
1974,Clannad After Story,5
1974,My Dress-Up Darling,4
1974,Spy x Family,4
1974,Yuri!!! on Ice,1
1974,Hunter x Hunter,2
1975,Jojo's Bizarre Adventure,4
1975,Naruto Shippuden,3
1975,Spy x Family,3
1975,Haikyu!!,3
1975,Dr. Stone,3
1975,Dragon Ball Super,4
1975,Bocchi the Rock!,4
1975,Mushishi,3
1975,Solo Leveling,5
1975,My Hero Academia,4
1975,Naruto,4
1976,Skip and Loafer,2
1976,Spy x Family,4
1976,KONOSUBA -God's blessing on this wonderful world!,5
1976,Mashle: Magic and Muscles,4
1976,Fullmetal Alchemist: Brotherhood,3
1976,Free! - Iwatobi Swim Club,4
1976,Toradora!,5
1976,Fruits Basket,5
1976,Clannad After Story,5
1976,Gintama,5
1977,Yuri!!! on Ice,3
1977,Wind Breaker,3
1977,Made in Abyss,3
1977,Assassination Classroom,3
1977,Laid-Back Camp,3
1977,Spy x Family,3
1977,Frieren: Beyond Journey's End,4
1977,The Rising of the Shield Hero,1
1977,Gintama,4
1977,Tokyo Ghoul,1
1977,Attack on Titan,4
1977,Hunter x Hunter,4
1977,Naruto Shippuden,2
1977,Steins;Gate,4
1977,Kuroko's Basketball,3
1977,Neon Genesis Evangelion,3
1977,Banana Fish,3
1977,My Dress-Up Darling,2
1977,Fullmetal Alchemist: Brotherhood,4
1977,Vinland Saga,5
1977,Haikyu!!,4
1977,Blue Lock,3
1977,Mushishi,3
1978,Rascal Does Not Dream of Bunny Girl Senpai,2
1978,Mashle: Magic and Muscles,3
1978,Spy x Family,4
1978,Mob Psycho 100,3
1978,Bocchi the Rock!,4
1978,Kaguya-sama: Love is War,3
1978,Nichijou - My Ordinary Life,3
1978,That Time I Got Reincarnated as a Slime,1
1978,Gintama,3
1978,Dr. Stone,1
1978,Demon Slayer: Kimetsu no Yaiba,2
1978,One-Punch Man,4
1978,KONOSUBA -God's blessing on this wonderful world!,3
1978,Fruits Basket,2
1978,Kuroko's Basketball,2
1978,Assassination Classroom,4
1978,Death Note,2
1978,Attack on Titan,2
1979,Haikyu!!,4
1979,Kuroko's Basketball,4
1979,My Hero Academia,2
1979,Wind Breaker,4
1979,Re:ZERO -Starting Life in Another World-,3
1979,Spy x Family,2
1979,Yuri!!! on Ice,3
1979,Free! - Iwatobi Swim Club,4
1979,That Time I Got Reincarnated as a Slime,1
1979,Blue Lock,4
1979,Assassination Classroom,3
1979,Vinland Saga,2
1979,Fruits Basket,3
1979,Naruto,1
1979,Code Geass,1
1979,Dr. Stone,1
1980,Kaguya-sama: Love is War,4
1980,Toradora!,5
1980,Clannad After Story,5
1980,My Dress-Up Darling,5
1980,Horimiya,4
1980,Laid-Back Camp,1
1980,Rascal Does Not Dream of Bunny Girl Senpai,4
1980,Dandadan,4
1980,Spy x Family,4
1980,Your Lie in April,5
1980,Demon Slayer: Kimetsu no Yaiba,2
1980,Made in Abyss,2
1980,KONOSUBA -God's blessing on this wonderful world!,2
1980,Fruits Basket,5
1980,Solo Leveling,2
1980,Blue Lock,2
1980,Ranking of Kings,2
1980,The Eminence in Shadow,3
1980,Steins;Gate,3
1980,Dr. Stone,3
1981,Haikyu!!,3
1981,Attack on Titan,5
1981,Banana Fish,5
1981,One Piece,2
1981,Death Note,5
1981,The Apothecary Diaries,5
1981,Odd Taxi,4
1981,Erased,4
1981,The Promised Neverland,4
1981,Ranking of Kings,4
1982,Attack on Titan,5
1982,Code Geass,2
1982,Steins;Gate,5
1982,Vinland Saga,4
1982,Gintama,5
1982,Dr. Stone,3
1982,Jujutsu Kaisen,2
1982,Cowboy Bebop,4
1982,Hunter x Hunter,3
1982,Toradora!,3
1982,Fullmetal Alchemist: Brotherhood,4
1983,Assassination Classroom,3
1983,Steins;Gate,5
1983,Mushishi,3
1983,Dandadan,1
1983,Vinland Saga,3
1983,Cowboy Bebop,3
1983,Fullmetal Alchemist: Brotherhood,4
1983,Hunter x Hunter,3
1983,Psycho-Pass,1
1983,Frieren: Beyond Journey's End,4
1983,Gintama,3
1983,Attack on Titan,4
1983,Made in Abyss,3
1983,Odd Taxi,3
1983,Black Clover,3
1983,Naruto Shippuden,2
1983,Bocchi the Rock!,2
1983,Code Geass,2
1983,Banana Fish,4
1984,Wind Breaker,4
1984,Assassination Classroom,4
1984,Kaiju No. 8,2
1984,Blue Lock,4
1984,Yuri!!! on Ice,3
1984,Kuroko's Basketball,4
1984,Dragon Ball Super,2
1984,The Eminence in Shadow,1
1984,The Promised Neverland,2
1984,Toradora!,3
1984,Haikyu!!,4
1984,The Apothecary Diaries,2
1984,Made in Abyss,2
1985,Attack on Titan,5
1985,Yuri!!! on Ice,4
1985,Vinland Saga,5
1985,Gintama,5
1985,Steins;Gate,5
1985,Haikyu!!,5
1985,Mushishi,5
1985,Neon Genesis Evangelion,3
1986,Spy x Family,3
1986,Kuroko's Basketball,3
1986,Haikyu!!,5
1986,Wind Breaker,4
1986,Blue Lock,3
1986,Assassination Classroom,3
1986,Frieren: Beyond Journey's End,2
1986,Free! - Iwatobi Swim Club,3
1986,Sword Art Online,1
1986,That Time I Got Reincarnated as a Slime,1
1986,Chainsaw Man,2
1986,Death Note,1
1987,Hell's Paradise,5
1987,Spy x Family,5
1987,Bocchi the Rock!,5
1987,Mob Psycho 100,5
1987,Kaguya-sama: Love is War,4
1987,Demon Slayer: Kimetsu no Yaiba,5
1988,KONOSUBA -God's blessing on this wonderful world!,3
1988,Assassination Classroom,4
1988,Kaiju No. 8,2
1988,Dandadan,2
1988,One-Punch Man,4
1988,Vinland Saga,2
1988,Made in Abyss,3
1988,Kaguya-sama: Love is War,4
1988,Gintama,3
1988,Nichijou - My Ordinary Life,3
1988,Mashle: Magic and Muscles,4
1988,Bocchi the Rock!,4
1988,Horimiya,2
1988,Spy x Family,4
1988,Psycho-Pass,1
1988,Erased,1
1988,Mob Psycho 100,4
1988,Solo Leveling,1
1988,Rascal Does Not Dream of Bunny Girl Senpai,2
1988,Fruits Basket,2
1989,Erased,3
1989,Steins;Gate,4
1989,Jojo's Bizarre Adventure,3
1989,Attack on Titan,4
1989,One Piece,2
1989,The Apothecary Diaries,4
1989,Dandadan,1
1989,Code Geass,3
1989,Rascal Does Not Dream of Bunny Girl Senpai,2
1989,Odd Taxi,3
1989,Death Note,4
1989,Kuroko's Basketball,1
1989,Blue Lock,1
1989,Frieren: Beyond Journey's End,1
1989,The Promised Neverland,3
1989,Psycho-Pass,2
1989,Nichijou - My Ordinary Life,1
1989,Jujutsu Kaisen,2
1989,Fruits Basket,2
1989,Banana Fish,3
1990,Spy x Family,5
1990,Nichijou - My Ordinary Life,4
1990,Assassination Classroom,5
1990,Mashle: Magic and Muscles,4
1990,Bocchi the Rock!,5
1990,Dr. Stone,5
1990,Frieren: Beyond Journey's End,4
1990,Made in Abyss,3
1990,One Piece,3
1990,Free! - Iwatobi Swim Club,2
1990,The Apothecary Diaries,4
1990,Haikyu!!,5
1990,One-Punch Man,4
1990,Neon Genesis Evangelion,3
1990,Dragon Ball Super,3
1990,Laid-Back Camp,5
1990,KONOSUBA -God's blessing on this wonderful world!,4
1991,Laid-Back Camp,5
1991,Made in Abyss,1
1991,The Apothecary Diaries,4
1991,Haikyu!!,4
1991,Spy x Family,4
1991,Bocchi the Rock!,4
1991,Skip and Loafer,5
1991,Nichijou - My Ordinary Life,4
1991,Dr. Stone,4
1991,Your Lie in April,3
1991,Naruto,3
1991,Frieren: Beyond Journey's End,3
1991,Ranking of Kings,4
1991,Steins;Gate,2
1991,Black Clover,1
1991,Demon Slayer: Kimetsu no Yaiba,2
1991,Dandadan,2
1991,Banana Fish,1
1991,Mashle: Magic and Muscles,2
1991,KONOSUBA -God's blessing on this wonderful world!,2
1991,One Piece,3
1991,Mushishi,3
1992,Banana Fish,5
1992,Attack on Titan,4
1992,Kaguya-sama: Love is War,2
1992,Death Note,4
1992,The Apothecary Diaries,4
1992,Jujutsu Kaisen,3
1992,Dr. Stone,2
1992,Tokyo Ghoul,2
1992,The Promised Neverland,3
1992,Odd Taxi,4
1992,Erased,5
1992,The Eminence in Shadow,2
1992,Code Geass,4
1992,Naruto Shippuden,3
1992,Black Clover,2
1992,Steins;Gate,4
1992,Haikyu!!,2
1992,Laid-Back Camp,1
1992,Psycho-Pass,4
1992,Re:ZERO -Starting Life in Another World-,2
1993,Kaguya-sama: Love is War,3
1993,My Hero Academia,4
1993,Wind Breaker,2
1993,Jujutsu Kaisen,4
1993,Solo Leveling,4
1993,Demon Slayer: Kimetsu no Yaiba,3
1993,Hell's Paradise,3
1993,Code Geass,1
1993,Horimiya,3
1994,Erased,5
1994,Code Geass,5
1994,Steins;Gate,5
1994,Attack on Titan,4
1994,The Eminence in Shadow,2
1994,Banana Fish,4
1994,The Promised Neverland,4
1994,Death Note,5
1994,Psycho-Pass,3
1994,Odd Taxi,4
1994,Naruto Shippuden,2
1994,Laid-Back Camp,3
1994,Haikyu!!,2
1994,Black Clover,2
1994,The Apothecary Diaries,4
1994,One-Punch Man,3
1994,Dandadan,2
1994,Mob Psycho 100,3
1994,Ranking of Kings,2
1994,Assassination Classroom,3
1994,Hunter x Hunter,2
1994,Rascal Does Not Dream of Bunny Girl Senpai,2
1994,Kaguya-sama: Love is War,2
1995,Erased,5
1995,The Apothecary Diaries,5
1995,Steins;Gate,3
1995,Gintama,4
1995,Odd Taxi,4
1995,My Dress-Up Darling,3
1995,Kaguya-sama: Love is War,5
1995,Attack on Titan,4
1995,Spy x Family,5
1995,Banana Fish,4
1995,Wind Breaker,3
1995,One-Punch Man,5
1995,Mob Psycho 100,5
1995,KONOSUBA -God's blessing on this wonderful world!,5
1995,Bocchi the Rock!,5
1995,Free! - Iwatobi Swim Club,2
1995,Mashle: Magic and Muscles,5
1995,Death Note,5
1995,Assassination Classroom,4
1995,Code Geass,5
1995,Psycho-Pass,5
1996,Overlord,4
1996,The Eminence in Shadow,4
1996,The Rising of the Shield Hero,5
1996,Naruto Shippuden,2
1996,Mashle: Magic and Muscles,3
1996,That Time I Got Reincarnated as a Slime,4
1996,KONOSUBA -God's blessing on this wonderful world!,3
1996,Mushoku Tensei: Jobless Reincarnation,5
1996,Re:ZERO -Starting Life in Another World-,3
1996,Solo Leveling,5
1996,Frieren: Beyond Journey's End,3
1996,Log Horizon,3
1996,Mob Psycho 100,1
1996,Made in Abyss,3
1996,Sword Art Online,3
1996,Yuri!!! on Ice,2
1996,Fire Force,2
1996,Psycho-Pass,1
1996,Laid-Back Camp,2
1996,Attack on Titan,3
1996,Kaguya-sama: Love is War,1
1996,Hunter x Hunter,3
1996,Toradora!,2
1996,Rascal Does Not Dream of Bunny Girl Senpai,1
1997,Nichijou - My Ordinary Life,3
1997,Haikyu!!,4
1997,Solo Leveling,2
1997,Bocchi the Rock!,4
1997,Kuroko's Basketball,4
1997,Assassination Classroom,4
1997,Free! - Iwatobi Swim Club,3
1997,Hell's Paradise,2
1997,Mob Psycho 100,3
1997,KONOSUBA -God's blessing on this wonderful world!,4
1997,Blue Lock,3
1997,Gintama,4
1997,Spy x Family,4
1997,Banana Fish,1
1997,The Eminence in Shadow,2
1997,One Piece,2
1997,Code Geass,3
1997,My Dress-Up Darling,2
1997,Kaguya-sama: Love is War,4
1997,Yuri!!! on Ice,3
1998,Yuri!!! on Ice,4
1998,Kuroko's Basketball,5
1998,Wind Breaker,4
1998,Demon Slayer: Kimetsu no Yaiba,2
1998,Kaiju No. 8,1
1998,Free! - Iwatobi Swim Club,3
1998,Haikyu!!,4
1998,Mushoku Tensei: Jobless Reincarnation,2
1998,Assassination Classroom,4
1998,Ranking of Kings,3
1998,Solo Leveling,1
1998,The Rising of the Shield Hero,1
1999,Hunter x Hunter,4
1999,Attack on Titan,5
1999,Neon Genesis Evangelion,3
1999,Mushishi,4
1999,Vinland Saga,4
1999,Gintama,4
1999,Haikyu!!,3
1999,Fullmetal Alchemist: Brotherhood,5
1999,Steins;Gate,5
1999,Ranking of Kings,2
1999,Made in Abyss,4
1999,Overlord,2
1999,Death Note,2
1999,That Time I Got Reincarnated as a Slime,2
1999,Jojo's Bizarre Adventure,2
2000,Free! - Iwatobi Swim Club,3
2000,Dandadan,5
2000,Toradora!,3
2000,Kaguya-sama: Love is War,5
2000,Your Lie in April,5
2000,Spy x Family,3
2000,Clannad After Story,4
2000,Horimiya,5
2000,Log Horizon,3
